/* TOTAL OF 0 ERRORS WHILE BUILDING METADATA STRUCTURE. */
BEGIN TRANSACTION;
/* TABLE LOCAL */
/* NULL INSERTION FOR ATTRIBUTETAMANHOAT TABLELOCAL */
INSERT INTO LOCAL ( CIDADE, RUA, NUMERO, NOME, TELEFONE, TAMANHO, PRECO )
	VALUES ( 'Ramos', 'Conjunto Moreira', 378000, 'Ana Clara Araújo', '(40)941361818', NULL, 99404.86 );
INSERT INTO LOCAL ( CIDADE, RUA, NUMERO, NOME, TELEFONE, TAMANHO, PRECO )
	VALUES ( 'Alves do Oeste', 'Quadra de Ferreira', 560828, 'Sra. Raquel Ribeiro', '(74)982886302', 859479, 83651.66 );
INSERT INTO LOCAL ( CIDADE, RUA, NUMERO, NOME, TELEFONE, TAMANHO, PRECO )
	VALUES ( 'Barros do Galho', 'Sítio Moura', 886251, 'João Miguel Azevedo', '(42)924317037', 489153, 49272.81 );
INSERT INTO LOCAL ( CIDADE, RUA, NUMERO, NOME, TELEFONE, TAMANHO, PRECO )
	VALUES ( 'Teixeira', 'Área Enzo Gabriel Costela', 247705, 'Sr. Vitor da Mata', '(02)906165664', 577716, 41009.96 );
INSERT INTO LOCAL ( CIDADE, RUA, NUMERO, NOME, TELEFONE, TAMANHO, PRECO )
	VALUES ( 'Almeida', 'Avenida da Cruz', 345335, 'Joaquim Rocha', '(31)903430104', 593759, 37126.11 );
INSERT INTO LOCAL ( CIDADE, RUA, NUMERO, NOME, TELEFONE, TAMANHO, PRECO )
	VALUES ( 'das Neves de Minas', 'Morro de Ramos', 613808, 'Lucas da Cunha', '(27)956235028', 373020, 19905.55 );

/* TABLE PESSOA */
/* NULL INSERTION FOR ATTRIBUTEEMAILAT TABLEPESSOA */
INSERT INTO PESSOA ( CPF, NOME, TELEFONE, CIDADE, RUA, NUMERO, EMAIL )
	VALUES ( '528.390.647-74', 'Joaquim da Rosa', '(87)914545345', 'da Conceição de Minas', 'Trecho da Mata', 847067, NULL );
/* NULL INSERTION FOR ATTRIBUTENUMEROAT TABLEPESSOA */
INSERT INTO PESSOA ( CPF, NOME, TELEFONE, CIDADE, RUA, NUMERO, EMAIL )
	VALUES ( '604.293.751-15', 'Dr. Theo Fogaça', '(65)978712344', 'da Mata do Norte', 'Viela Freitas', NULL, 'eda-paz@hotmail.com' );
/* NULL INSERTION FOR ATTRIBUTERUAAT TABLEPESSOA */
INSERT INTO PESSOA ( CPF, NOME, TELEFONE, CIDADE, RUA, NUMERO, EMAIL )
	VALUES ( '067.528.943-29', 'Juliana Souza', '(81)907232065', 'Cavalcanti de Silva', NULL, 651163, 'sofia02@ig.com.br' );
/* NULL INSERTION FOR ATTRIBUTECIDADEAT TABLEPESSOA */
INSERT INTO PESSOA ( CPF, NOME, TELEFONE, CIDADE, RUA, NUMERO, EMAIL )
	VALUES ( '048.693.517-57', 'Ana Silveira', '(03)985743632', NULL, 'Núcleo Martins', 147298, 'epereira@bol.com.br' );
INSERT INTO PESSOA ( CPF, NOME, TELEFONE, CIDADE, RUA, NUMERO, EMAIL )
	VALUES ( '987.401.356-75', 'Fernanda Gomes', '(12)924013703', 'Pereira', 'Vereda de Silva', 625293, 'isisnascimento@ig.com.br' );
INSERT INTO PESSOA ( CPF, NOME, TELEFONE, CIDADE, RUA, NUMERO, EMAIL )
	VALUES ( '168.032.479-96', 'Noah Vieira', '(25)987005562', 'Pereira', 'Feira de Porto', 268407, 'caiovieira@bol.com.br' );
INSERT INTO PESSOA ( CPF, NOME, TELEFONE, CIDADE, RUA, NUMERO, EMAIL )
	VALUES ( '634.921.708-11', 'Dr. Daniel das Neves', '(12)963504314', 'da Costa Grande', 'Via da Costa', 594793, 'valves@bol.com.br' );
INSERT INTO PESSOA ( CPF, NOME, TELEFONE, CIDADE, RUA, NUMERO, EMAIL )
	VALUES ( '938.725.461-55', 'Sr. Emanuel Peixoto', '(60)983754267', 'Ribeiro', 'Esplanada Almeida', 551148, 'nathanalves@yahoo.com.br' );
INSERT INTO PESSOA ( CPF, NOME, TELEFONE, CIDADE, RUA, NUMERO, EMAIL )
	VALUES ( '890.271.345-88', 'Stephany Duarte', '(11)925418520', 'da Mota', 'Trecho Clara Costela', 293765, 'kdas-neves@bol.com.br' );

/* TABLE EVENTO */
/* NULL INSERTION FOR ATTRIBUTEPRECO_COMBINADO_LOCALAT TABLEEVENTO */
INSERT INTO EVENTO ( LOCAL, DATA, HORA_INICIO, HORA_FIM, TIPO, CONTRATANTE, DURACAO, QTD_PARTICIPANTES, QTD_FUNCIONARIOS, PRECO, PRECO_COMBINADO_LOCAL )
	VALUES ( 5, to_date ('2017-08-04', 'YYYY-MM-DD'), '01:10:16', '18:45:26', 'Mollitia ', '168.032.479-96', 202414, 575868, 775584, 67652.37, NULL );
/* NULL INSERTION FOR ATTRIBUTEPRECOAT TABLEEVENTO */
INSERT INTO EVENTO ( LOCAL, DATA, HORA_INICIO, HORA_FIM, TIPO, CONTRATANTE, DURACAO, QTD_PARTICIPANTES, QTD_FUNCIONARIOS, PRECO, PRECO_COMBINADO_LOCAL )
	VALUES ( 3, to_date ('2016-04-09', 'YYYY-MM-DD'), '21:21:17', '17:21:25', 'Distincti', '987.401.356-75', 414950, 882972, 828045, NULL, 66864.24 );
/* NULL INSERTION FOR ATTRIBUTEQTD_FUNCIONARIOSAT TABLEEVENTO */
INSERT INTO EVENTO ( LOCAL, DATA, HORA_INICIO, HORA_FIM, TIPO, CONTRATANTE, DURACAO, QTD_PARTICIPANTES, QTD_FUNCIONARIOS, PRECO, PRECO_COMBINADO_LOCAL )
	VALUES ( 5, to_date ('2014-07-25', 'YYYY-MM-DD'), '08:08:52', '21:39:21', 'Pariatur ', '890.271.345-88', 430376, 436620, NULL, 22631.84, 11105.25 );
/* NULL INSERTION FOR ATTRIBUTEQTD_PARTICIPANTESAT TABLEEVENTO */
INSERT INTO EVENTO ( LOCAL, DATA, HORA_INICIO, HORA_FIM, TIPO, CONTRATANTE, DURACAO, QTD_PARTICIPANTES, QTD_FUNCIONARIOS, PRECO, PRECO_COMBINADO_LOCAL )
	VALUES ( 2, to_date ('2007-01-22', 'YYYY-MM-DD'), '18:53:48', '01:06:15', 'Neque quo', '938.725.461-55', 726166, NULL, 457900, 38158.54, 98047.42 );
/* NULL INSERTION FOR ATTRIBUTEDURACAOAT TABLEEVENTO */
INSERT INTO EVENTO ( LOCAL, DATA, HORA_INICIO, HORA_FIM, TIPO, CONTRATANTE, DURACAO, QTD_PARTICIPANTES, QTD_FUNCIONARIOS, PRECO, PRECO_COMBINADO_LOCAL )
	VALUES ( 1, to_date ('2014-10-10', 'YYYY-MM-DD'), '20:18:06', '05:25:53', 'Ea simili', '890.271.345-88', NULL, 487635, 408238, 10389.43, 35234.63 );
/* NULL INSERTION FOR ATTRIBUTEHORA_FIMAT TABLEEVENTO */
INSERT INTO EVENTO ( LOCAL, DATA, HORA_INICIO, HORA_FIM, TIPO, CONTRATANTE, DURACAO, QTD_PARTICIPANTES, QTD_FUNCIONARIOS, PRECO, PRECO_COMBINADO_LOCAL )
	VALUES ( 3, to_date ('2002-05-12', 'YYYY-MM-DD'), '02:57:27', NULL, 'Totam dol', '890.271.345-88', 507670, 620141, 799275, 52400.64, 59681.48 );
INSERT INTO EVENTO ( LOCAL, DATA, HORA_INICIO, HORA_FIM, TIPO, CONTRATANTE, DURACAO, QTD_PARTICIPANTES, QTD_FUNCIONARIOS, PRECO, PRECO_COMBINADO_LOCAL )
	VALUES ( 5, to_date ('2000-02-17', 'YYYY-MM-DD'), '22:56:20', '12:19:18', 'Fuga reru', '938.725.461-55', 355020, 812961, 818907, 93310.72, 44807.95 );
INSERT INTO EVENTO ( LOCAL, DATA, HORA_INICIO, HORA_FIM, TIPO, CONTRATANTE, DURACAO, QTD_PARTICIPANTES, QTD_FUNCIONARIOS, PRECO, PRECO_COMBINADO_LOCAL )
	VALUES ( 1, to_date ('2014-01-07', 'YYYY-MM-DD'), '13:00:47', '02:39:03', 'Voluptatu', '938.725.461-55', 671354, 779853, 721140, 72914.67, 88072.06 );
INSERT INTO EVENTO ( LOCAL, DATA, HORA_INICIO, HORA_FIM, TIPO, CONTRATANTE, DURACAO, QTD_PARTICIPANTES, QTD_FUNCIONARIOS, PRECO, PRECO_COMBINADO_LOCAL )
	VALUES ( 3, to_date ('2004-07-19', 'YYYY-MM-DD'), '02:49:48', '09:27:04', 'Voluptate', '634.921.708-11', 608663, 428938, 849460, 74244.5, 70149.18 );
INSERT INTO EVENTO ( LOCAL, DATA, HORA_INICIO, HORA_FIM, TIPO, CONTRATANTE, DURACAO, QTD_PARTICIPANTES, QTD_FUNCIONARIOS, PRECO, PRECO_COMBINADO_LOCAL )
	VALUES ( 1, to_date ('2016-12-18', 'YYYY-MM-DD'), '17:56:16', '09:11:18', 'Voluptas ', '890.271.345-88', 726265, 325270, 710014, 81147.39, 5004.6 );
INSERT INTO EVENTO ( LOCAL, DATA, HORA_INICIO, HORA_FIM, TIPO, CONTRATANTE, DURACAO, QTD_PARTICIPANTES, QTD_FUNCIONARIOS, PRECO, PRECO_COMBINADO_LOCAL )
	VALUES ( 3, to_date ('2011-07-16', 'YYYY-MM-DD'), '13:49:44', '05:23:50', 'Quisquam ', '938.725.461-55', 511460, 471297, 634676, 93025.3, 16063.14 );

/* TABLE PARTICIPA */
/* NULL INSERTION FOR ATTRIBUTEHORA_SAIDAAT TABLEPARTICIPA */
INSERT INTO PARTICIPA ( PESSOA, EVENTO, HORA_ENTRADA, HORA_SAIDA )
	VALUES ( '938.725.461-55', 3, '01:16:46', NULL );
/* NULL INSERTION FOR ATTRIBUTEHORA_ENTRADAAT TABLEPARTICIPA */
INSERT INTO PARTICIPA ( PESSOA, EVENTO, HORA_ENTRADA, HORA_SAIDA )
	VALUES ( '890.271.345-88', 3, NULL, '02:24:33' );
INSERT INTO PARTICIPA ( PESSOA, EVENTO, HORA_ENTRADA, HORA_SAIDA )
	VALUES ( '890.271.345-88', 5, '14:28:53', '19:51:21' );
INSERT INTO PARTICIPA ( PESSOA, EVENTO, HORA_ENTRADA, HORA_SAIDA )
	VALUES ( '987.401.356-75', 1, '10:09:16', '12:55:49' );
INSERT INTO PARTICIPA ( PESSOA, EVENTO, HORA_ENTRADA, HORA_SAIDA )
	VALUES ( '634.921.708-11', 2, '08:33:23', '11:03:21' );
INSERT INTO PARTICIPA ( PESSOA, EVENTO, HORA_ENTRADA, HORA_SAIDA )
	VALUES ( '987.401.356-75', 4, '16:56:55', '12:47:49' );
INSERT INTO PARTICIPA ( PESSOA, EVENTO, HORA_ENTRADA, HORA_SAIDA )
	VALUES ( '168.032.479-96', 1, '23:20:41', '11:09:13' );

/* TABLE TURMA */
INSERT INTO TURMA ( UNIVERSIDADE, ANO, CURSO, REPRESENTANTE, FORMATURA )
	VALUES ( 'Error perferendis harum. Qui', 629925, 'Ator', '938.725.461-55', 3 );
INSERT INTO TURMA ( UNIVERSIDADE, ANO, CURSO, REPRESENTANTE, FORMATURA )
	VALUES ( 'Ea necessitatibus qu', 413017, 'Operador de vídeo', '634.921.708-11', 2 );
INSERT INTO TURMA ( UNIVERSIDADE, ANO, CURSO, REPRESENTANTE, FORMATURA )
	VALUES ( 'Temporibus saepe rem', 597570, 'Conferente de carga e descarga', '890.271.345-88', 5 );
INSERT INTO TURMA ( UNIVERSIDADE, ANO, CURSO, REPRESENTANTE, FORMATURA )
	VALUES ( 'Officiis ut officia provident. Minus ', 801426, 'Ortoptista', '938.725.461-55', 4 );
INSERT INTO TURMA ( UNIVERSIDADE, ANO, CURSO, REPRESENTANTE, FORMATURA )
	VALUES ( 'Dolores rem sed commodi. Consequuntur', 159643, 'Militar do Exército', '938.725.461-55', 2 );

/* TABLE CARGO */
/* NULL INSERTION FOR ATTRIBUTEPRECOHAT TABLECARGO */
INSERT INTO CARGO ( NOME, PRECOH )
	VALUES ( 'Dr. João Vitor Silva', NULL );
INSERT INTO CARGO ( NOME, PRECOH )
	VALUES ( 'Dr. Nathan Mendes', 78000.88 );
INSERT INTO CARGO ( NOME, PRECOH )
	VALUES ( 'Maria Fernanda Martins', 55216.22 );
INSERT INTO CARGO ( NOME, PRECOH )
	VALUES ( 'Dr. Kevin Moreira', 49079.12 );
INSERT INTO CARGO ( NOME, PRECOH )
	VALUES ( 'Marcelo Araújo', 53724.15 );
INSERT INTO CARGO ( NOME, PRECOH )
	VALUES ( 'Bianca Silva', 23931.38 );

/* TABLE EMPRESA_FUNCIONARIO */
/* NULL INSERTION FOR ATTRIBUTENOMEAT TABLEEMPRESA_FUNCIONARIO */
INSERT INTO EMPRESA_FUNCIONARIO ( CNPJ, NOME, TELEFONE )
	VALUES ( 58814609, NULL, '(48)913882504' );
INSERT INTO EMPRESA_FUNCIONARIO ( CNPJ, NOME, TELEFONE )
	VALUES ( 73724526, 'Dra. Alexia Aragão', '(33)987536610' );
INSERT INTO EMPRESA_FUNCIONARIO ( CNPJ, NOME, TELEFONE )
	VALUES ( 72546918, 'Davi Lucca Silva', '(82)901628453' );
INSERT INTO EMPRESA_FUNCIONARIO ( CNPJ, NOME, TELEFONE )
	VALUES ( 78931733, 'Rafael Ribeiro', '(44)921731485' );
INSERT INTO EMPRESA_FUNCIONARIO ( CNPJ, NOME, TELEFONE )
	VALUES ( 43295248, 'Vitória Almeida', '(42)983860673' );
INSERT INTO EMPRESA_FUNCIONARIO ( CNPJ, NOME, TELEFONE )
	VALUES ( 64783012, 'Lucas Cardoso', '(85)964426810' );

/* TABLE TRABALHA */
/* NULL INSERTION FOR ATTRIBUTESALARIOAT TABLETRABALHA */
INSERT INTO TRABALHA ( PESSOA, CARGO, EMPRESA, EVENTO, HORAS_TRABALHADAS, PRECOH, SALARIO )
	VALUES ( '168.032.479-96', 'Dr. Nathan Mendes', 73724526, 1, 105521, 51608.3, NULL );
/* NULL INSERTION FOR ATTRIBUTEPRECOHAT TABLETRABALHA */
INSERT INTO TRABALHA ( PESSOA, CARGO, EMPRESA, EVENTO, HORAS_TRABALHADAS, PRECOH, SALARIO )
	VALUES ( '938.725.461-55', 'Dr. Kevin Moreira', 43295248, 1, 767098, NULL, 8545.52 );
INSERT INTO TRABALHA ( PESSOA, CARGO, EMPRESA, EVENTO, HORAS_TRABALHADAS, PRECOH, SALARIO )
	VALUES ( '634.921.708-11', 'Maria Fernanda Martins', 78931733, 2, 506689, 65252.51, 65655.44 );
INSERT INTO TRABALHA ( PESSOA, CARGO, EMPRESA, EVENTO, HORAS_TRABALHADAS, PRECOH, SALARIO )
	VALUES ( '987.401.356-75', 'Maria Fernanda Martins', 78931733, 4, 198398, 96860.08, 78791.15 );
INSERT INTO TRABALHA ( PESSOA, CARGO, EMPRESA, EVENTO, HORAS_TRABALHADAS, PRECOH, SALARIO )
	VALUES ( '890.271.345-88', 'Dr. Nathan Mendes', 78931733, 4, 440851, 42362.25, 73856.81 );
INSERT INTO TRABALHA ( PESSOA, CARGO, EMPRESA, EVENTO, HORAS_TRABALHADAS, PRECOH, SALARIO )
	VALUES ( '634.921.708-11', 'Dr. Kevin Moreira', 72546918, 3, 309774, 67450.6, 78419.42 );
INSERT INTO TRABALHA ( PESSOA, CARGO, EMPRESA, EVENTO, HORAS_TRABALHADAS, PRECOH, SALARIO )
	VALUES ( '634.921.708-11', 'Maria Fernanda Martins', 78931733, 5, 655489, 15577.89, 5462.23 );

/* TABLE INSUMO */
/* NULL INSERTION FOR ATTRIBUTEATIVOAT TABLEINSUMO */
INSERT INTO INSUMO ( NOME, TIPO, RESTRICAO, PESO, VOLUME, ATIVO )
	VALUES ( 'Medalhão de Filet Mignon', 'BEBIDA', 'VEGETARIANA', 23200.65, 94763.72, NULL );
/* NULL INSERTION FOR ATTRIBUTEVOLUMEAT TABLEINSUMO */
INSERT INTO INSUMO ( NOME, TIPO, RESTRICAO, PESO, VOLUME, ATIVO )
	VALUES ( 'Strogonoff', 'BEBIDA', 'VEGANA', 6698.31, NULL, FALSE );
/* NULL INSERTION FOR ATTRIBUTEPESOAT TABLEINSUMO */
INSERT INTO INSUMO ( NOME, TIPO, RESTRICAO, PESO, VOLUME, ATIVO )
	VALUES ( 'Brahma', 'COMIDA', 'VEGANA', NULL, 22046.69, FALSE );
/* NULL INSERTION FOR ATTRIBUTERESTRICAOAT TABLEINSUMO */
INSERT INTO INSUMO ( NOME, TIPO, RESTRICAO, PESO, VOLUME, ATIVO )
	VALUES ( 'Smirnoff', 'COMIDA', NULL, 63203.05, 81656.96, TRUE );
/* NULL INSERTION FOR ATTRIBUTETIPOAT TABLEINSUMO */
INSERT INTO INSUMO ( NOME, TIPO, RESTRICAO, PESO, VOLUME, ATIVO )
	VALUES ( 'Original', NULL, 'VEGANA', 99620.22, 10163.22, TRUE );
INSERT INTO INSUMO ( NOME, TIPO, RESTRICAO, PESO, VOLUME, ATIVO )
	VALUES ( 'Salada Ceasar', 'BEBIDA', 'VEGANA', 4355.26, 74719.36, FALSE );
INSERT INTO INSUMO ( NOME, TIPO, RESTRICAO, PESO, VOLUME, ATIVO )
	VALUES ( 'Red Label', 'COMIDA', 'CARNIVORA', 4236.56, 39356.92, FALSE );
INSERT INTO INSUMO ( NOME, TIPO, RESTRICAO, PESO, VOLUME, ATIVO )
	VALUES ( 'Corote', 'BEBIDA', 'VEGETARIANA', 74561.49, 63337.4, FALSE );
INSERT INTO INSUMO ( NOME, TIPO, RESTRICAO, PESO, VOLUME, ATIVO )
	VALUES ( 'Skol', 'BEBIDA', 'VEGANA', 58793.25, 13670.25, FALSE );
INSERT INTO INSUMO ( NOME, TIPO, RESTRICAO, PESO, VOLUME, ATIVO )
	VALUES ( 'Heineken', 'BEBIDA', 'VEGETARIANA', 25547.69, 1059.41, FALSE );

/* TABLE EMPRESA_INSUMO */
/* NULL INSERTION FOR ATTRIBUTEATIVAAT TABLEEMPRESA_INSUMO */
INSERT INTO EMPRESA_INSUMO ( CNPJ, NOME, TELEFONE, ATIVA )
	VALUES ( 22602859, 'Lara Cardoso', '(88)915238212', NULL );
/* NULL INSERTION FOR ATTRIBUTETELEFONEAT TABLEEMPRESA_INSUMO */
INSERT INTO EMPRESA_INSUMO ( CNPJ, NOME, TELEFONE, ATIVA )
	VALUES ( 18290976, 'Valentina Jesus', NULL, FALSE );
/* NULL INSERTION FOR ATTRIBUTENOMEAT TABLEEMPRESA_INSUMO */
INSERT INTO EMPRESA_INSUMO ( CNPJ, NOME, TELEFONE, ATIVA )
	VALUES ( 33421081, NULL, '(68)963867627', TRUE );
INSERT INTO EMPRESA_INSUMO ( CNPJ, NOME, TELEFONE, ATIVA )
	VALUES ( 59452505, 'Brenda das Neves', '(87)917425862', TRUE );
INSERT INTO EMPRESA_INSUMO ( CNPJ, NOME, TELEFONE, ATIVA )
	VALUES ( 10320640, 'Dra. Maria Clara Silva', '(30)914688821', TRUE );
INSERT INTO EMPRESA_INSUMO ( CNPJ, NOME, TELEFONE, ATIVA )
	VALUES ( 20702983, 'Maria Cecília da Cruz', '(41)964712176', TRUE );
INSERT INTO EMPRESA_INSUMO ( CNPJ, NOME, TELEFONE, ATIVA )
	VALUES ( 18234649, 'Ana Beatriz Caldeira', '(24)943617747', TRUE );
INSERT INTO EMPRESA_INSUMO ( CNPJ, NOME, TELEFONE, ATIVA )
	VALUES ( 81762894, 'Murilo Souza', '(26)964086407', TRUE );

/* TABLE VENDA_INSUMO */
/* NULL INSERTION FOR ATTRIBUTEATIVAAT TABLEVENDA_INSUMO */
INSERT INTO VENDA_INSUMO ( EMPRESA, INSUMO, PRECO, ATIVA )
	VALUES ( 10320640, 'Corote', 50485.29, NULL );
/* NULL INSERTION FOR ATTRIBUTEPRECOAT TABLEVENDA_INSUMO */
INSERT INTO VENDA_INSUMO ( EMPRESA, INSUMO, PRECO, ATIVA )
	VALUES ( 10320640, 'Salada Ceasar', NULL, FALSE );
INSERT INTO VENDA_INSUMO ( EMPRESA, INSUMO, PRECO, ATIVA )
	VALUES ( 18234649, 'Corote', 53283.54, FALSE );
INSERT INTO VENDA_INSUMO ( EMPRESA, INSUMO, PRECO, ATIVA )
	VALUES ( 59452505, 'Corote', 85536.99, TRUE );
INSERT INTO VENDA_INSUMO ( EMPRESA, INSUMO, PRECO, ATIVA )
	VALUES ( 81762894, 'Corote', 86353.16, TRUE );
INSERT INTO VENDA_INSUMO ( EMPRESA, INSUMO, PRECO, ATIVA )
	VALUES ( 20702983, 'Salada Ceasar', 9802.23, FALSE );
INSERT INTO VENDA_INSUMO ( EMPRESA, INSUMO, PRECO, ATIVA )
	VALUES ( 59452505, 'Skol', 17586.34, TRUE );

/* TABLE VENDA_INSUMO_EVENTO */
/* NULL INSERTION FOR ATTRIBUTEQTDAT TABLEVENDA_INSUMO_EVENTO */
INSERT INTO VENDA_INSUMO_EVENTO ( EMPRESA, INSUMO, EVENTO, PRECO_COMBINADO, QTD )
	VALUES ( 20702983, 'Salada Ceasar', 3, 62405.05, NULL );
/* NULL INSERTION FOR ATTRIBUTEPRECO_COMBINADOAT TABLEVENDA_INSUMO_EVENTO */
INSERT INTO VENDA_INSUMO_EVENTO ( EMPRESA, INSUMO, EVENTO, PRECO_COMBINADO, QTD )
	VALUES ( 18234649, 'Corote', 1, NULL, 16242 );
INSERT INTO VENDA_INSUMO_EVENTO ( EMPRESA, INSUMO, EVENTO, PRECO_COMBINADO, QTD )
	VALUES ( 81762894, 'Corote', 1, 60181.07, 26339 );
INSERT INTO VENDA_INSUMO_EVENTO ( EMPRESA, INSUMO, EVENTO, PRECO_COMBINADO, QTD )
	VALUES ( 59452505, 'Corote', 1, 16705.13, 18465 );
INSERT INTO VENDA_INSUMO_EVENTO ( EMPRESA, INSUMO, EVENTO, PRECO_COMBINADO, QTD )
	VALUES ( 20702983, 'Salada Ceasar', 5, 14967.11, 12976 );
INSERT INTO VENDA_INSUMO_EVENTO ( EMPRESA, INSUMO, EVENTO, PRECO_COMBINADO, QTD )
	VALUES ( 20702983, 'Salada Ceasar', 2, 29543.27, 19664 );
INSERT INTO VENDA_INSUMO_EVENTO ( EMPRESA, INSUMO, EVENTO, PRECO_COMBINADO, QTD )
	VALUES ( 59452505, 'Skol', 3, 62588.91, 26991 );

/* TABLE BRINQUEDO */
/* NULL INSERTION FOR ATTRIBUTEATIVOAT TABLEBRINQUEDO */
INSERT INTO BRINQUEDO ( NOME, VALOR, AREA, ATIVO )
	VALUES ( 'Barbie', 57624.98, 62758.05, NULL );
/* NULL INSERTION FOR ATTRIBUTEAREAAT TABLEBRINQUEDO */
INSERT INTO BRINQUEDO ( NOME, VALOR, AREA, ATIVO )
	VALUES ( 'Boneca', 83528.67, NULL, TRUE );
/* NULL INSERTION FOR ATTRIBUTEVALORAT TABLEBRINQUEDO */
INSERT INTO BRINQUEDO ( NOME, VALOR, AREA, ATIVO )
	VALUES ( 'Bola', NULL, 36277.73, FALSE );
INSERT INTO BRINQUEDO ( NOME, VALOR, AREA, ATIVO )
	VALUES ( 'Boi Mecanico', 54267.05, 41731.3, FALSE );
INSERT INTO BRINQUEDO ( NOME, VALOR, AREA, ATIVO )
	VALUES ( 'Piscina Bolinha', 5680.01, 26336.55, TRUE );
INSERT INTO BRINQUEDO ( NOME, VALOR, AREA, ATIVO )
	VALUES ( 'Minecraft', 62357.87, 88299.44, FALSE );
INSERT INTO BRINQUEDO ( NOME, VALOR, AREA, ATIVO )
	VALUES ( 'Cotonete', 80301.2, 87360.76, FALSE );
INSERT INTO BRINQUEDO ( NOME, VALOR, AREA, ATIVO )
	VALUES ( 'Gira-gira', 8523.24, 54113.69, TRUE );

/* TABLE EMPRESA_BRINQUEDO */
/* NULL INSERTION FOR ATTRIBUTEATIVAAT TABLEEMPRESA_BRINQUEDO */
INSERT INTO EMPRESA_BRINQUEDO ( CNPJ, NOME, TELEFONE, ATIVA )
	VALUES ( 53066556, 'Gabrielly da Rosa', '(10)915386417', NULL );
/* NULL INSERTION FOR ATTRIBUTETELEFONEAT TABLEEMPRESA_BRINQUEDO */
INSERT INTO EMPRESA_BRINQUEDO ( CNPJ, NOME, TELEFONE, ATIVA )
	VALUES ( 69126883, 'Otávio Melo', NULL, TRUE );
/* NULL INSERTION FOR ATTRIBUTENOMEAT TABLEEMPRESA_BRINQUEDO */
INSERT INTO EMPRESA_BRINQUEDO ( CNPJ, NOME, TELEFONE, ATIVA )
	VALUES ( 31998877, NULL, '(64)965620171', TRUE );
INSERT INTO EMPRESA_BRINQUEDO ( CNPJ, NOME, TELEFONE, ATIVA )
	VALUES ( 31817099, 'André Jesus', '(38)927226818', FALSE );
INSERT INTO EMPRESA_BRINQUEDO ( CNPJ, NOME, TELEFONE, ATIVA )
	VALUES ( 44909609, 'Paulo Freitas', '(52)940607513', TRUE );
INSERT INTO EMPRESA_BRINQUEDO ( CNPJ, NOME, TELEFONE, ATIVA )
	VALUES ( 52205964, 'Camila Dias', '(04)916385138', FALSE );
INSERT INTO EMPRESA_BRINQUEDO ( CNPJ, NOME, TELEFONE, ATIVA )
	VALUES ( 84768851, 'Heloísa Nascimento', '(21)983225458', FALSE );
INSERT INTO EMPRESA_BRINQUEDO ( CNPJ, NOME, TELEFONE, ATIVA )
	VALUES ( 53425655, 'Sr. Samuel Pires', '(72)938021710', FALSE );

/* TABLE VENDA_BRINQUEDO */
/* NULL INSERTION FOR ATTRIBUTEATIVAAT TABLEVENDA_BRINQUEDO */
INSERT INTO VENDA_BRINQUEDO ( EMPRESA, BRINQUEDO, PRECO, ATIVA )
	VALUES ( 31817099, 'Piscina Bolinha', 64463.47, NULL );
/* NULL INSERTION FOR ATTRIBUTEPRECOAT TABLEVENDA_BRINQUEDO */
INSERT INTO VENDA_BRINQUEDO ( EMPRESA, BRINQUEDO, PRECO, ATIVA )
	VALUES ( 31817099, 'Gira-gira', NULL, TRUE );
INSERT INTO VENDA_BRINQUEDO ( EMPRESA, BRINQUEDO, PRECO, ATIVA )
	VALUES ( 31817099, 'Boi Mecanico', 98566.41, FALSE );
INSERT INTO VENDA_BRINQUEDO ( EMPRESA, BRINQUEDO, PRECO, ATIVA )
	VALUES ( 53425655, 'Cotonete', 81451.34, TRUE );
INSERT INTO VENDA_BRINQUEDO ( EMPRESA, BRINQUEDO, PRECO, ATIVA )
	VALUES ( 52205964, 'Minecraft', 1655.65, TRUE );
INSERT INTO VENDA_BRINQUEDO ( EMPRESA, BRINQUEDO, PRECO, ATIVA )
	VALUES ( 44909609, 'Gira-gira', 87704.52, TRUE );
INSERT INTO VENDA_BRINQUEDO ( EMPRESA, BRINQUEDO, PRECO, ATIVA )
	VALUES ( 84768851, 'Cotonete', 70213.1, TRUE );

/* TABLE VENDA_BRINQUEDO_FORMATURA */
/* NULL INSERTION FOR ATTRIBUTEQTDAT TABLEVENDA_BRINQUEDO_FORMATURA */
INSERT INTO VENDA_BRINQUEDO_FORMATURA ( EMPRESA, BRINQUEDO, FORMATURA, PRECO_COMBINADO, QTD )
	VALUES ( 84768851, 'Cotonete', 1, 79179.57, NULL );
/* NULL INSERTION FOR ATTRIBUTEPRECO_COMBINADOAT TABLEVENDA_BRINQUEDO_FORMATURA */
INSERT INTO VENDA_BRINQUEDO_FORMATURA ( EMPRESA, BRINQUEDO, FORMATURA, PRECO_COMBINADO, QTD )
	VALUES ( 84768851, 'Cotonete', 3, NULL, 32134 );
INSERT INTO VENDA_BRINQUEDO_FORMATURA ( EMPRESA, BRINQUEDO, FORMATURA, PRECO_COMBINADO, QTD )
	VALUES ( 44909609, 'Gira-gira', 4, 65750.85, 9254 );
INSERT INTO VENDA_BRINQUEDO_FORMATURA ( EMPRESA, BRINQUEDO, FORMATURA, PRECO_COMBINADO, QTD )
	VALUES ( 52205964, 'Minecraft', 1, 79996.79, 13408 );
INSERT INTO VENDA_BRINQUEDO_FORMATURA ( EMPRESA, BRINQUEDO, FORMATURA, PRECO_COMBINADO, QTD )
	VALUES ( 44909609, 'Gira-gira', 5, 13760.16, 20784 );
INSERT INTO VENDA_BRINQUEDO_FORMATURA ( EMPRESA, BRINQUEDO, FORMATURA, PRECO_COMBINADO, QTD )
	VALUES ( 84768851, 'Cotonete', 2, 12761.54, 23498 );
INSERT INTO VENDA_BRINQUEDO_FORMATURA ( EMPRESA, BRINQUEDO, FORMATURA, PRECO_COMBINADO, QTD )
	VALUES ( 31817099, 'Boi Mecanico', 1, 37027.55, 8581 );

/* TABLE PRESENTE */
/* NULL INSERTION FOR ATTRIBUTEATIVOAT TABLEPRESENTE */
INSERT INTO PRESENTE ( NOME, VALOR, ATIVO )
	VALUES ( 'Cortina', 43334.16, NULL );
/* NULL INSERTION FOR ATTRIBUTEVALORAT TABLEPRESENTE */
INSERT INTO PRESENTE ( NOME, VALOR, ATIVO )
	VALUES ( 'Kit de Toalha', NULL, FALSE );
INSERT INTO PRESENTE ( NOME, VALOR, ATIVO )
	VALUES ( 'Celular', 25608.63, TRUE );
INSERT INTO PRESENTE ( NOME, VALOR, ATIVO )
	VALUES ( 'Fraldas', 79496.25, FALSE );
INSERT INTO PRESENTE ( NOME, VALOR, ATIVO )
	VALUES ( 'Batedeira', 64335.77, TRUE );
INSERT INTO PRESENTE ( NOME, VALOR, ATIVO )
	VALUES ( 'Luminarias', 43872.57, FALSE );
INSERT INTO PRESENTE ( NOME, VALOR, ATIVO )
	VALUES ( 'Carro', 78896.11, TRUE );

/* TABLE EMPRESA_PRESENTE */
/* NULL INSERTION FOR ATTRIBUTEATIVAAT TABLEEMPRESA_PRESENTE */
INSERT INTO EMPRESA_PRESENTE ( CNPJ, NOME, TELEFONE, ATIVA )
	VALUES ( 62823619, 'Guilherme Gomes', '(17)914046145', NULL );
/* NULL INSERTION FOR ATTRIBUTETELEFONEAT TABLEEMPRESA_PRESENTE */
INSERT INTO EMPRESA_PRESENTE ( CNPJ, NOME, TELEFONE, ATIVA )
	VALUES ( 30591254, 'Ana Beatriz Campos', NULL, TRUE );
/* NULL INSERTION FOR ATTRIBUTENOMEAT TABLEEMPRESA_PRESENTE */
INSERT INTO EMPRESA_PRESENTE ( CNPJ, NOME, TELEFONE, ATIVA )
	VALUES ( 40919471, NULL, '(08)918310860', FALSE );
INSERT INTO EMPRESA_PRESENTE ( CNPJ, NOME, TELEFONE, ATIVA )
	VALUES ( 66116555, 'Catarina Gonçalves', '(72)902042740', FALSE );
INSERT INTO EMPRESA_PRESENTE ( CNPJ, NOME, TELEFONE, ATIVA )
	VALUES ( 21374673, 'Vinicius Barbosa', '(64)933660847', FALSE );
INSERT INTO EMPRESA_PRESENTE ( CNPJ, NOME, TELEFONE, ATIVA )
	VALUES ( 89713177, 'Gabrielly Cavalcanti', '(34)920587201', FALSE );
INSERT INTO EMPRESA_PRESENTE ( CNPJ, NOME, TELEFONE, ATIVA )
	VALUES ( 82301817, 'Enrico Caldeira', '(51)925611206', TRUE );
INSERT INTO EMPRESA_PRESENTE ( CNPJ, NOME, TELEFONE, ATIVA )
	VALUES ( 66156748, 'Levi Moraes', '(56)947848187', FALSE );

/* TABLE VENDA_PRESENTE */
/* NULL INSERTION FOR ATTRIBUTEATIVAAT TABLEVENDA_PRESENTE */
INSERT INTO VENDA_PRESENTE ( EMPRESA, PRESENTE, PRECO, ATIVA )
	VALUES ( 21374673, 'Celular', 19092.92, NULL );
/* NULL INSERTION FOR ATTRIBUTEPRECOAT TABLEVENDA_PRESENTE */
INSERT INTO VENDA_PRESENTE ( EMPRESA, PRESENTE, PRECO, ATIVA )
	VALUES ( 89713177, 'Celular', NULL, FALSE );
INSERT INTO VENDA_PRESENTE ( EMPRESA, PRESENTE, PRECO, ATIVA )
	VALUES ( 66116555, 'Celular', 54029.66, FALSE );
INSERT INTO VENDA_PRESENTE ( EMPRESA, PRESENTE, PRECO, ATIVA )
	VALUES ( 66116555, 'Fraldas', 9641.96, TRUE );
INSERT INTO VENDA_PRESENTE ( EMPRESA, PRESENTE, PRECO, ATIVA )
	VALUES ( 89713177, 'Carro', 44671.37, FALSE );
INSERT INTO VENDA_PRESENTE ( EMPRESA, PRESENTE, PRECO, ATIVA )
	VALUES ( 82301817, 'Celular', 19569.24, FALSE );
INSERT INTO VENDA_PRESENTE ( EMPRESA, PRESENTE, PRECO, ATIVA )
	VALUES ( 66116555, 'Luminarias', 7210.95, TRUE );

/* TABLE VENDA_PRESENTE_CASAMENTO */
/* NULL INSERTION FOR ATTRIBUTEQTDAT TABLEVENDA_PRESENTE_CASAMENTO */
INSERT INTO VENDA_PRESENTE_CASAMENTO ( EMPRESA, PRESENTE, CASAMENTO, PRECO_COMBINADO, QTD )
	VALUES ( 66116555, 'Celular', 1, 43459.12, NULL );
/* NULL INSERTION FOR ATTRIBUTEPRECO_COMBINADOAT TABLEVENDA_PRESENTE_CASAMENTO */
INSERT INTO VENDA_PRESENTE_CASAMENTO ( EMPRESA, PRESENTE, CASAMENTO, PRECO_COMBINADO, QTD )
	VALUES ( 66116555, 'Luminarias', 5, NULL, 17510 );
INSERT INTO VENDA_PRESENTE_CASAMENTO ( EMPRESA, PRESENTE, CASAMENTO, PRECO_COMBINADO, QTD )
	VALUES ( 82301817, 'Celular', 1, 79066.74, 15345 );
INSERT INTO VENDA_PRESENTE_CASAMENTO ( EMPRESA, PRESENTE, CASAMENTO, PRECO_COMBINADO, QTD )
	VALUES ( 66116555, 'Fraldas', 1, 63525.95, 3614 );
INSERT INTO VENDA_PRESENTE_CASAMENTO ( EMPRESA, PRESENTE, CASAMENTO, PRECO_COMBINADO, QTD )
	VALUES ( 89713177, 'Carro', 4, 54417.42, 7440 );
INSERT INTO VENDA_PRESENTE_CASAMENTO ( EMPRESA, PRESENTE, CASAMENTO, PRECO_COMBINADO, QTD )
	VALUES ( 66116555, 'Celular', 2, 54313.72, 668 );
INSERT INTO VENDA_PRESENTE_CASAMENTO ( EMPRESA, PRESENTE, CASAMENTO, PRECO_COMBINADO, QTD )
	VALUES ( 66116555, 'Celular', 3, 73681.45, 27869 );

/* TABLE NUMBER TOTAL: 20 */
END TRANSACTION;
