BEGIN TRANSACTION;
/* TABLE LOCAL */
/* NULL INSERTION FOR ATTRIBUTETAMANHOAT TABLELOCAL */
INSERT INTO LOCAL ( CIDADE, RUA, NUMERO, NOME, TELEFONE, TAMANHO, PRECO )
	VALUES ( 'Viana Alegre', 'Ladeira Monteiro', 158447, 'Paulo Ramos', 'Praesentiu', NULL, 45527.32 );
INSERT INTO LOCAL ( CIDADE, RUA, NUMERO, NOME, TELEFONE, TAMANHO, PRECO )
	VALUES ( 'Pereira de Pires', 'Feira Alana Lopes', 139527, 'Nicolas da Costa', 'Sed tempore', 105712, 75930.56 );
INSERT INTO LOCAL ( CIDADE, RUA, NUMERO, NOME, TELEFONE, TAMANHO, PRECO )
	VALUES ( 'Novaes', 'Área Lorena Mendes', 283886, 'Laís Azevedo', 'Qui ut ', 268160, 11135.3 );
INSERT INTO LOCAL ( CIDADE, RUA, NUMERO, NOME, TELEFONE, TAMANHO, PRECO )
	VALUES ( 'Araújo', 'Trecho Juliana Viana', 217793, 'Pedro Miguel da Mota', 'Numquam', 414695, 30379.22 );
INSERT INTO LOCAL ( CIDADE, RUA, NUMERO, NOME, TELEFONE, TAMANHO, PRECO )
	VALUES ( 'Souza', 'Feira Ana Julia Campos', 281669, 'Stella Ramos', 'Eos totam d', 847143, 66720.59 );
INSERT INTO LOCAL ( CIDADE, RUA, NUMERO, NOME, TELEFONE, TAMANHO, PRECO )
	VALUES ( 'Gomes das Flores', 'Conjunto Isabelly Silveira', 458754, 'Lucas Gabriel Barros', 'Autem rep', 510399, 83875.2 );
INSERT INTO LOCAL ( CIDADE, RUA, NUMERO, NOME, TELEFONE, TAMANHO, PRECO )
	VALUES ( 'da Cruz', 'Viela Emanuella da Cruz', 456370, 'Kaique da Mata', 'Ullam accusa', 707774, 22976.64 );
INSERT INTO LOCAL ( CIDADE, RUA, NUMERO, NOME, TELEFONE, TAMANHO, PRECO )
	VALUES ( 'Gomes da Praia', 'Pátio Pereira', 803343, 'Nina Lima', 'Quo fuga m', 823445, 17087.52 );
INSERT INTO LOCAL ( CIDADE, RUA, NUMERO, NOME, TELEFONE, TAMANHO, PRECO )
	VALUES ( 'da Cruz de Silveira', 'Esplanada Alícia Caldeira', 232010, 'Juan Alves', 'Omnis voluptat', 464220, 16421.38 );
INSERT INTO LOCAL ( CIDADE, RUA, NUMERO, NOME, TELEFONE, TAMANHO, PRECO )
	VALUES ( 'Mendes', 'Estação FariasFernandes', 240643, 'Bryan Rocha', 'Reprehender', 439815, 90333.01 );
INSERT INTO LOCAL ( CIDADE, RUA, NUMERO, NOME, TELEFONE, TAMANHO, PRECO )
	VALUES ( 'Fogaça', 'Fazenda de Gonçalves', 398430, 'Alexandre Monteiro', 'Fugiat debiti', 822690, 69775.46 );
INSERT INTO LOCAL ( CIDADE, RUA, NUMERO, NOME, TELEFONE, TAMANHO, PRECO )
	VALUES ( 'Porto', 'Trecho de Moraes', 477996, 'Kevin Oliveira', 'Sint nu', 687330, 13380.48 );
INSERT INTO LOCAL ( CIDADE, RUA, NUMERO, NOME, TELEFONE, TAMANHO, PRECO )
	VALUES ( 'Sales', 'Morro de Moura', 466885, 'Yuri Pinto', 'Dignissim', 513250, 42632.49 );
INSERT INTO LOCAL ( CIDADE, RUA, NUMERO, NOME, TELEFONE, TAMANHO, PRECO )
	VALUES ( 'da Mota', 'Esplanada de Barros', 355686, 'Heloísa Barros', 'Odit even', 211418, 14014.09 );
INSERT INTO LOCAL ( CIDADE, RUA, NUMERO, NOME, TELEFONE, TAMANHO, PRECO )
	VALUES ( 'Cavalcanti de Minas', 'Via da Cruz', 130961, 'Isis da Luz', 'Tempora ', 729410, 92746.57 );
INSERT INTO LOCAL ( CIDADE, RUA, NUMERO, NOME, TELEFONE, TAMANHO, PRECO )
	VALUES ( 'Peixoto', 'Jardim João Rodrigues', 148551, 'Pedro Lucas Freitas', 'Velit atq', 589368, 58372.96 );
INSERT INTO LOCAL ( CIDADE, RUA, NUMERO, NOME, TELEFONE, TAMANHO, PRECO )
	VALUES ( 'Alves', 'Lago da Paz', 231312, 'Emanuelly Caldeira', 'Optio illu', 675142, 24321.98 );
INSERT INTO LOCAL ( CIDADE, RUA, NUMERO, NOME, TELEFONE, TAMANHO, PRECO )
	VALUES ( 'Monteiro da Prata', 'Distrito de Cunha', 552410, 'Daniela Rocha', 'Pariatur v', 379176, 14164.43 );
INSERT INTO LOCAL ( CIDADE, RUA, NUMERO, NOME, TELEFONE, TAMANHO, PRECO )
	VALUES ( 'Pereira das Flores', 'Distrito Nathan Castro', 172131, 'Dra. Beatriz Monteiro', 'Aut quis atqu', 573901, 64136.81 );
INSERT INTO LOCAL ( CIDADE, RUA, NUMERO, NOME, TELEFONE, TAMANHO, PRECO )
	VALUES ( 'da Rosa', 'Estrada de Sales', 219461, 'Larissa Rocha', 'Nisi a magni ', 488509, 27434.13 );
INSERT INTO LOCAL ( CIDADE, RUA, NUMERO, NOME, TELEFONE, TAMANHO, PRECO )
	VALUES ( 'Novaes', 'Campo de da Mota', 606914, 'Theo Azevedo', 'Voluptas maior', 307242, 32164.88 );
INSERT INTO LOCAL ( CIDADE, RUA, NUMERO, NOME, TELEFONE, TAMANHO, PRECO )
	VALUES ( 'Teixeira', 'Ladeira Pires', 531908, 'Levi da Rocha', 'Officia s', 896481, 43794.43 );
INSERT INTO LOCAL ( CIDADE, RUA, NUMERO, NOME, TELEFONE, TAMANHO, PRECO )
	VALUES ( 'Sales da Serra', 'Pátio Arthur Cardoso', 840464, 'Luiz Gustavo Castro', 'Animi al', 235479, 31786.61 );
INSERT INTO LOCAL ( CIDADE, RUA, NUMERO, NOME, TELEFONE, TAMANHO, PRECO )
	VALUES ( 'Santos do Sul', 'Favela de Barros', 302966, 'Dra. Ana Beatriz Souza', 'Nam totam', 328045, 11454.32 );
INSERT INTO LOCAL ( CIDADE, RUA, NUMERO, NOME, TELEFONE, TAMANHO, PRECO )
	VALUES ( 'da Cruz do Amparo', 'Campo de Azevedo', 506463, 'Emanuella Viana', 'Officii', 303588, 19753.16 );
INSERT INTO LOCAL ( CIDADE, RUA, NUMERO, NOME, TELEFONE, TAMANHO, PRECO )
	VALUES ( 'Moura da Serra', 'Vale Pires', 794126, 'Maria Cecília Silveira', 'Ipsum fugit ', 789528, 44802.31 );
INSERT INTO LOCAL ( CIDADE, RUA, NUMERO, NOME, TELEFONE, TAMANHO, PRECO )
	VALUES ( 'Ribeiro', 'Distrito de Lopes', 878714, 'Letícia Pires', 'Quas fu', 300775, 47538.04 );
INSERT INTO LOCAL ( CIDADE, RUA, NUMERO, NOME, TELEFONE, TAMANHO, PRECO )
	VALUES ( 'Dias de Nunes', 'Trecho Lorenzo Melo', 204750, 'Nicole Rocha', 'Esse cupi', 647834, 90151.95 );
INSERT INTO LOCAL ( CIDADE, RUA, NUMERO, NOME, TELEFONE, TAMANHO, PRECO )
	VALUES ( 'da Cunha da Praia', 'Chácara de Oliveira', 629521, 'Dr. Murilo da Conceição', 'Placeat a', 785614, 45742.86 );
INSERT INTO LOCAL ( CIDADE, RUA, NUMERO, NOME, TELEFONE, TAMANHO, PRECO )
	VALUES ( 'da Cunha', 'Jardim Ana Vitória Gonçalves', 424819, 'Alice Novaes', 'Atque porro n', 217375, 47984.87 );
INSERT INTO LOCAL ( CIDADE, RUA, NUMERO, NOME, TELEFONE, TAMANHO, PRECO )
	VALUES ( 'Ramos', 'Largo de Pereira', 451343, 'Luiz Henrique Viana', 'Quo bla', 877061, 4493.36 );
INSERT INTO LOCAL ( CIDADE, RUA, NUMERO, NOME, TELEFONE, TAMANHO, PRECO )
	VALUES ( 'Jesus', 'Setor Costa', 514425, 'Dra. Cecília Cunha', 'Numquam ut lau', 272493, 60196.98 );
INSERT INTO LOCAL ( CIDADE, RUA, NUMERO, NOME, TELEFONE, TAMANHO, PRECO )
	VALUES ( 'Jesus', 'Estação Cardoso', 467548, 'Dra. Ana Julia Teixeira', 'Iusto ne', 880612, 81453.1 );
INSERT INTO LOCAL ( CIDADE, RUA, NUMERO, NOME, TELEFONE, TAMANHO, PRECO )
	VALUES ( 'Nascimento das Flores', 'Condomínio Fernanda Barbosa', 141053, 'Emanuella Silva', 'Tempore placea', 317886, 32541.44 );
INSERT INTO LOCAL ( CIDADE, RUA, NUMERO, NOME, TELEFONE, TAMANHO, PRECO )
	VALUES ( 'Silva', 'Aeroporto Correia', 627123, 'Lucas Monteiro', 'Deserunt re', 820433, 38625.2 );
INSERT INTO LOCAL ( CIDADE, RUA, NUMERO, NOME, TELEFONE, TAMANHO, PRECO )
	VALUES ( 'Viana', 'Parque de Pinto', 136401, 'Ian da Rocha', 'Explicabo i', 545086, 41924.44 );
INSERT INTO LOCAL ( CIDADE, RUA, NUMERO, NOME, TELEFONE, TAMANHO, PRECO )
	VALUES ( 'Cunha do Galho', 'Chácara de Araújo', 286015, 'Eduarda Viana', 'Rerum cumque ', 627031, 62320.19 );
INSERT INTO LOCAL ( CIDADE, RUA, NUMERO, NOME, TELEFONE, TAMANHO, PRECO )
	VALUES ( 'Cardoso', 'Rua de Lima', 223867, 'Marcelo Melo', 'Itaque f', 250129, 3531.89 );
INSERT INTO LOCAL ( CIDADE, RUA, NUMERO, NOME, TELEFONE, TAMANHO, PRECO )
	VALUES ( 'Correia', 'Fazenda de Costa', 117186, 'Arthur Ribeiro', 'Vero quibus', 388836, 18806.55 );
INSERT INTO LOCAL ( CIDADE, RUA, NUMERO, NOME, TELEFONE, TAMANHO, PRECO )
	VALUES ( 'Ramos Paulista', 'Passarela Araújo', 596549, 'Raquel Lima', 'Quisquam saep', 407280, 85245.51 );
INSERT INTO LOCAL ( CIDADE, RUA, NUMERO, NOME, TELEFONE, TAMANHO, PRECO )
	VALUES ( 'da Mata', 'Núcleo da Costa', 339521, 'Olivia Carvalho', 'Nam labor', 256031, 57735.05 );
INSERT INTO LOCAL ( CIDADE, RUA, NUMERO, NOME, TELEFONE, TAMANHO, PRECO )
	VALUES ( 'Ferreira', 'Largo Moraes', 441494, 'Leandro Duarte', 'Iste laudant', 360544, 92787.01 );
INSERT INTO LOCAL ( CIDADE, RUA, NUMERO, NOME, TELEFONE, TAMANHO, PRECO )
	VALUES ( 'Gonçalves', 'Fazenda Letícia Rocha', 761022, 'Sr. Breno Almeida', 'Ab laborum', 218119, 55683.98 );
INSERT INTO LOCAL ( CIDADE, RUA, NUMERO, NOME, TELEFONE, TAMANHO, PRECO )
	VALUES ( 'Nunes', 'Feira de Alves', 296554, 'Ana Júlia Novaes', 'Dolorem qui e', 845079, 20840.18 );
INSERT INTO LOCAL ( CIDADE, RUA, NUMERO, NOME, TELEFONE, TAMANHO, PRECO )
	VALUES ( 'Rezende da Prata', 'Esplanada Breno Novaes', 836692, 'Rafael Silveira', 'Iure numqua', 600150, 55881.26 );
INSERT INTO LOCAL ( CIDADE, RUA, NUMERO, NOME, TELEFONE, TAMANHO, PRECO )
	VALUES ( 'Rezende da Mata', 'Favela de Correia', 144156, 'Ana Vitória Ferreira', 'Nostrum q', 461952, 63865.33 );
INSERT INTO LOCAL ( CIDADE, RUA, NUMERO, NOME, TELEFONE, TAMANHO, PRECO )
	VALUES ( 'Martins dos Dourados', 'Chácara Souza', 533250, 'Elisa Rocha', 'Nemo necessit', 522018, 56008.56 );
INSERT INTO LOCAL ( CIDADE, RUA, NUMERO, NOME, TELEFONE, TAMANHO, PRECO )
	VALUES ( 'Cardoso, do Galho', 'Trevo Rebeca da Costa', 156870, 'Lucas da Costa', 'Autem dolores ', 471528, 80733.46 );
INSERT INTO LOCAL ( CIDADE, RUA, NUMERO, NOME, TELEFONE, TAMANHO, PRECO )
	VALUES ( 'Gomes', 'Pátio de Alves', 386626, 'Augusto Nogueira', 'Aperiam dolor', 625930, 37420.75 );
INSERT INTO LOCAL ( CIDADE, RUA, NUMERO, NOME, TELEFONE, TAMANHO, PRECO )
	VALUES ( 'Campos de Cunha', 'Trevo Duarte', 124975, 'Davi Luiz Caldeira', 'Labore ', 594891, 94562.85 );
INSERT INTO LOCAL ( CIDADE, RUA, NUMERO, NOME, TELEFONE, TAMANHO, PRECO )
	VALUES ( 'Nogueira', 'Trecho de Pinto', 352964, 'Renan Aragão', 'Repudianda', 334749, 35027.49 );
INSERT INTO LOCAL ( CIDADE, RUA, NUMERO, NOME, TELEFONE, TAMANHO, PRECO )
	VALUES ( 'Castro de Duarte', 'Avenida de Oliveira', 577267, 'Luiza Moura', 'Quod ei', 399738, 18122.46 );
INSERT INTO LOCAL ( CIDADE, RUA, NUMERO, NOME, TELEFONE, TAMANHO, PRECO )
	VALUES ( 'Ferreira', 'Núcleo de Pinto', 198978, 'Luiza Carvalho', 'Distinctio v', 469950, 26154.69 );
INSERT INTO LOCAL ( CIDADE, RUA, NUMERO, NOME, TELEFONE, TAMANHO, PRECO )
	VALUES ( 'FariasFernandes', 'Colônia Ana Sophia Almeida', 891251, 'Maria Clara da Cruz', 'Minus u', 681236, 94199.52 );
INSERT INTO LOCAL ( CIDADE, RUA, NUMERO, NOME, TELEFONE, TAMANHO, PRECO )
	VALUES ( 'da Rosa do Sul', 'Praça Ian Azevedo', 660110, 'Milena Silveira', 'In esse asp', 717673, 61769.81 );
INSERT INTO LOCAL ( CIDADE, RUA, NUMERO, NOME, TELEFONE, TAMANHO, PRECO )
	VALUES ( 'Moura', 'Lagoa Alves', 275256, 'Isaac da Rocha', 'Placeat volupt', 354923, 18014.63 );
INSERT INTO LOCAL ( CIDADE, RUA, NUMERO, NOME, TELEFONE, TAMANHO, PRECO )
	VALUES ( 'Ferreira de Santos', 'Avenida Novaes', 241830, 'Rodrigo Ferreira', 'Veniam re', 218697, 69475.93 );
INSERT INTO LOCAL ( CIDADE, RUA, NUMERO, NOME, TELEFONE, TAMANHO, PRECO )
	VALUES ( 'Pinto', 'Praça de Moura', 704248, 'Stephany FariasFernandes', 'Temporibu', 317250, 77600.25 );
INSERT INTO LOCAL ( CIDADE, RUA, NUMERO, NOME, TELEFONE, TAMANHO, PRECO )
	VALUES ( 'da Cunha da Mata', 'Rodovia Olivia Souza', 131935, 'Clarice Campos', 'Ipsam d', 748237, 37441.27 );
INSERT INTO LOCAL ( CIDADE, RUA, NUMERO, NOME, TELEFONE, TAMANHO, PRECO )
	VALUES ( 'da Costa', 'Loteamento Maria Melo', 628007, 'Sr. João Felipe Duarte', 'Ipsam quod s', 344169, 71807.07 );
INSERT INTO LOCAL ( CIDADE, RUA, NUMERO, NOME, TELEFONE, TAMANHO, PRECO )
	VALUES ( 'Vieira de Peixoto', 'Rua de Rezende', 845821, 'Dr. Lucas Oliveira', 'Rerum eos es', 645538, 64625.48 );
INSERT INTO LOCAL ( CIDADE, RUA, NUMERO, NOME, TELEFONE, TAMANHO, PRECO )
	VALUES ( 'Pereira do Oeste', 'Colônia de Lima', 209814, 'Heloísa Lopes', 'Non aliquid ', 799916, 32904.89 );
INSERT INTO LOCAL ( CIDADE, RUA, NUMERO, NOME, TELEFONE, TAMANHO, PRECO )
	VALUES ( 'Silva', 'Favela de Costa', 396480, 'Maria Eduarda Moura', 'Odit ex ma', 473811, 60098.01 );
INSERT INTO LOCAL ( CIDADE, RUA, NUMERO, NOME, TELEFONE, TAMANHO, PRECO )
	VALUES ( 'Gonçalves', 'Alameda Ana Luiza Pereira', 170865, 'João Guilherme Vieira', 'Ab a et do', 765716, 64096.6 );
INSERT INTO LOCAL ( CIDADE, RUA, NUMERO, NOME, TELEFONE, TAMANHO, PRECO )
	VALUES ( 'Lopes', 'Praça de Dias', 345870, 'Pietra Rezende', 'Nisi veniam fu', 365892, 13725.45 );
INSERT INTO LOCAL ( CIDADE, RUA, NUMERO, NOME, TELEFONE, TAMANHO, PRECO )
	VALUES ( 'Santos', 'Esplanada Rebeca Martins', 242375, 'Dra. Nina Nogueira', 'Quisquam minim', 895704, 83662.61 );
INSERT INTO LOCAL ( CIDADE, RUA, NUMERO, NOME, TELEFONE, TAMANHO, PRECO )
	VALUES ( 'Moura Paulista', 'Pátio de Pereira', 517045, 'Isabella Pires', 'Iusto labo', 268338, 99461.82 );
INSERT INTO LOCAL ( CIDADE, RUA, NUMERO, NOME, TELEFONE, TAMANHO, PRECO )
	VALUES ( 'Carvalho do Amparo', 'Lago da Mata', 162571, 'Stella da Paz', 'Cupidit', 460571, 71228.46 );
INSERT INTO LOCAL ( CIDADE, RUA, NUMERO, NOME, TELEFONE, TAMANHO, PRECO )
	VALUES ( 'Moreira de Minas', 'Viaduto Carvalho', 247137, 'Vitor Hugo Peixoto', 'Saepe quam ', 257749, 45071.23 );
INSERT INTO LOCAL ( CIDADE, RUA, NUMERO, NOME, TELEFONE, TAMANHO, PRECO )
	VALUES ( 'Martins', 'Setor Laura da Costa', 864926, 'Eloah Pereira', 'Fugit un', 413853, 67807.14 );
INSERT INTO LOCAL ( CIDADE, RUA, NUMERO, NOME, TELEFONE, TAMANHO, PRECO )
	VALUES ( 'Silva', 'Loteamento Enrico Jesus', 428281, 'Eduarda da Rocha', 'Id deserunt', 665143, 32377.57 );
INSERT INTO LOCAL ( CIDADE, RUA, NUMERO, NOME, TELEFONE, TAMANHO, PRECO )
	VALUES ( 'Silva', 'Vereda Cecília Teixeira', 277688, 'Enzo Mendes', 'Nisi conseq', 488721, 29380.42 );
INSERT INTO LOCAL ( CIDADE, RUA, NUMERO, NOME, TELEFONE, TAMANHO, PRECO )
	VALUES ( 'Viana do Amparo', 'Aeroporto Ana Moraes', 476029, 'Sr. João Vitor Gonçalves', 'Rem ad dolo', 221887, 50562.51 );
INSERT INTO LOCAL ( CIDADE, RUA, NUMERO, NOME, TELEFONE, TAMANHO, PRECO )
	VALUES ( 'Costa', 'Jardim Stella da Rocha', 740184, 'Pedro Henrique Fogaça', 'Voluptate', 465437, 11963.17 );
INSERT INTO LOCAL ( CIDADE, RUA, NUMERO, NOME, TELEFONE, TAMANHO, PRECO )
	VALUES ( 'Novaes', 'Jardim Vinicius Sales', 348374, 'Ana Sophia da Paz', 'Ea culpa re', 706899, 29194.38 );
INSERT INTO LOCAL ( CIDADE, RUA, NUMERO, NOME, TELEFONE, TAMANHO, PRECO )
	VALUES ( 'Carvalho dos Dourados', 'Favela Cardoso', 349215, 'Srta. Ana Vitória Souza', 'Nesciunt mol', 332359, 15504.44 );
INSERT INTO LOCAL ( CIDADE, RUA, NUMERO, NOME, TELEFONE, TAMANHO, PRECO )
	VALUES ( 'Duarte', 'Residencial Teixeira', 148335, 'Eduardo Pinto', 'Quam id d', 448588, 62399.07 );
INSERT INTO LOCAL ( CIDADE, RUA, NUMERO, NOME, TELEFONE, TAMANHO, PRECO )
	VALUES ( 'Almeida de Minas', 'Aeroporto Maria Clara Ribeiro', 665400, 'Esther Nunes', 'In voluptate', 433644, 82581.47 );
INSERT INTO LOCAL ( CIDADE, RUA, NUMERO, NOME, TELEFONE, TAMANHO, PRECO )
	VALUES ( 'Carvalho Paulista', 'Lagoa da Mota', 601316, 'Luiz Felipe FariasFernandes', 'Repellendus', 703991, 19717.28 );
INSERT INTO LOCAL ( CIDADE, RUA, NUMERO, NOME, TELEFONE, TAMANHO, PRECO )
	VALUES ( 'Barros da Praia', 'Lago Carvalho', 840668, 'Rafael Melo', 'Fugiat ', 381702, 15448.77 );
INSERT INTO LOCAL ( CIDADE, RUA, NUMERO, NOME, TELEFONE, TAMANHO, PRECO )
	VALUES ( 'Barbosa', 'Lago de Almeida', 737447, 'Milena Araújo', 'Ex inventore r', 854194, 13959.35 );
INSERT INTO LOCAL ( CIDADE, RUA, NUMERO, NOME, TELEFONE, TAMANHO, PRECO )
	VALUES ( 'Nunes', 'Passarela Eduardo Ferreira', 793547, 'Pedro Henrique Ramos', 'Molestias iste', 369831, 21066.57 );
INSERT INTO LOCAL ( CIDADE, RUA, NUMERO, NOME, TELEFONE, TAMANHO, PRECO )
	VALUES ( 'Melo', 'Favela de Castro', 472151, 'Caroline Martins', 'Sapient', 790896, 71085.06 );
INSERT INTO LOCAL ( CIDADE, RUA, NUMERO, NOME, TELEFONE, TAMANHO, PRECO )
	VALUES ( 'Azevedo', 'Vereda Carlos Eduardo Cardoso,', 219384, 'Lavínia Oliveira', 'Facilis qu', 177575, 78628.1 );
INSERT INTO LOCAL ( CIDADE, RUA, NUMERO, NOME, TELEFONE, TAMANHO, PRECO )
	VALUES ( 'Silveira do Campo', 'Via de Moura', 830095, 'Maria Eduarda Viana', 'Rerum v', 746361, 32934.01 );
INSERT INTO LOCAL ( CIDADE, RUA, NUMERO, NOME, TELEFONE, TAMANHO, PRECO )
	VALUES ( 'Viana', 'Feira de da Rosa', 524058, 'Sr. Thiago Monteiro', 'Ea neque i', 772998, 65059.05 );
INSERT INTO LOCAL ( CIDADE, RUA, NUMERO, NOME, TELEFONE, TAMANHO, PRECO )
	VALUES ( 'Barros de Goiás', 'Conjunto de Duarte', 164171, 'Ana Júlia Mendes', 'Perspiciatis', 847195, 53150.19 );
INSERT INTO LOCAL ( CIDADE, RUA, NUMERO, NOME, TELEFONE, TAMANHO, PRECO )
	VALUES ( 'Nascimento', 'Favela de Cardoso,', 181518, 'Nathan FariasFernandes', 'Eius labo', 109565, 55989.55 );
INSERT INTO LOCAL ( CIDADE, RUA, NUMERO, NOME, TELEFONE, TAMANHO, PRECO )
	VALUES ( 'Ramos do Amparo', 'Viaduto Aragão', 825181, 'Carlos Eduardo Lopes', 'Voluptas atq', 615125, 59963.79 );
INSERT INTO LOCAL ( CIDADE, RUA, NUMERO, NOME, TELEFONE, TAMANHO, PRECO )
	VALUES ( 'da Rocha do Norte', 'Área de Fogaça', 880100, 'Otávio da Paz', 'Quaerat minus ', 559068, 81545.39 );
INSERT INTO LOCAL ( CIDADE, RUA, NUMERO, NOME, TELEFONE, TAMANHO, PRECO )
	VALUES ( 'da Paz Paulista', 'Trevo Brenda Peixoto', 382888, 'Dra. Evelyn Sales', 'Hic ipsum ', 781207, 83973.9 );
INSERT INTO LOCAL ( CIDADE, RUA, NUMERO, NOME, TELEFONE, TAMANHO, PRECO )
	VALUES ( 'Ferreira', 'Avenida de Santos', 710031, 'Melissa da Luz', 'Harum sit di', 888824, 8875.72 );
INSERT INTO LOCAL ( CIDADE, RUA, NUMERO, NOME, TELEFONE, TAMANHO, PRECO )
	VALUES ( 'Castro do Norte', 'Pátio de das Neves', 481689, 'Milena Souza', 'Itaque minima ', 813282, 72178.11 );
INSERT INTO LOCAL ( CIDADE, RUA, NUMERO, NOME, TELEFONE, TAMANHO, PRECO )
	VALUES ( 'da Costa', 'Pátio de Novaes', 636547, 'Emilly Moura', 'Minus mole', 617702, 94147.34 );
INSERT INTO LOCAL ( CIDADE, RUA, NUMERO, NOME, TELEFONE, TAMANHO, PRECO )
	VALUES ( 'Pereira', 'Trevo Esther Moreira', 608834, 'Joana Martins', 'Ut nam co', 506235, 58929.67 );
INSERT INTO LOCAL ( CIDADE, RUA, NUMERO, NOME, TELEFONE, TAMANHO, PRECO )
	VALUES ( 'Monteiro Alegre', 'Distrito Azevedo', 824953, 'Juliana Alves', 'Soluta qu', 887456, 61352.44 );
INSERT INTO LOCAL ( CIDADE, RUA, NUMERO, NOME, TELEFONE, TAMANHO, PRECO )
	VALUES ( 'Cavalcanti', 'Trecho Gonçalves', 420038, 'Elisa Rodrigues', 'Possimus ul', 207821, 283.5 );
INSERT INTO LOCAL ( CIDADE, RUA, NUMERO, NOME, TELEFONE, TAMANHO, PRECO )
	VALUES ( 'Jesus do Galho', 'Quadra Moreira', 324267, 'Dra. Mirella da Cunha', 'Doloremque', 284421, 15686.28 );
INSERT INTO LOCAL ( CIDADE, RUA, NUMERO, NOME, TELEFONE, TAMANHO, PRECO )
	VALUES ( 'Lopes de Ramos', 'Viela FariasFernandes', 374338, 'Diogo Mendes', 'Vero offi', 517162, 10412.85 );
INSERT INTO LOCAL ( CIDADE, RUA, NUMERO, NOME, TELEFONE, TAMANHO, PRECO )
	VALUES ( 'Lopes', 'Viaduto Teixeira', 117440, 'Camila Pinto', 'Pariatur a', 806085, 39053.28 );
INSERT INTO LOCAL ( CIDADE, RUA, NUMERO, NOME, TELEFONE, TAMANHO, PRECO )
	VALUES ( 'Fogaça', 'Morro de Silveira', 315556, 'Felipe Campos', 'Architec', 373455, 29507.03 );

/* TABLE PESSOA */
/* NULL INSERTION FOR ATTRIBUTEEMAILAT TABLEPESSOA */
INSERT INTO PESSOA ( CPF, NOME, TELEFONE, CIDADE, RUA, NUMERO, EMAIL )
	VALUES ( '893.571.406-21', 'Dr. Breno Ferreira', 'Atque iu', 'Porto', 'Esplanada Leandro Dias', 595077, NULL );
/* NULL INSERTION FOR ATTRIBUTENUMEROAT TABLEPESSOA */
INSERT INTO PESSOA ( CPF, NOME, TELEFONE, CIDADE, RUA, NUMERO, EMAIL )
	VALUES ( '180.974.623-11', 'Sophie Fogaça', 'Animi reici', 'Nascimento', 'Lagoa de Cardoso,', NULL, 'vcunha@bol.com.br' );
/* NULL INSERTION FOR ATTRIBUTERUAAT TABLEPESSOA */
INSERT INTO PESSOA ( CPF, NOME, TELEFONE, CIDADE, RUA, NUMERO, EMAIL )
	VALUES ( '408.592.673-18', 'Lívia Aragão', 'Accusantium ', 'da Cunha do Oeste', NULL, 850756, 'cardosoalexandre@yahoo.com.br' );
/* NULL INSERTION FOR ATTRIBUTECIDADEAT TABLEPESSOA */
INSERT INTO PESSOA ( CPF, NOME, TELEFONE, CIDADE, RUA, NUMERO, EMAIL )
	VALUES ( '746.013.982-31', 'Luiza Pires', 'Magnam e', NULL, 'Setor de da Paz', 582664, 'brunagomes@yahoo.com.br' );
INSERT INTO PESSOA ( CPF, NOME, TELEFONE, CIDADE, RUA, NUMERO, EMAIL )
	VALUES ( '604.872.351-26', 'Ana Clara Freitas', 'Vel conseq', 'Moraes das Flores', 'Distrito Souza', 147450, 'daniloda-paz@yahoo.com.br' );
INSERT INTO PESSOA ( CPF, NOME, TELEFONE, CIDADE, RUA, NUMERO, EMAIL )
	VALUES ( '354.789.621-55', 'Enzo Lima', 'Iste conseq', 'Ferreira de da Rocha', 'Vila Joaquim Rezende', 172507, 'pedro-henriqueazevedo@gmail.co' );
INSERT INTO PESSOA ( CPF, NOME, TELEFONE, CIDADE, RUA, NUMERO, EMAIL )
	VALUES ( '085.124.379-79', 'Maria Vitória Lima', 'Animi commodi', 'Oliveira do Galho', 'Lago Martins', 816166, 'barbosarodrigo@gmail.com' );
INSERT INTO PESSOA ( CPF, NOME, TELEFONE, CIDADE, RUA, NUMERO, EMAIL )
	VALUES ( '219.468.530-89', 'Camila Lima', 'Repellat asper', 'Pereira', 'Jardim Rocha', 724673, 'joaquim83@gmail.com' );
INSERT INTO PESSOA ( CPF, NOME, TELEFONE, CIDADE, RUA, NUMERO, EMAIL )
	VALUES ( '254.806.197-31', 'Matheus Novaes', 'Reprehe', 'da Mata', 'Residencial de Barbosa', 378812, 'rezendemaria-julia@uol.com.br' );
INSERT INTO PESSOA ( CPF, NOME, TELEFONE, CIDADE, RUA, NUMERO, EMAIL )
	VALUES ( '719.024.536-71', 'Matheus Nogueira', 'Nihil ma', 'Cardoso, do Sul', 'Largo Duarte', 887404, 'vicente10@uol.com.br' );
INSERT INTO PESSOA ( CPF, NOME, TELEFONE, CIDADE, RUA, NUMERO, EMAIL )
	VALUES ( '596.178.234-46', 'Marina Viana', 'Magnam perf', 'Nogueira', 'Travessa Marina Araújo', 242443, 'cunhadiego@hotmail.com' );
INSERT INTO PESSOA ( CPF, NOME, TELEFONE, CIDADE, RUA, NUMERO, EMAIL )
	VALUES ( '691.720.354-81', 'Sophia Costela', 'Vero esse c', 'Cardoso Grande', 'Estrada Yasmin da Cruz', 307849, 'gustavonogueira@gmail.com' );
INSERT INTO PESSOA ( CPF, NOME, TELEFONE, CIDADE, RUA, NUMERO, EMAIL )
	VALUES ( '145.093.687-39', 'Maria Alice Costela', 'Repudiandae e', 'da Cruz do Sul', 'Lago Freitas', 515952, 'ada-mata@gmail.com' );
INSERT INTO PESSOA ( CPF, NOME, TELEFONE, CIDADE, RUA, NUMERO, EMAIL )
	VALUES ( '736.254.180-53', 'Benício Monteiro', 'Porro v', 'Novaes', 'Travessa de Melo', 602757, 'gpires@bol.com.br' );
INSERT INTO PESSOA ( CPF, NOME, TELEFONE, CIDADE, RUA, NUMERO, EMAIL )
	VALUES ( '264.870.395-19', 'Sabrina Novaes', 'Dicta quo', 'Costela do Oeste', 'Recanto da Conceição', 395286, 'lfogaca@gmail.com' );
INSERT INTO PESSOA ( CPF, NOME, TELEFONE, CIDADE, RUA, NUMERO, EMAIL )
	VALUES ( '043.598.176-57', 'Emanuella Ribeiro', 'Officia occ', 'da Mata', 'Setor de Ramos', 829347, 'qfariasfernandes@ig.com.br' );
INSERT INTO PESSOA ( CPF, NOME, TELEFONE, CIDADE, RUA, NUMERO, EMAIL )
	VALUES ( '326.017.849-11', 'Emilly Teixeira', 'Ea volupta', 'da Conceição de Teixeira', 'Vila de Peixoto', 836223, 'beatrizmoreira@bol.com.br' );
INSERT INTO PESSOA ( CPF, NOME, TELEFONE, CIDADE, RUA, NUMERO, EMAIL )
	VALUES ( '289.410.763-31', 'Dr. Pedro Miguel Cardoso', 'Sint nu', 'Ramos de Gomes', 'Sítio de Freitas', 617355, 'juanalmeida@uol.com.br' );
INSERT INTO PESSOA ( CPF, NOME, TELEFONE, CIDADE, RUA, NUMERO, EMAIL )
	VALUES ( '835.921.640-15', 'Dr. Thales Silva', 'Cupidita', 'Freitas', 'Área de Barbosa', 781488, 'antonio05@hotmail.com' );
INSERT INTO PESSOA ( CPF, NOME, TELEFONE, CIDADE, RUA, NUMERO, EMAIL )
	VALUES ( '587.639.421-19', 'Dra. Carolina Porto', 'Aut digniss', 'Rodrigues das Pedras', 'Ladeira Ana Carolina Almeida', 123675, 'teixeiraalexia@yahoo.com.br' );
INSERT INTO PESSOA ( CPF, NOME, TELEFONE, CIDADE, RUA, NUMERO, EMAIL )
	VALUES ( '942.063.785-92', 'Mariana da Rosa', 'Cupiditate a', 'Barros', 'Campo Lorenzo Souza', 537431, 'ninaaraujo@hotmail.com' );
INSERT INTO PESSOA ( CPF, NOME, TELEFONE, CIDADE, RUA, NUMERO, EMAIL )
	VALUES ( '719.632.845-18', 'Olivia Araújo', 'Itaque ', 'da Costa', 'Fazenda de da Luz', 330616, 'waragao@yahoo.com.br' );
INSERT INTO PESSOA ( CPF, NOME, TELEFONE, CIDADE, RUA, NUMERO, EMAIL )
	VALUES ( '452.603.179-81', 'Alana Moraes', 'Reprehenderit', 'Sales', 'Conjunto Lima', 505729, 'luiz-otavioda-luz@hotmail.com' );
INSERT INTO PESSOA ( CPF, NOME, TELEFONE, CIDADE, RUA, NUMERO, EMAIL )
	VALUES ( '571.863.094-11', 'Eduardo Rezende', 'Voluptat', 'Ferreira de Goiás', 'Travessa Eloah Souza', 648095, 'felipeviana@hotmail.com' );
INSERT INTO PESSOA ( CPF, NOME, TELEFONE, CIDADE, RUA, NUMERO, EMAIL )
	VALUES ( '456.823.097-74', 'João Gabriel Lopes', 'Consectetur e', 'Cardoso Alegre', 'Pátio Marina Araújo', 627122, 'jporto@bol.com.br' );
INSERT INTO PESSOA ( CPF, NOME, TELEFONE, CIDADE, RUA, NUMERO, EMAIL )
	VALUES ( '741.896.205-31', 'Bianca Pinto', 'Fugit neces', 'das Neves', 'Estrada Sophia Ramos', 818657, 'da-cruzalicia@bol.com.br' );
INSERT INTO PESSOA ( CPF, NOME, TELEFONE, CIDADE, RUA, NUMERO, EMAIL )
	VALUES ( '438.761.205-35', 'Pedro Lucas Barbosa', 'Dolor quia', 'da Cunha', 'Aeroporto Joana Barros', 413213, 'oda-conceicao@ig.com.br' );
INSERT INTO PESSOA ( CPF, NOME, TELEFONE, CIDADE, RUA, NUMERO, EMAIL )
	VALUES ( '425.687.319-82', 'Maria Pires', 'Similique ius', 'Costela', 'Estrada Beatriz Ramos', 650254, 'evelyn03@uol.com.br' );
INSERT INTO PESSOA ( CPF, NOME, TELEFONE, CIDADE, RUA, NUMERO, EMAIL )
	VALUES ( '723.081.469-31', 'Anthony Moreira', 'Velit ma', 'da Rosa', 'Avenida Murilo Souza', 431130, 'luigiporto@yahoo.com.br' );
INSERT INTO PESSOA ( CPF, NOME, TELEFONE, CIDADE, RUA, NUMERO, EMAIL )
	VALUES ( '897.410.632-96', 'Isis Martins', 'Vero suscipi', 'Moura', 'Vila Almeida', 484568, 'henrique91@hotmail.com' );
INSERT INTO PESSOA ( CPF, NOME, TELEFONE, CIDADE, RUA, NUMERO, EMAIL )
	VALUES ( '047.391.265-16', 'Noah Martins', 'Cupidita', 'Sales da Mata', 'Feira Costela', 869153, 'msilva@hotmail.com' );
INSERT INTO PESSOA ( CPF, NOME, TELEFONE, CIDADE, RUA, NUMERO, EMAIL )
	VALUES ( '704.958.361-84', 'Davi Lucca Campos', 'Aliquam n', 'Azevedo', 'Via Vitória da Costa', 138346, 'cauedias@ig.com.br' );
INSERT INTO PESSOA ( CPF, NOME, TELEFONE, CIDADE, RUA, NUMERO, EMAIL )
	VALUES ( '148.067.532-62', 'João Miguel Rodrigues', 'Consequ', 'da Conceição', 'Núcleo de Silva', 497097, 'lopesfrancisco@hotmail.com' );
INSERT INTO PESSOA ( CPF, NOME, TELEFONE, CIDADE, RUA, NUMERO, EMAIL )
	VALUES ( '248.719.356-55', 'Bruno Nunes', 'Totam solut', 'Gomes', 'Distrito Oliveira', 820727, 'gomesyasmin@uol.com.br' );
INSERT INTO PESSOA ( CPF, NOME, TELEFONE, CIDADE, RUA, NUMERO, EMAIL )
	VALUES ( '682.135.740-44', 'Carlos Eduardo Teixeira', 'At volup', 'Santos', 'Vila da Cruz', 618013, 'murilo55@yahoo.com.br' );
INSERT INTO PESSOA ( CPF, NOME, TELEFONE, CIDADE, RUA, NUMERO, EMAIL )
	VALUES ( '619.308.754-11', 'Giovanna Nogueira', 'Illum quisq', 'Moraes', 'Trecho Laura Pires', 319951, 'olivia34@gmail.com' );
INSERT INTO PESSOA ( CPF, NOME, TELEFONE, CIDADE, RUA, NUMERO, EMAIL )
	VALUES ( '813.904.726-12', 'Dr. Leandro Alves', 'Suscipit ', 'Nunes Alegre', 'Largo Cecília Moura', 196814, 'davi-lucasda-luz@bol.com.br' );
INSERT INTO PESSOA ( CPF, NOME, TELEFONE, CIDADE, RUA, NUMERO, EMAIL )
	VALUES ( '213.695.087-86', 'Dra. Isis Santos', 'Excepturi ex', 'Rodrigues de Peixoto', 'Viela de Nunes', 616577, 'luiz-felipecampos@uol.com.br' );
INSERT INTO PESSOA ( CPF, NOME, TELEFONE, CIDADE, RUA, NUMERO, EMAIL )
	VALUES ( '960.538.471-19', 'Vitor Gabriel Gonçalves', 'Nostrum', 'da Rocha Alegre', 'Passarela Correia', 651739, 'tlima@bol.com.br' );
INSERT INTO PESSOA ( CPF, NOME, TELEFONE, CIDADE, RUA, NUMERO, EMAIL )
	VALUES ( '627.834.091-78', 'Emanuella da Cruz', 'Consectetu', 'Fogaça do Norte', 'Favela de da Mata', 659848, 'nicolasferreira@ig.com.br' );
INSERT INTO PESSOA ( CPF, NOME, TELEFONE, CIDADE, RUA, NUMERO, EMAIL )
	VALUES ( '482.310.957-13', 'Ana Sophia Silva', 'Repellendus ', 'Cavalcanti de Araújo', 'Rodovia Viana', 170328, 'helenajesus@bol.com.br' );
INSERT INTO PESSOA ( CPF, NOME, TELEFONE, CIDADE, RUA, NUMERO, EMAIL )
	VALUES ( '902.653.718-21', 'Isabelly Novaes', 'Omnis minus ', 'Costa de Martins', 'Pátio Rodrigo Rodrigues', 417781, 'diego10@yahoo.com.br' );
INSERT INTO PESSOA ( CPF, NOME, TELEFONE, CIDADE, RUA, NUMERO, EMAIL )
	VALUES ( '968.324.057-74', 'João Guilherme Dias', 'Ullam iure a', 'da Rocha', 'Rodovia Emanuel Carvalho', 702658, 'almeidapedro-lucas@hotmail.com' );
INSERT INTO PESSOA ( CPF, NOME, TELEFONE, CIDADE, RUA, NUMERO, EMAIL )
	VALUES ( '708.423.591-41', 'Sr. Juan Gomes', 'Placeat am', 'Ribeiro', 'Chácara de Cardoso', 387585, 'rafaeloliveira@gmail.com' );
INSERT INTO PESSOA ( CPF, NOME, TELEFONE, CIDADE, RUA, NUMERO, EMAIL )
	VALUES ( '523.184.960-13', 'Alexandre Santos', 'Autem nulla qu', 'Fogaça', 'Conjunto Helena Dias', 850649, 'steixeira@gmail.com' );
INSERT INTO PESSOA ( CPF, NOME, TELEFONE, CIDADE, RUA, NUMERO, EMAIL )
	VALUES ( '513.680.279-11', 'Leonardo Ribeiro', 'Laborum repre', 'Freitas do Oeste', 'Lago da Cunha', 636079, 'camilacardoso@hotmail.com' );
INSERT INTO PESSOA ( CPF, NOME, TELEFONE, CIDADE, RUA, NUMERO, EMAIL )
	VALUES ( '374.981.620-41', 'Pedro Lucas da Paz', 'Maiores odio a', 'da Rocha Grande', 'Via Joaquim Barbosa', 132051, 'milenamoraes@yahoo.com.br' );
INSERT INTO PESSOA ( CPF, NOME, TELEFONE, CIDADE, RUA, NUMERO, EMAIL )
	VALUES ( '926.315.470-81', 'Vitor Hugo Araújo', 'Quis maiores s', 'Barros do Amparo', 'Esplanada de Souza', 235764, 'ida-luz@uol.com.br' );
INSERT INTO PESSOA ( CPF, NOME, TELEFONE, CIDADE, RUA, NUMERO, EMAIL )
	VALUES ( '405.821.796-11', 'Bruna Souza', 'Dolor cum a', 'Duarte do Sul', 'Condomínio Gonçalves', 523443, 'kfariasfernandes@yahoo.com.br' );
INSERT INTO PESSOA ( CPF, NOME, TELEFONE, CIDADE, RUA, NUMERO, EMAIL )
	VALUES ( '210.876.954-49', 'Larissa Melo', 'Commodi vo', 'da Costa', 'Travessa de Porto', 858110, 'joao-vitorsales@uol.com.br' );
INSERT INTO PESSOA ( CPF, NOME, TELEFONE, CIDADE, RUA, NUMERO, EMAIL )
	VALUES ( '056.274.819-94', 'Gabriel Viana', 'Dolorem q', 'Pinto', 'Jardim Luiz Henrique Almeida', 492436, 'claracardoso@bol.com.br' );
INSERT INTO PESSOA ( CPF, NOME, TELEFONE, CIDADE, RUA, NUMERO, EMAIL )
	VALUES ( '973.546.120-14', 'Maitê Pinto', 'Dolorum quaer', 'Moura da Serra', 'Residencial de Gonçalves', 683964, 'da-luzluiz-henrique@bol.com.br' );
INSERT INTO PESSOA ( CPF, NOME, TELEFONE, CIDADE, RUA, NUMERO, EMAIL )
	VALUES ( '417.098.562-11', 'Emanuel Vieira', 'Maxime ex', 'Ramos da Mata', 'Feira Luiz Fernando das Neves', 407132, 'souzarenan@ig.com.br' );
INSERT INTO PESSOA ( CPF, NOME, TELEFONE, CIDADE, RUA, NUMERO, EMAIL )
	VALUES ( '062.895.713-11', 'Vitor Vieira', 'Officia erro', 'Sales de FariasFernandes', 'Aeroporto de Sales', 327643, 'vda-costa@ig.com.br' );
INSERT INTO PESSOA ( CPF, NOME, TELEFONE, CIDADE, RUA, NUMERO, EMAIL )
	VALUES ( '568.940.271-11', 'Sra. Lívia Pires', 'Eum necess', 'da Luz', 'Avenida Teixeira', 672616, 'ana-beatrizda-cruz@bol.com.br' );
INSERT INTO PESSOA ( CPF, NOME, TELEFONE, CIDADE, RUA, NUMERO, EMAIL )
	VALUES ( '724.308.695-19', 'Dra. Eduarda Vieira', 'Cum tempor', 'Aragão de Goiás', 'Rodovia de Moreira', 210758, 'unogueira@bol.com.br' );
INSERT INTO PESSOA ( CPF, NOME, TELEFONE, CIDADE, RUA, NUMERO, EMAIL )
	VALUES ( '874.326.509-18', 'Ana Júlia Moura', 'Saepe nihil qu', 'Peixoto Paulista', 'Estrada de Cardoso', 519812, 'ybarros@yahoo.com.br' );
INSERT INTO PESSOA ( CPF, NOME, TELEFONE, CIDADE, RUA, NUMERO, EMAIL )
	VALUES ( '325.670.489-11', 'Enzo Gabriel Dias', 'Omnis v', 'da Mota', 'Alameda Rocha', 775717, 'thomas65@bol.com.br' );
INSERT INTO PESSOA ( CPF, NOME, TELEFONE, CIDADE, RUA, NUMERO, EMAIL )
	VALUES ( '127.605.894-21', 'Ana Laura Costa', 'Deleniti e', 'Almeida do Sul', 'Trevo Peixoto', 493081, 'emanuellyferreira@yahoo.com.br' );
INSERT INTO PESSOA ( CPF, NOME, TELEFONE, CIDADE, RUA, NUMERO, EMAIL )
	VALUES ( '475.210.839-97', 'Elisa Ramos', 'Quidem ip', 'da Mata', 'Morro Eduarda Gonçalves', 832974, 'wdas-neves@yahoo.com.br' );
INSERT INTO PESSOA ( CPF, NOME, TELEFONE, CIDADE, RUA, NUMERO, EMAIL )
	VALUES ( '328.746.951-73', 'Heloísa Pires', 'Distinct', 'Pereira', 'Favela Leonardo Lima', 441081, 'maria-fernandadas-neves@bol.co' );
INSERT INTO PESSOA ( CPF, NOME, TELEFONE, CIDADE, RUA, NUMERO, EMAIL )
	VALUES ( '398.276.154-91', 'Dr. Anthony Mendes', 'Sint quo', 'Cunha', 'Condomínio Pires', 393326, 'heitor37@gmail.com' );
INSERT INTO PESSOA ( CPF, NOME, TELEFONE, CIDADE, RUA, NUMERO, EMAIL )
	VALUES ( '952.308.674-18', 'Marcos Vinicius Gonçalves', 'Voluptate ar', 'Caldeira', 'Esplanada Ferreira', 666524, 'da-pazmurilo@gmail.com' );
INSERT INTO PESSOA ( CPF, NOME, TELEFONE, CIDADE, RUA, NUMERO, EMAIL )
	VALUES ( '281.740.935-32', 'Rodrigo Monteiro', 'Quam con', 'Ribeiro', 'Estrada da Costa', 824779, 'lcampos@yahoo.com.br' );
INSERT INTO PESSOA ( CPF, NOME, TELEFONE, CIDADE, RUA, NUMERO, EMAIL )
	VALUES ( '572.309.461-15', 'Bruna Oliveira', 'Repudiandae', 'Lopes', 'Colônia Catarina Fogaça', 262297, 'isilveira@bol.com.br' );
INSERT INTO PESSOA ( CPF, NOME, TELEFONE, CIDADE, RUA, NUMERO, EMAIL )
	VALUES ( '340.758.216-17', 'Enrico Silva', 'Similique', 'Dias', 'Colônia Isadora Santos', 235194, 'moreiraisis@bol.com.br' );
INSERT INTO PESSOA ( CPF, NOME, TELEFONE, CIDADE, RUA, NUMERO, EMAIL )
	VALUES ( '237.859.614-64', 'Felipe Dias', 'Quaerat molli', 'Rodrigues de da Paz', 'Sítio de Pereira', 314594, 'laiscastro@yahoo.com.br' );
INSERT INTO PESSOA ( CPF, NOME, TELEFONE, CIDADE, RUA, NUMERO, EMAIL )
	VALUES ( '601.832.957-31', 'Pedro Miguel Santos', 'Perferen', 'Rezende', 'Estação Noah Melo', 451274, 'ribeirodiogo@hotmail.com' );
INSERT INTO PESSOA ( CPF, NOME, TELEFONE, CIDADE, RUA, NUMERO, EMAIL )
	VALUES ( '102.694.837-13', 'Alana Azevedo', 'Adipisci cum ', 'Rodrigues das Pedras', 'Jardim da Cunha', 881534, 'spires@uol.com.br' );
INSERT INTO PESSOA ( CPF, NOME, TELEFONE, CIDADE, RUA, NUMERO, EMAIL )
	VALUES ( '823.941.507-51', 'Dr. Lucas Gabriel Aragão', 'Vero volu', 'Vieira de Minas', 'Recanto Cardoso', 818931, 'diego07@uol.com.br' );
INSERT INTO PESSOA ( CPF, NOME, TELEFONE, CIDADE, RUA, NUMERO, EMAIL )
	VALUES ( '870.564.913-75', 'Sr. Thomas Dias', 'Debitis om', 'Rocha', 'Condomínio de Barros', 354446, 'rodrigo57@yahoo.com.br' );
INSERT INTO PESSOA ( CPF, NOME, TELEFONE, CIDADE, RUA, NUMERO, EMAIL )
	VALUES ( '796.851.324-37', 'Gustavo Silva', 'Nisi ex vero ', 'Pires de Goiás', 'Chácara Breno da Conceição', 143806, 'taraujo@bol.com.br' );
INSERT INTO PESSOA ( CPF, NOME, TELEFONE, CIDADE, RUA, NUMERO, EMAIL )
	VALUES ( '039.582.641-15', 'Rafaela Freitas', 'Id faci', 'Ramos', 'Rua Benjamin Cardoso,', 805894, 'monteirosabrina@ig.com.br' );
INSERT INTO PESSOA ( CPF, NOME, TELEFONE, CIDADE, RUA, NUMERO, EMAIL )
	VALUES ( '289.657.134-55', 'Sabrina Moreira', 'Voluptas acc', 'Moura da Serra', 'Viaduto de Costela', 452154, 'aaraujo@hotmail.com' );
INSERT INTO PESSOA ( CPF, NOME, TELEFONE, CIDADE, RUA, NUMERO, EMAIL )
	VALUES ( '892.056.143-51', 'Lorena Rezende', 'Perferendis v', 'da Rocha de Goiás', 'Setor Rocha', 100007, 'nogueiraluiza@yahoo.com.br' );
INSERT INTO PESSOA ( CPF, NOME, TELEFONE, CIDADE, RUA, NUMERO, EMAIL )
	VALUES ( '986.054.132-98', 'Maria Mendes', 'Praesenti', 'Oliveira', 'Feira da Cunha', 216429, 'piresfernanda@gmail.com' );
INSERT INTO PESSOA ( CPF, NOME, TELEFONE, CIDADE, RUA, NUMERO, EMAIL )
	VALUES ( '150.238.679-86', 'Luiz Fernando Castro', 'Quos molliti', 'Ferreira do Galho', 'Pátio de Rezende', 523405, 'qporto@hotmail.com' );
INSERT INTO PESSOA ( CPF, NOME, TELEFONE, CIDADE, RUA, NUMERO, EMAIL )
	VALUES ( '258.416.793-17', 'João Pedro Gonçalves', 'Doloribus quo ', 'Ramos', 'Jardim Bryan Gonçalves', 537753, 'anthony89@gmail.com' );
INSERT INTO PESSOA ( CPF, NOME, TELEFONE, CIDADE, RUA, NUMERO, EMAIL )
	VALUES ( '473.025.816-91', 'Carlos Eduardo Cavalcanti', 'Et volup', 'Fogaça', 'Via Clarice Freitas', 136445, 'castrolarissa@ig.com.br' );
INSERT INTO PESSOA ( CPF, NOME, TELEFONE, CIDADE, RUA, NUMERO, EMAIL )
	VALUES ( '723.861.409-11', 'Srta. Heloísa Freitas', 'Fuga omnis sus', 'Fogaça', 'Via Azevedo', 195429, 'ferreiraalexia@gmail.com' );
INSERT INTO PESSOA ( CPF, NOME, TELEFONE, CIDADE, RUA, NUMERO, EMAIL )
	VALUES ( '312.097.456-15', 'Srta. Laís Nunes', 'Iste eveniet ', 'da Mota do Galho', 'Viaduto de Teixeira', 455148, 'bernardo94@bol.com.br' );
INSERT INTO PESSOA ( CPF, NOME, TELEFONE, CIDADE, RUA, NUMERO, EMAIL )
	VALUES ( '643.715.829-82', 'Murilo da Mata', 'Esse fa', 'Pereira do Oeste', 'Jardim Felipe da Mata', 144358, 'leonardobarbosa@ig.com.br' );
INSERT INTO PESSOA ( CPF, NOME, TELEFONE, CIDADE, RUA, NUMERO, EMAIL )
	VALUES ( '724.839.165-46', 'Felipe da Rosa', 'Veritatis odi', 'Costela das Pedras', 'Ladeira de Peixoto', 732911, 'lucca59@yahoo.com.br' );
INSERT INTO PESSOA ( CPF, NOME, TELEFONE, CIDADE, RUA, NUMERO, EMAIL )
	VALUES ( '870.296.513-59', 'Antônio Alves', 'Consequatur ', 'da Conceição', 'Vale João Miguel Moura', 501704, 'melissa91@gmail.com' );
INSERT INTO PESSOA ( CPF, NOME, TELEFONE, CIDADE, RUA, NUMERO, EMAIL )
	VALUES ( '514.062.793-15', 'Luiz Otávio Porto', 'Architect', 'Nunes', 'Morro João Lucas Santos', 642105, 'mendesdavi@bol.com.br' );
INSERT INTO PESSOA ( CPF, NOME, TELEFONE, CIDADE, RUA, NUMERO, EMAIL )
	VALUES ( '417.583.290-41', 'Joana Peixoto', 'Expedit', 'Cavalcanti do Norte', 'Estrada Lavínia Campos', 844136, 'eloah55@gmail.com' );
INSERT INTO PESSOA ( CPF, NOME, TELEFONE, CIDADE, RUA, NUMERO, EMAIL )
	VALUES ( '152.903.764-61', 'Isabella da Costa', 'Neque r', 'Silveira das Flores', 'Morro Ana Beatriz Ferreira', 229266, 'melodiego@uol.com.br' );
INSERT INTO PESSOA ( CPF, NOME, TELEFONE, CIDADE, RUA, NUMERO, EMAIL )
	VALUES ( '023.157.984-51', 'Henrique Silveira', 'Fugit s', 'da Paz', 'Favela Carvalho', 711731, 'da-motaolivia@ig.com.br' );
INSERT INTO PESSOA ( CPF, NOME, TELEFONE, CIDADE, RUA, NUMERO, EMAIL )
	VALUES ( '149.563.028-51', 'Emilly Silva', 'Sit commodi', 'Moura', 'Residencial Stephany Costa', 629432, 'monteiroesther@gmail.com' );
INSERT INTO PESSOA ( CPF, NOME, TELEFONE, CIDADE, RUA, NUMERO, EMAIL )
	VALUES ( '706.451.238-62', 'Yago Sales', 'Illo volupta', 'Correia', 'Praça de Santos', 262347, 'luanacampos@yahoo.com.br' );
INSERT INTO PESSOA ( CPF, NOME, TELEFONE, CIDADE, RUA, NUMERO, EMAIL )
	VALUES ( '961.428.375-18', 'Júlia Rezende', 'Occaecati n', 'Rocha', 'Avenida de Vieira', 768145, 'piresbianca@ig.com.br' );
INSERT INTO PESSOA ( CPF, NOME, TELEFONE, CIDADE, RUA, NUMERO, EMAIL )
	VALUES ( '274.563.081-44', 'Maysa Nunes', 'Dolorum', 'Nunes', 'Viela Theo Barros', 334582, 'levi31@yahoo.com.br' );
INSERT INTO PESSOA ( CPF, NOME, TELEFONE, CIDADE, RUA, NUMERO, EMAIL )
	VALUES ( '345.182.769-73', 'Sra. Luna das Neves', 'Consectetur e', 'Aragão', 'Favela de da Costa', 437436, 'knogueira@bol.com.br' );
INSERT INTO PESSOA ( CPF, NOME, TELEFONE, CIDADE, RUA, NUMERO, EMAIL )
	VALUES ( '105.697.324-25', 'Camila Jesus', 'Assumenda c', 'Martins do Amparo', 'Alameda de Freitas', 184342, 'raquelda-conceicao@ig.com.br' );
INSERT INTO PESSOA ( CPF, NOME, TELEFONE, CIDADE, RUA, NUMERO, EMAIL )
	VALUES ( '251.940.876-67', 'Sra. Laís Nascimento', 'Vitae d', 'Souza', 'Praça de Azevedo', 697388, 'sofiabarbosa@bol.com.br' );
INSERT INTO PESSOA ( CPF, NOME, TELEFONE, CIDADE, RUA, NUMERO, EMAIL )
	VALUES ( '284.609.531-14', 'Camila Cavalcanti', 'Officiis sequ', 'das Neves', 'Estação Otávio Martins', 379205, 'lazevedo@hotmail.com' );
INSERT INTO PESSOA ( CPF, NOME, TELEFONE, CIDADE, RUA, NUMERO, EMAIL )
	VALUES ( '437.912.085-61', 'Dr. Caio Vieira', 'Dolorum v', 'Cardoso dos Dourados', 'Feira de Martins', 361023, 'silvagabriela@uol.com.br' );
INSERT INTO PESSOA ( CPF, NOME, TELEFONE, CIDADE, RUA, NUMERO, EMAIL )
	VALUES ( '521.648.370-53', 'Sophia Castro', 'Nam vel', 'Ribeiro', 'Quadra de Freitas', 513990, 'correiafelipe@ig.com.br' );
INSERT INTO PESSOA ( CPF, NOME, TELEFONE, CIDADE, RUA, NUMERO, EMAIL )
	VALUES ( '903.816.472-69', 'Sra. Sophie Barbosa', 'Quisquam illu', 'Martins', 'Viela Lucas Gabriel Sales', 335091, 'maysaazevedo@hotmail.com' );
INSERT INTO PESSOA ( CPF, NOME, TELEFONE, CIDADE, RUA, NUMERO, EMAIL )
	VALUES ( '234.056.871-44', 'Marcela Ribeiro', 'Eius perfe', 'da Rosa da Mata', 'Quadra de Peixoto', 807544, 'fsales@yahoo.com.br' );
INSERT INTO PESSOA ( CPF, NOME, TELEFONE, CIDADE, RUA, NUMERO, EMAIL )
	VALUES ( '249.580.371-79', 'Manuela Pinto', 'In error s', 'Cardoso de Aragão', 'Aeroporto Luiz Otávio Castro', 616901, 'ramosnathan@uol.com.br' );
INSERT INTO PESSOA ( CPF, NOME, TELEFONE, CIDADE, RUA, NUMERO, EMAIL )
	VALUES ( '529.748.613-18', 'Laís Teixeira', 'Tempora rep', 'da Cunha da Serra', 'Lagoa Rafaela Lima', 884883, 'pda-luz@yahoo.com.br' );
INSERT INTO PESSOA ( CPF, NOME, TELEFONE, CIDADE, RUA, NUMERO, EMAIL )
	VALUES ( '108.549.236-24', 'Julia Ramos', 'Nostrum ita', 'Santos do Campo', 'Campo Pedro Henrique Pires', 651771, 'cunhaluigi@bol.com.br' );
INSERT INTO PESSOA ( CPF, NOME, TELEFONE, CIDADE, RUA, NUMERO, EMAIL )
	VALUES ( '417.890.356-19', 'André Souza', 'Distinct', 'Sales de Carvalho', 'Parque Kevin da Conceição', 512938, 'nnunes@yahoo.com.br' );

/* TABLE EVENTO */
/* NULL INSERTION FOR ATTRIBUTEPRECO_COMBINADO_LOCALAT TABLEEVENTO */
INSERT INTO EVENTO ( LOCAL, DATA, HORA_INICIO, HORA_FIM, TIPO, CONTRATANTE, DURACAO, QTD_PARTICIPANTES, QTD_FUNCIONARIOS, PRECO, PRECO_COMBINADO_LOCAL )
	VALUES ( 44, to_date ('2010-03-14', 'YYYY-MM-DD'), '07:35:34', '07:36:29', 'FORMATURA', '724.308.695-19', 293253, 148108, 459379, 94024.9, NULL );
/* NULL INSERTION FOR ATTRIBUTEPRECOAT TABLEEVENTO */
INSERT INTO EVENTO ( LOCAL, DATA, HORA_INICIO, HORA_FIM, TIPO, CONTRATANTE, DURACAO, QTD_PARTICIPANTES, QTD_FUNCIONARIOS, PRECO, PRECO_COMBINADO_LOCAL )
	VALUES ( 33, to_date ('2016-07-01', 'YYYY-MM-DD'), '12:44:49', '16:28:21', 'FORMATURA', '047.391.265-16', 852235, 170891, 871954, NULL, 67114.29 );
/* NULL INSERTION FOR ATTRIBUTEQTD_FUNCIONARIOSAT TABLEEVENTO */
INSERT INTO EVENTO ( LOCAL, DATA, HORA_INICIO, HORA_FIM, TIPO, CONTRATANTE, DURACAO, QTD_PARTICIPANTES, QTD_FUNCIONARIOS, PRECO, PRECO_COMBINADO_LOCAL )
	VALUES ( 51, to_date ('2015-06-21', 'YYYY-MM-DD'), '04:13:27', '11:58:16', 'CASAMENTO', '723.861.409-11', 729300, 453380, NULL, 66280.45, 89623.06 );
/* NULL INSERTION FOR ATTRIBUTEQTD_PARTICIPANTESAT TABLEEVENTO */
INSERT INTO EVENTO ( LOCAL, DATA, HORA_INICIO, HORA_FIM, TIPO, CONTRATANTE, DURACAO, QTD_PARTICIPANTES, QTD_FUNCIONARIOS, PRECO, PRECO_COMBINADO_LOCAL )
	VALUES ( 56, to_date ('2017-08-23', 'YYYY-MM-DD'), '06:11:19', '01:16:10', 'CASAMENTO', '219.468.530-89', 622642, NULL, 504057, 61918.59, 92457.14 );
/* NULL INSERTION FOR ATTRIBUTEDURACAOAT TABLEEVENTO */
INSERT INTO EVENTO ( LOCAL, DATA, HORA_INICIO, HORA_FIM, TIPO, CONTRATANTE, DURACAO, QTD_PARTICIPANTES, QTD_FUNCIONARIOS, PRECO, PRECO_COMBINADO_LOCAL )
	VALUES ( 27, to_date ('2009-08-10', 'YYYY-MM-DD'), '14:56:51', '09:45:25', 'CASAMENTO', '529.748.613-18', NULL, 151362, 317102, 30641.45, 18347.73 );
/* NULL INSERTION FOR ATTRIBUTEHORA_FIMAT TABLEEVENTO */
INSERT INTO EVENTO ( LOCAL, DATA, HORA_INICIO, HORA_FIM, TIPO, CONTRATANTE, DURACAO, QTD_PARTICIPANTES, QTD_FUNCIONARIOS, PRECO, PRECO_COMBINADO_LOCAL )
	VALUES ( 26, to_date ('2018-09-02', 'YYYY-MM-DD'), '02:57:58', NULL, 'CASAMENTO', '354.789.621-55', 411747, 213819, 606058, 16615.26, 36282.87 );
INSERT INTO EVENTO ( LOCAL, DATA, HORA_INICIO, HORA_FIM, TIPO, CONTRATANTE, DURACAO, QTD_PARTICIPANTES, QTD_FUNCIONARIOS, PRECO, PRECO_COMBINADO_LOCAL )
	VALUES ( 37, to_date ('2012-03-13', 'YYYY-MM-DD'), '22:18:54', '12:40:12', 'CASAMENTO', '870.564.913-75', 796156, 175663, 352320, 29546.88, 16933.77 );
INSERT INTO EVENTO ( LOCAL, DATA, HORA_INICIO, HORA_FIM, TIPO, CONTRATANTE, DURACAO, QTD_PARTICIPANTES, QTD_FUNCIONARIOS, PRECO, PRECO_COMBINADO_LOCAL )
	VALUES ( 9, to_date ('2013-11-29', 'YYYY-MM-DD'), '02:08:55', '11:46:22', 'FORMATURA', '724.308.695-19', 109645, 489547, 765532, 50408.64, 6790.51 );
INSERT INTO EVENTO ( LOCAL, DATA, HORA_INICIO, HORA_FIM, TIPO, CONTRATANTE, DURACAO, QTD_PARTICIPANTES, QTD_FUNCIONARIOS, PRECO, PRECO_COMBINADO_LOCAL )
	VALUES ( 21, to_date ('2005-03-24', 'YYYY-MM-DD'), '17:52:46', '12:11:56', 'FORMATURA', '254.806.197-31', 445100, 154806, 406768, 94860.71, 59492.47 );
INSERT INTO EVENTO ( LOCAL, DATA, HORA_INICIO, HORA_FIM, TIPO, CONTRATANTE, DURACAO, QTD_PARTICIPANTES, QTD_FUNCIONARIOS, PRECO, PRECO_COMBINADO_LOCAL )
	VALUES ( 97, to_date ('2007-05-15', 'YYYY-MM-DD'), '06:41:57', '08:52:30', 'CASAMENTO', '568.940.271-11', 786048, 158275, 665994, 48827.42, 72235.82 );
INSERT INTO EVENTO ( LOCAL, DATA, HORA_INICIO, HORA_FIM, TIPO, CONTRATANTE, DURACAO, QTD_PARTICIPANTES, QTD_FUNCIONARIOS, PRECO, PRECO_COMBINADO_LOCAL )
	VALUES ( 84, to_date ('2014-02-21', 'YYYY-MM-DD'), '23:28:59', '07:19:30', 'FORMATURA', '148.067.532-62', 455598, 364907, 494386, 34897.36, 8893.75 );
INSERT INTO EVENTO ( LOCAL, DATA, HORA_INICIO, HORA_FIM, TIPO, CONTRATANTE, DURACAO, QTD_PARTICIPANTES, QTD_FUNCIONARIOS, PRECO, PRECO_COMBINADO_LOCAL )
	VALUES ( 14, to_date ('2016-12-12', 'YYYY-MM-DD'), '00:58:12', '05:58:38', 'FORMATURA', '452.603.179-81', 698390, 419472, 524091, 62475.26, 30853.22 );
INSERT INTO EVENTO ( LOCAL, DATA, HORA_INICIO, HORA_FIM, TIPO, CONTRATANTE, DURACAO, QTD_PARTICIPANTES, QTD_FUNCIONARIOS, PRECO, PRECO_COMBINADO_LOCAL )
	VALUES ( 54, to_date ('2002-06-05', 'YYYY-MM-DD'), '02:11:18', '20:26:09', 'CASAMENTO', '023.157.984-51', 592101, 267107, 352400, 30661.48, 24681.16 );
INSERT INTO EVENTO ( LOCAL, DATA, HORA_INICIO, HORA_FIM, TIPO, CONTRATANTE, DURACAO, QTD_PARTICIPANTES, QTD_FUNCIONARIOS, PRECO, PRECO_COMBINADO_LOCAL )
	VALUES ( 8, to_date ('2002-06-08', 'YYYY-MM-DD'), '19:06:24', '05:31:51', 'FORMATURA', '723.081.469-31', 667519, 513709, 137227, 99568.41, 73884.26 );
INSERT INTO EVENTO ( LOCAL, DATA, HORA_INICIO, HORA_FIM, TIPO, CONTRATANTE, DURACAO, QTD_PARTICIPANTES, QTD_FUNCIONARIOS, PRECO, PRECO_COMBINADO_LOCAL )
	VALUES ( 71, to_date ('2014-01-04', 'YYYY-MM-DD'), '20:06:37', '20:15:14', 'FORMATURA', '289.657.134-55', 488454, 357321, 679623, 6050.95, 74510.68 );
INSERT INTO EVENTO ( LOCAL, DATA, HORA_INICIO, HORA_FIM, TIPO, CONTRATANTE, DURACAO, QTD_PARTICIPANTES, QTD_FUNCIONARIOS, PRECO, PRECO_COMBINADO_LOCAL )
	VALUES ( 51, to_date ('2008-02-04', 'YYYY-MM-DD'), '23:21:44', '12:02:20', 'CASAMENTO', '237.859.614-64', 434066, 749973, 828278, 3502.95, 89251.01 );
INSERT INTO EVENTO ( LOCAL, DATA, HORA_INICIO, HORA_FIM, TIPO, CONTRATANTE, DURACAO, QTD_PARTICIPANTES, QTD_FUNCIONARIOS, PRECO, PRECO_COMBINADO_LOCAL )
	VALUES ( 11, to_date ('2014-06-03', 'YYYY-MM-DD'), '20:15:34', '13:05:30', 'CASAMENTO', '892.056.143-51', 111484, 611920, 108096, 12924.94, 40211.72 );
INSERT INTO EVENTO ( LOCAL, DATA, HORA_INICIO, HORA_FIM, TIPO, CONTRATANTE, DURACAO, QTD_PARTICIPANTES, QTD_FUNCIONARIOS, PRECO, PRECO_COMBINADO_LOCAL )
	VALUES ( 84, to_date ('2005-12-18', 'YYYY-MM-DD'), '12:53:03', '09:46:39', 'CASAMENTO', '326.017.849-11', 336423, 710298, 687228, 19713.8, 5637.68 );
INSERT INTO EVENTO ( LOCAL, DATA, HORA_INICIO, HORA_FIM, TIPO, CONTRATANTE, DURACAO, QTD_PARTICIPANTES, QTD_FUNCIONARIOS, PRECO, PRECO_COMBINADO_LOCAL )
	VALUES ( 53, to_date ('2007-10-14', 'YYYY-MM-DD'), '09:25:11', '04:25:46', 'FORMATURA', '438.761.205-35', 769665, 376777, 224846, 86437.75, 93904.45 );
INSERT INTO EVENTO ( LOCAL, DATA, HORA_INICIO, HORA_FIM, TIPO, CONTRATANTE, DURACAO, QTD_PARTICIPANTES, QTD_FUNCIONARIOS, PRECO, PRECO_COMBINADO_LOCAL )
	VALUES ( 49, to_date ('2006-08-08', 'YYYY-MM-DD'), '01:43:18', '16:27:17', 'CASAMENTO', '892.056.143-51', 382448, 893811, 885214, 80511.68, 51479.89 );
INSERT INTO EVENTO ( LOCAL, DATA, HORA_INICIO, HORA_FIM, TIPO, CONTRATANTE, DURACAO, QTD_PARTICIPANTES, QTD_FUNCIONARIOS, PRECO, PRECO_COMBINADO_LOCAL )
	VALUES ( 71, to_date ('2004-06-22', 'YYYY-MM-DD'), '23:11:54', '03:30:52', 'CASAMENTO', '254.806.197-31', 549818, 111560, 343340, 42228.63, 77834.73 );
INSERT INTO EVENTO ( LOCAL, DATA, HORA_INICIO, HORA_FIM, TIPO, CONTRATANTE, DURACAO, QTD_PARTICIPANTES, QTD_FUNCIONARIOS, PRECO, PRECO_COMBINADO_LOCAL )
	VALUES ( 12, to_date ('2011-01-08', 'YYYY-MM-DD'), '06:38:54', '13:10:58', 'FORMATURA', '148.067.532-62', 541774, 444344, 356895, 12396.42, 78909.48 );
INSERT INTO EVENTO ( LOCAL, DATA, HORA_INICIO, HORA_FIM, TIPO, CONTRATANTE, DURACAO, QTD_PARTICIPANTES, QTD_FUNCIONARIOS, PRECO, PRECO_COMBINADO_LOCAL )
	VALUES ( 87, to_date ('2018-04-14', 'YYYY-MM-DD'), '00:29:35', '05:59:34', 'FORMATURA', '312.097.456-15', 346585, 630426, 801633, 62913.55, 76261.1 );
INSERT INTO EVENTO ( LOCAL, DATA, HORA_INICIO, HORA_FIM, TIPO, CONTRATANTE, DURACAO, QTD_PARTICIPANTES, QTD_FUNCIONARIOS, PRECO, PRECO_COMBINADO_LOCAL )
	VALUES ( 25, to_date ('2007-06-09', 'YYYY-MM-DD'), '23:00:44', '17:33:34', 'CASAMENTO', '596.178.234-46', 415153, 296534, 842622, 35245.81, 94153.44 );
INSERT INTO EVENTO ( LOCAL, DATA, HORA_INICIO, HORA_FIM, TIPO, CONTRATANTE, DURACAO, QTD_PARTICIPANTES, QTD_FUNCIONARIOS, PRECO, PRECO_COMBINADO_LOCAL )
	VALUES ( 7, to_date ('2012-01-23', 'YYYY-MM-DD'), '15:22:53', '08:07:03', 'CASAMENTO', '456.823.097-74', 722183, 856305, 801792, 18000.67, 63312.84 );
INSERT INTO EVENTO ( LOCAL, DATA, HORA_INICIO, HORA_FIM, TIPO, CONTRATANTE, DURACAO, QTD_PARTICIPANTES, QTD_FUNCIONARIOS, PRECO, PRECO_COMBINADO_LOCAL )
	VALUES ( 48, to_date ('2007-06-20', 'YYYY-MM-DD'), '10:44:28', '06:10:02', 'FORMATURA', '152.903.764-61', 725576, 474260, 177460, 84280.02, 7303.11 );
INSERT INTO EVENTO ( LOCAL, DATA, HORA_INICIO, HORA_FIM, TIPO, CONTRATANTE, DURACAO, QTD_PARTICIPANTES, QTD_FUNCIONARIOS, PRECO, PRECO_COMBINADO_LOCAL )
	VALUES ( 92, to_date ('2009-09-02', 'YYYY-MM-DD'), '17:05:07', '02:32:47', 'CASAMENTO', '405.821.796-11', 426581, 681147, 532168, 75505.35, 39412.56 );
INSERT INTO EVENTO ( LOCAL, DATA, HORA_INICIO, HORA_FIM, TIPO, CONTRATANTE, DURACAO, QTD_PARTICIPANTES, QTD_FUNCIONARIOS, PRECO, PRECO_COMBINADO_LOCAL )
	VALUES ( 78, to_date ('2005-11-06', 'YYYY-MM-DD'), '16:38:09', '23:59:29', 'CASAMENTO', '374.981.620-41', 155207, 693246, 262661, 19304.51, 26087.92 );
INSERT INTO EVENTO ( LOCAL, DATA, HORA_INICIO, HORA_FIM, TIPO, CONTRATANTE, DURACAO, QTD_PARTICIPANTES, QTD_FUNCIONARIOS, PRECO, PRECO_COMBINADO_LOCAL )
	VALUES ( 12, to_date ('2001-04-16', 'YYYY-MM-DD'), '03:59:26', '15:03:19', 'FORMATURA', '897.410.632-96', 357003, 824865, 254936, 73370.89, 34034.93 );
INSERT INTO EVENTO ( LOCAL, DATA, HORA_INICIO, HORA_FIM, TIPO, CONTRATANTE, DURACAO, QTD_PARTICIPANTES, QTD_FUNCIONARIOS, PRECO, PRECO_COMBINADO_LOCAL )
	VALUES ( 51, to_date ('2010-09-19', 'YYYY-MM-DD'), '03:02:01', '11:55:23', 'CASAMENTO', '521.648.370-53', 861370, 656630, 403555, 39187.59, 28179.17 );
INSERT INTO EVENTO ( LOCAL, DATA, HORA_INICIO, HORA_FIM, TIPO, CONTRATANTE, DURACAO, QTD_PARTICIPANTES, QTD_FUNCIONARIOS, PRECO, PRECO_COMBINADO_LOCAL )
	VALUES ( 13, to_date ('2008-08-07', 'YYYY-MM-DD'), '17:47:38', '13:51:39', 'FORMATURA', '062.895.713-11', 821036, 859362, 181505, 21394.12, 82341.74 );
INSERT INTO EVENTO ( LOCAL, DATA, HORA_INICIO, HORA_FIM, TIPO, CONTRATANTE, DURACAO, QTD_PARTICIPANTES, QTD_FUNCIONARIOS, PRECO, PRECO_COMBINADO_LOCAL )
	VALUES ( 38, to_date ('2000-09-03', 'YYYY-MM-DD'), '10:59:26', '01:35:28', 'FORMATURA', '085.124.379-79', 208660, 287378, 531101, 80541.22, 24358.62 );
INSERT INTO EVENTO ( LOCAL, DATA, HORA_INICIO, HORA_FIM, TIPO, CONTRATANTE, DURACAO, QTD_PARTICIPANTES, QTD_FUNCIONARIOS, PRECO, PRECO_COMBINADO_LOCAL )
	VALUES ( 90, to_date ('2009-04-25', 'YYYY-MM-DD'), '03:08:30', '18:54:46', 'CASAMENTO', '328.746.951-73', 134423, 521965, 499452, 49248.62, 31764.84 );
INSERT INTO EVENTO ( LOCAL, DATA, HORA_INICIO, HORA_FIM, TIPO, CONTRATANTE, DURACAO, QTD_PARTICIPANTES, QTD_FUNCIONARIOS, PRECO, PRECO_COMBINADO_LOCAL )
	VALUES ( 65, to_date ('2010-06-16', 'YYYY-MM-DD'), '19:46:29', '20:54:23', 'FORMATURA', '248.719.356-55', 252730, 367400, 434575, 65282.04, 30513.24 );
INSERT INTO EVENTO ( LOCAL, DATA, HORA_INICIO, HORA_FIM, TIPO, CONTRATANTE, DURACAO, QTD_PARTICIPANTES, QTD_FUNCIONARIOS, PRECO, PRECO_COMBINADO_LOCAL )
	VALUES ( 4, to_date ('2013-10-24', 'YYYY-MM-DD'), '08:41:37', '06:19:09', 'CASAMENTO', '835.921.640-15', 821763, 458868, 427026, 1063.19, 34537.98 );
INSERT INTO EVENTO ( LOCAL, DATA, HORA_INICIO, HORA_FIM, TIPO, CONTRATANTE, DURACAO, QTD_PARTICIPANTES, QTD_FUNCIONARIOS, PRECO, PRECO_COMBINADO_LOCAL )
	VALUES ( 50, to_date ('2005-12-23', 'YYYY-MM-DD'), '05:33:05', '08:47:27', 'FORMATURA', '456.823.097-74', 768036, 438932, 439426, 25480.34, 18549.65 );
INSERT INTO EVENTO ( LOCAL, DATA, HORA_INICIO, HORA_FIM, TIPO, CONTRATANTE, DURACAO, QTD_PARTICIPANTES, QTD_FUNCIONARIOS, PRECO, PRECO_COMBINADO_LOCAL )
	VALUES ( 63, to_date ('2015-08-17', 'YYYY-MM-DD'), '18:46:33', '14:53:19', 'CASAMENTO', '417.098.562-11', 742512, 139713, 517821, 4580.07, 77884.92 );
INSERT INTO EVENTO ( LOCAL, DATA, HORA_INICIO, HORA_FIM, TIPO, CONTRATANTE, DURACAO, QTD_PARTICIPANTES, QTD_FUNCIONARIOS, PRECO, PRECO_COMBINADO_LOCAL )
	VALUES ( 96, to_date ('2000-10-26', 'YYYY-MM-DD'), '10:20:03', '07:39:47', 'FORMATURA', '691.720.354-81', 889244, 259828, 240922, 89915.86, 31550.91 );
INSERT INTO EVENTO ( LOCAL, DATA, HORA_INICIO, HORA_FIM, TIPO, CONTRATANTE, DURACAO, QTD_PARTICIPANTES, QTD_FUNCIONARIOS, PRECO, PRECO_COMBINADO_LOCAL )
	VALUES ( 97, to_date ('2002-09-26', 'YYYY-MM-DD'), '08:44:25', '13:34:10', 'FORMATURA', '473.025.816-91', 389124, 384082, 750739, 86418.57, 29384.68 );
INSERT INTO EVENTO ( LOCAL, DATA, HORA_INICIO, HORA_FIM, TIPO, CONTRATANTE, DURACAO, QTD_PARTICIPANTES, QTD_FUNCIONARIOS, PRECO, PRECO_COMBINADO_LOCAL )
	VALUES ( 51, to_date ('2016-08-27', 'YYYY-MM-DD'), '21:55:45', '21:24:17', 'CASAMENTO', '813.904.726-12', 699216, 194536, 804181, 9636.4, 46785.19 );
INSERT INTO EVENTO ( LOCAL, DATA, HORA_INICIO, HORA_FIM, TIPO, CONTRATANTE, DURACAO, QTD_PARTICIPANTES, QTD_FUNCIONARIOS, PRECO, PRECO_COMBINADO_LOCAL )
	VALUES ( 88, to_date ('2013-02-01', 'YYYY-MM-DD'), '11:10:46', '13:11:26', 'FORMATURA', '281.740.935-32', 659422, 378189, 768842, 32558.33, 22944.66 );
INSERT INTO EVENTO ( LOCAL, DATA, HORA_INICIO, HORA_FIM, TIPO, CONTRATANTE, DURACAO, QTD_PARTICIPANTES, QTD_FUNCIONARIOS, PRECO, PRECO_COMBINADO_LOCAL )
	VALUES ( 25, to_date ('2003-02-09', 'YYYY-MM-DD'), '08:59:36', '23:04:13', 'FORMATURA', '417.583.290-41', 722705, 444750, 467959, 74395.52, 74046.04 );
INSERT INTO EVENTO ( LOCAL, DATA, HORA_INICIO, HORA_FIM, TIPO, CONTRATANTE, DURACAO, QTD_PARTICIPANTES, QTD_FUNCIONARIOS, PRECO, PRECO_COMBINADO_LOCAL )
	VALUES ( 37, to_date ('2017-04-01', 'YYYY-MM-DD'), '18:03:06', '14:34:56', 'FORMATURA', '417.890.356-19', 842319, 406249, 350851, 81024.86, 58633.36 );
INSERT INTO EVENTO ( LOCAL, DATA, HORA_INICIO, HORA_FIM, TIPO, CONTRATANTE, DURACAO, QTD_PARTICIPANTES, QTD_FUNCIONARIOS, PRECO, PRECO_COMBINADO_LOCAL )
	VALUES ( 26, to_date ('2011-05-21', 'YYYY-MM-DD'), '03:30:47', '21:18:07', 'CASAMENTO', '340.758.216-17', 179560, 197647, 849343, 76408.65, 65644.75 );
INSERT INTO EVENTO ( LOCAL, DATA, HORA_INICIO, HORA_FIM, TIPO, CONTRATANTE, DURACAO, QTD_PARTICIPANTES, QTD_FUNCIONARIOS, PRECO, PRECO_COMBINADO_LOCAL )
	VALUES ( 72, to_date ('2007-09-05', 'YYYY-MM-DD'), '10:16:06', '02:43:34', 'CASAMENTO', '587.639.421-19', 254871, 783779, 246395, 61755.58, 53559.28 );
INSERT INTO EVENTO ( LOCAL, DATA, HORA_INICIO, HORA_FIM, TIPO, CONTRATANTE, DURACAO, QTD_PARTICIPANTES, QTD_FUNCIONARIOS, PRECO, PRECO_COMBINADO_LOCAL )
	VALUES ( 39, to_date ('2016-02-14', 'YYYY-MM-DD'), '09:53:01', '20:14:30', 'CASAMENTO', '704.958.361-84', 571910, 321437, 171613, 92912.65, 998.84 );
INSERT INTO EVENTO ( LOCAL, DATA, HORA_INICIO, HORA_FIM, TIPO, CONTRATANTE, DURACAO, QTD_PARTICIPANTES, QTD_FUNCIONARIOS, PRECO, PRECO_COMBINADO_LOCAL )
	VALUES ( 25, to_date ('2013-08-03', 'YYYY-MM-DD'), '18:01:35', '18:11:08', 'FORMATURA', '264.870.395-19', 711867, 804257, 615778, 75576.45, 58616.21 );
INSERT INTO EVENTO ( LOCAL, DATA, HORA_INICIO, HORA_FIM, TIPO, CONTRATANTE, DURACAO, QTD_PARTICIPANTES, QTD_FUNCIONARIOS, PRECO, PRECO_COMBINADO_LOCAL )
	VALUES ( 17, to_date ('2012-01-10', 'YYYY-MM-DD'), '19:23:46', '16:19:16', 'FORMATURA', '604.872.351-26', 554571, 577704, 186919, 77219.19, 20264.04 );
INSERT INTO EVENTO ( LOCAL, DATA, HORA_INICIO, HORA_FIM, TIPO, CONTRATANTE, DURACAO, QTD_PARTICIPANTES, QTD_FUNCIONARIOS, PRECO, PRECO_COMBINADO_LOCAL )
	VALUES ( 95, to_date ('2001-03-28', 'YYYY-MM-DD'), '20:16:33', '17:01:54', 'CASAMENTO', '523.184.960-13', 821770, 339667, 496606, 70169.43, 60868.22 );
INSERT INTO EVENTO ( LOCAL, DATA, HORA_INICIO, HORA_FIM, TIPO, CONTRATANTE, DURACAO, QTD_PARTICIPANTES, QTD_FUNCIONARIOS, PRECO, PRECO_COMBINADO_LOCAL )
	VALUES ( 2, to_date ('2012-07-04', 'YYYY-MM-DD'), '18:12:17', '14:37:49', 'CASAMENTO', '823.941.507-51', 247230, 122881, 800720, 74956.86, 28475.47 );
INSERT INTO EVENTO ( LOCAL, DATA, HORA_INICIO, HORA_FIM, TIPO, CONTRATANTE, DURACAO, QTD_PARTICIPANTES, QTD_FUNCIONARIOS, PRECO, PRECO_COMBINADO_LOCAL )
	VALUES ( 71, to_date ('2011-02-13', 'YYYY-MM-DD'), '18:53:23', '19:50:16', 'CASAMENTO', '741.896.205-31', 577607, 450985, 410281, 61017.5, 20379.07 );
INSERT INTO EVENTO ( LOCAL, DATA, HORA_INICIO, HORA_FIM, TIPO, CONTRATANTE, DURACAO, QTD_PARTICIPANTES, QTD_FUNCIONARIOS, PRECO, PRECO_COMBINADO_LOCAL )
	VALUES ( 59, to_date ('2016-12-10', 'YYYY-MM-DD'), '05:33:33', '02:18:36', 'CASAMENTO', '973.546.120-14', 187631, 652300, 699358, 86569.48, 50788.08 );
INSERT INTO EVENTO ( LOCAL, DATA, HORA_INICIO, HORA_FIM, TIPO, CONTRATANTE, DURACAO, QTD_PARTICIPANTES, QTD_FUNCIONARIOS, PRECO, PRECO_COMBINADO_LOCAL )
	VALUES ( 14, to_date ('2010-12-20', 'YYYY-MM-DD'), '23:30:07', '14:06:25', 'FORMATURA', '452.603.179-81', 899567, 291773, 808882, 12195.89, 96012.46 );
INSERT INTO EVENTO ( LOCAL, DATA, HORA_INICIO, HORA_FIM, TIPO, CONTRATANTE, DURACAO, QTD_PARTICIPANTES, QTD_FUNCIONARIOS, PRECO, PRECO_COMBINADO_LOCAL )
	VALUES ( 22, to_date ('2008-08-08', 'YYYY-MM-DD'), '04:04:18', '06:03:21', 'FORMATURA', '023.157.984-51', 389129, 834464, 159165, 45981.01, 83880.09 );
INSERT INTO EVENTO ( LOCAL, DATA, HORA_INICIO, HORA_FIM, TIPO, CONTRATANTE, DURACAO, QTD_PARTICIPANTES, QTD_FUNCIONARIOS, PRECO, PRECO_COMBINADO_LOCAL )
	VALUES ( 35, to_date ('2013-05-26', 'YYYY-MM-DD'), '12:25:59', '04:48:42', 'CASAMENTO', '326.017.849-11', 322603, 162638, 501845, 83669.81, 76166.36 );
INSERT INTO EVENTO ( LOCAL, DATA, HORA_INICIO, HORA_FIM, TIPO, CONTRATANTE, DURACAO, QTD_PARTICIPANTES, QTD_FUNCIONARIOS, PRECO, PRECO_COMBINADO_LOCAL )
	VALUES ( 38, to_date ('2014-05-16', 'YYYY-MM-DD'), '17:43:12', '10:11:25', 'CASAMENTO', '835.921.640-15', 232719, 283122, 216449, 42454.68, 34041.81 );
INSERT INTO EVENTO ( LOCAL, DATA, HORA_INICIO, HORA_FIM, TIPO, CONTRATANTE, DURACAO, QTD_PARTICIPANTES, QTD_FUNCIONARIOS, PRECO, PRECO_COMBINADO_LOCAL )
	VALUES ( 57, to_date ('2018-05-04', 'YYYY-MM-DD'), '04:24:20', '08:52:13', 'FORMATURA', '105.697.324-25', 779431, 704221, 557405, 95057.69, 59589.49 );
INSERT INTO EVENTO ( LOCAL, DATA, HORA_INICIO, HORA_FIM, TIPO, CONTRATANTE, DURACAO, QTD_PARTICIPANTES, QTD_FUNCIONARIOS, PRECO, PRECO_COMBINADO_LOCAL )
	VALUES ( 46, to_date ('2015-12-16', 'YYYY-MM-DD'), '21:29:09', '01:29:08', 'FORMATURA', '513.680.279-11', 345676, 228093, 740171, 58662.66, 18951.12 );
INSERT INTO EVENTO ( LOCAL, DATA, HORA_INICIO, HORA_FIM, TIPO, CONTRATANTE, DURACAO, QTD_PARTICIPANTES, QTD_FUNCIONARIOS, PRECO, PRECO_COMBINADO_LOCAL )
	VALUES ( 52, to_date ('2007-06-18', 'YYYY-MM-DD'), '09:27:37', '08:32:13', 'FORMATURA', '325.670.489-11', 170752, 517014, 294126, 17065.79, 55497.23 );
INSERT INTO EVENTO ( LOCAL, DATA, HORA_INICIO, HORA_FIM, TIPO, CONTRATANTE, DURACAO, QTD_PARTICIPANTES, QTD_FUNCIONARIOS, PRECO, PRECO_COMBINADO_LOCAL )
	VALUES ( 59, to_date ('2013-01-12', 'YYYY-MM-DD'), '15:59:35', '16:01:55', 'FORMATURA', '374.981.620-41', 333229, 212766, 887685, 48021.26, 30526.03 );
INSERT INTO EVENTO ( LOCAL, DATA, HORA_INICIO, HORA_FIM, TIPO, CONTRATANTE, DURACAO, QTD_PARTICIPANTES, QTD_FUNCIONARIOS, PRECO, PRECO_COMBINADO_LOCAL )
	VALUES ( 86, to_date ('2000-06-22', 'YYYY-MM-DD'), '06:44:06', '01:02:51', 'FORMATURA', '438.761.205-35', 369108, 410051, 651086, 42763.07, 93831.42 );
INSERT INTO EVENTO ( LOCAL, DATA, HORA_INICIO, HORA_FIM, TIPO, CONTRATANTE, DURACAO, QTD_PARTICIPANTES, QTD_FUNCIONARIOS, PRECO, PRECO_COMBINADO_LOCAL )
	VALUES ( 24, to_date ('2015-11-20', 'YYYY-MM-DD'), '17:33:45', '11:39:49', 'FORMATURA', '719.632.845-18', 353196, 783975, 105517, 36223.84, 59934.85 );
INSERT INTO EVENTO ( LOCAL, DATA, HORA_INICIO, HORA_FIM, TIPO, CONTRATANTE, DURACAO, QTD_PARTICIPANTES, QTD_FUNCIONARIOS, PRECO, PRECO_COMBINADO_LOCAL )
	VALUES ( 43, to_date ('2003-08-11', 'YYYY-MM-DD'), '22:43:25', '22:03:51', 'CASAMENTO', '213.695.087-86', 208441, 572117, 173355, 85367.4, 33736.24 );
INSERT INTO EVENTO ( LOCAL, DATA, HORA_INICIO, HORA_FIM, TIPO, CONTRATANTE, DURACAO, QTD_PARTICIPANTES, QTD_FUNCIONARIOS, PRECO, PRECO_COMBINADO_LOCAL )
	VALUES ( 24, to_date ('2006-08-15', 'YYYY-MM-DD'), '10:51:51', '01:43:25', 'CASAMENTO', '723.081.469-31', 448503, 505333, 824347, 55787.75, 95924.13 );
INSERT INTO EVENTO ( LOCAL, DATA, HORA_INICIO, HORA_FIM, TIPO, CONTRATANTE, DURACAO, QTD_PARTICIPANTES, QTD_FUNCIONARIOS, PRECO, PRECO_COMBINADO_LOCAL )
	VALUES ( 82, to_date ('2013-11-13', 'YYYY-MM-DD'), '18:55:19', '16:58:04', 'CASAMENTO', '150.238.679-86', 642789, 107781, 172529, 87123.2, 86603.56 );
INSERT INTO EVENTO ( LOCAL, DATA, HORA_INICIO, HORA_FIM, TIPO, CONTRATANTE, DURACAO, QTD_PARTICIPANTES, QTD_FUNCIONARIOS, PRECO, PRECO_COMBINADO_LOCAL )
	VALUES ( 70, to_date ('2015-10-04', 'YYYY-MM-DD'), '13:20:00', '16:56:15', 'FORMATURA', '312.097.456-15', 346424, 454366, 626475, 15496.0, 32243.9 );
INSERT INTO EVENTO ( LOCAL, DATA, HORA_INICIO, HORA_FIM, TIPO, CONTRATANTE, DURACAO, QTD_PARTICIPANTES, QTD_FUNCIONARIOS, PRECO, PRECO_COMBINADO_LOCAL )
	VALUES ( 74, to_date ('2017-11-24', 'YYYY-MM-DD'), '00:17:17', '16:17:55', 'FORMATURA', '437.912.085-61', 588596, 272781, 167114, 69665.13, 90959.59 );
INSERT INTO EVENTO ( LOCAL, DATA, HORA_INICIO, HORA_FIM, TIPO, CONTRATANTE, DURACAO, QTD_PARTICIPANTES, QTD_FUNCIONARIOS, PRECO, PRECO_COMBINADO_LOCAL )
	VALUES ( 70, to_date ('2008-11-26', 'YYYY-MM-DD'), '22:21:04', '05:50:49', 'CASAMENTO', '619.308.754-11', 259627, 563641, 204385, 95156.6, 3020.25 );
INSERT INTO EVENTO ( LOCAL, DATA, HORA_INICIO, HORA_FIM, TIPO, CONTRATANTE, DURACAO, QTD_PARTICIPANTES, QTD_FUNCIONARIOS, PRECO, PRECO_COMBINADO_LOCAL )
	VALUES ( 76, to_date ('2008-06-11', 'YYYY-MM-DD'), '14:01:54', '14:31:47', 'CASAMENTO', '874.326.509-18', 812091, 600097, 206875, 3946.75, 66046.13 );
INSERT INTO EVENTO ( LOCAL, DATA, HORA_INICIO, HORA_FIM, TIPO, CONTRATANTE, DURACAO, QTD_PARTICIPANTES, QTD_FUNCIONARIOS, PRECO, PRECO_COMBINADO_LOCAL )
	VALUES ( 96, to_date ('2017-04-08', 'YYYY-MM-DD'), '06:11:19', '10:25:00', 'CASAMENTO', '062.895.713-11', 178629, 315304, 307662, 17465.3, 84827.05 );
INSERT INTO EVENTO ( LOCAL, DATA, HORA_INICIO, HORA_FIM, TIPO, CONTRATANTE, DURACAO, QTD_PARTICIPANTES, QTD_FUNCIONARIOS, PRECO, PRECO_COMBINADO_LOCAL )
	VALUES ( 20, to_date ('2016-03-27', 'YYYY-MM-DD'), '12:08:27', '16:51:32', 'CASAMENTO', '325.670.489-11', 711017, 790637, 601706, 83360.28, 99913.77 );
INSERT INTO EVENTO ( LOCAL, DATA, HORA_INICIO, HORA_FIM, TIPO, CONTRATANTE, DURACAO, QTD_PARTICIPANTES, QTD_FUNCIONARIOS, PRECO, PRECO_COMBINADO_LOCAL )
	VALUES ( 21, to_date ('2013-07-09', 'YYYY-MM-DD'), '19:14:22', '18:25:26', 'FORMATURA', '596.178.234-46', 362499, 840150, 773653, 64298.14, 54029.98 );
INSERT INTO EVENTO ( LOCAL, DATA, HORA_INICIO, HORA_FIM, TIPO, CONTRATANTE, DURACAO, QTD_PARTICIPANTES, QTD_FUNCIONARIOS, PRECO, PRECO_COMBINADO_LOCAL )
	VALUES ( 35, to_date ('2012-04-18', 'YYYY-MM-DD'), '23:57:20', '14:22:13', 'FORMATURA', '085.124.379-79', 697121, 842456, 791538, 78326.86, 97550.13 );
INSERT INTO EVENTO ( LOCAL, DATA, HORA_INICIO, HORA_FIM, TIPO, CONTRATANTE, DURACAO, QTD_PARTICIPANTES, QTD_FUNCIONARIOS, PRECO, PRECO_COMBINADO_LOCAL )
	VALUES ( 28, to_date ('2014-01-12', 'YYYY-MM-DD'), '21:17:39', '00:18:35', 'CASAMENTO', '039.582.641-15', 585680, 462692, 509196, 20647.85, 84651.99 );
INSERT INTO EVENTO ( LOCAL, DATA, HORA_INICIO, HORA_FIM, TIPO, CONTRATANTE, DURACAO, QTD_PARTICIPANTES, QTD_FUNCIONARIOS, PRECO, PRECO_COMBINADO_LOCAL )
	VALUES ( 18, to_date ('2005-06-01', 'YYYY-MM-DD'), '10:40:12', '10:29:15', 'FORMATURA', '813.904.726-12', 576966, 492236, 780491, 59093.39, 17058.01 );
INSERT INTO EVENTO ( LOCAL, DATA, HORA_INICIO, HORA_FIM, TIPO, CONTRATANTE, DURACAO, QTD_PARTICIPANTES, QTD_FUNCIONARIOS, PRECO, PRECO_COMBINADO_LOCAL )
	VALUES ( 56, to_date ('2001-01-08', 'YYYY-MM-DD'), '19:23:18', '09:40:11', 'CASAMENTO', '902.653.718-21', 428044, 172116, 162675, 68538.97, 25470.74 );
INSERT INTO EVENTO ( LOCAL, DATA, HORA_INICIO, HORA_FIM, TIPO, CONTRATANTE, DURACAO, QTD_PARTICIPANTES, QTD_FUNCIONARIOS, PRECO, PRECO_COMBINADO_LOCAL )
	VALUES ( 82, to_date ('2006-02-08', 'YYYY-MM-DD'), '12:50:13', '17:07:50', 'CASAMENTO', '354.789.621-55', 323410, 160281, 736841, 53325.62, 28426.8 );
INSERT INTO EVENTO ( LOCAL, DATA, HORA_INICIO, HORA_FIM, TIPO, CONTRATANTE, DURACAO, QTD_PARTICIPANTES, QTD_FUNCIONARIOS, PRECO, PRECO_COMBINADO_LOCAL )
	VALUES ( 64, to_date ('2010-01-22', 'YYYY-MM-DD'), '03:05:15', '10:22:13', 'CASAMENTO', '405.821.796-11', 596048, 897736, 706137, 22379.11, 5965.79 );
INSERT INTO EVENTO ( LOCAL, DATA, HORA_INICIO, HORA_FIM, TIPO, CONTRATANTE, DURACAO, QTD_PARTICIPANTES, QTD_FUNCIONARIOS, PRECO, PRECO_COMBINADO_LOCAL )
	VALUES ( 38, to_date ('2010-04-09', 'YYYY-MM-DD'), '07:56:35', '21:56:18', 'CASAMENTO', '248.719.356-55', 647651, 712252, 805068, 50621.24, 78885.05 );
INSERT INTO EVENTO ( LOCAL, DATA, HORA_INICIO, HORA_FIM, TIPO, CONTRATANTE, DURACAO, QTD_PARTICIPANTES, QTD_FUNCIONARIOS, PRECO, PRECO_COMBINADO_LOCAL )
	VALUES ( 37, to_date ('2010-10-03', 'YYYY-MM-DD'), '10:33:34', '18:56:03', 'FORMATURA', '149.563.028-51', 167080, 830656, 263791, 4402.57, 84509.85 );
INSERT INTO EVENTO ( LOCAL, DATA, HORA_INICIO, HORA_FIM, TIPO, CONTRATANTE, DURACAO, QTD_PARTICIPANTES, QTD_FUNCIONARIOS, PRECO, PRECO_COMBINADO_LOCAL )
	VALUES ( 34, to_date ('2017-03-03', 'YYYY-MM-DD'), '16:17:59', '16:08:31', 'FORMATURA', '691.720.354-81', 218665, 470411, 510414, 72821.23, 95738.46 );
INSERT INTO EVENTO ( LOCAL, DATA, HORA_INICIO, HORA_FIM, TIPO, CONTRATANTE, DURACAO, QTD_PARTICIPANTES, QTD_FUNCIONARIOS, PRECO, PRECO_COMBINADO_LOCAL )
	VALUES ( 84, to_date ('2008-03-17', 'YYYY-MM-DD'), '09:22:39', '01:55:14', 'CASAMENTO', '023.157.984-51', 462700, 411481, 643159, 19291.62, 1507.37 );
INSERT INTO EVENTO ( LOCAL, DATA, HORA_INICIO, HORA_FIM, TIPO, CONTRATANTE, DURACAO, QTD_PARTICIPANTES, QTD_FUNCIONARIOS, PRECO, PRECO_COMBINADO_LOCAL )
	VALUES ( 95, to_date ('2002-06-27', 'YYYY-MM-DD'), '05:22:07', '15:55:36', 'FORMATURA', '643.715.829-82', 389383, 340822, 691371, 38750.69, 96852.64 );
INSERT INTO EVENTO ( LOCAL, DATA, HORA_INICIO, HORA_FIM, TIPO, CONTRATANTE, DURACAO, QTD_PARTICIPANTES, QTD_FUNCIONARIOS, PRECO, PRECO_COMBINADO_LOCAL )
	VALUES ( 15, to_date ('2015-07-12', 'YYYY-MM-DD'), '08:09:28', '08:16:44', 'CASAMENTO', '289.657.134-55', 426689, 478002, 728307, 55746.65, 24176.72 );
INSERT INTO EVENTO ( LOCAL, DATA, HORA_INICIO, HORA_FIM, TIPO, CONTRATANTE, DURACAO, QTD_PARTICIPANTES, QTD_FUNCIONARIOS, PRECO, PRECO_COMBINADO_LOCAL )
	VALUES ( 73, to_date ('2010-02-09', 'YYYY-MM-DD'), '00:59:56', '12:15:45', 'CASAMENTO', '325.670.489-11', 268177, 330052, 475790, 97951.83, 27166.75 );
INSERT INTO EVENTO ( LOCAL, DATA, HORA_INICIO, HORA_FIM, TIPO, CONTRATANTE, DURACAO, QTD_PARTICIPANTES, QTD_FUNCIONARIOS, PRECO, PRECO_COMBINADO_LOCAL )
	VALUES ( 33, to_date ('2009-04-07', 'YYYY-MM-DD'), '02:50:30', '17:28:08', 'CASAMENTO', '210.876.954-49', 540545, 777819, 805565, 35475.93, 52516.58 );
INSERT INTO EVENTO ( LOCAL, DATA, HORA_INICIO, HORA_FIM, TIPO, CONTRATANTE, DURACAO, QTD_PARTICIPANTES, QTD_FUNCIONARIOS, PRECO, PRECO_COMBINADO_LOCAL )
	VALUES ( 72, to_date ('2017-03-16', 'YYYY-MM-DD'), '04:50:08', '01:04:42', 'FORMATURA', '601.832.957-31', 285275, 490908, 593976, 25317.54, 10273.34 );
INSERT INTO EVENTO ( LOCAL, DATA, HORA_INICIO, HORA_FIM, TIPO, CONTRATANTE, DURACAO, QTD_PARTICIPANTES, QTD_FUNCIONARIOS, PRECO, PRECO_COMBINADO_LOCAL )
	VALUES ( 65, to_date ('2001-07-16', 'YYYY-MM-DD'), '20:16:24', '15:41:20', 'CASAMENTO', '251.940.876-67', 866081, 594556, 184907, 65359.24, 76661.65 );
INSERT INTO EVENTO ( LOCAL, DATA, HORA_INICIO, HORA_FIM, TIPO, CONTRATANTE, DURACAO, QTD_PARTICIPANTES, QTD_FUNCIONARIOS, PRECO, PRECO_COMBINADO_LOCAL )
	VALUES ( 2, to_date ('2014-05-02', 'YYYY-MM-DD'), '23:59:03', '22:25:49', 'CASAMENTO', '719.024.536-71', 779751, 742844, 105383, 72977.52, 9388.1 );
INSERT INTO EVENTO ( LOCAL, DATA, HORA_INICIO, HORA_FIM, TIPO, CONTRATANTE, DURACAO, QTD_PARTICIPANTES, QTD_FUNCIONARIOS, PRECO, PRECO_COMBINADO_LOCAL )
	VALUES ( 35, to_date ('2008-01-23', 'YYYY-MM-DD'), '13:17:33', '13:21:25', 'FORMATURA', '513.680.279-11', 587464, 121860, 481847, 6920.2, 39532.3 );
INSERT INTO EVENTO ( LOCAL, DATA, HORA_INICIO, HORA_FIM, TIPO, CONTRATANTE, DURACAO, QTD_PARTICIPANTES, QTD_FUNCIONARIOS, PRECO, PRECO_COMBINADO_LOCAL )
	VALUES ( 32, to_date ('2004-09-23', 'YYYY-MM-DD'), '11:38:55', '08:38:48', 'FORMATURA', '264.870.395-19', 423338, 441446, 864386, 88351.25, 49212.4 );
INSERT INTO EVENTO ( LOCAL, DATA, HORA_INICIO, HORA_FIM, TIPO, CONTRATANTE, DURACAO, QTD_PARTICIPANTES, QTD_FUNCIONARIOS, PRECO, PRECO_COMBINADO_LOCAL )
	VALUES ( 82, to_date ('2006-07-09', 'YYYY-MM-DD'), '02:24:34', '23:49:13', 'CASAMENTO', '706.451.238-62', 705442, 230630, 388710, 32773.53, 19748.89 );
INSERT INTO EVENTO ( LOCAL, DATA, HORA_INICIO, HORA_FIM, TIPO, CONTRATANTE, DURACAO, QTD_PARTICIPANTES, QTD_FUNCIONARIOS, PRECO, PRECO_COMBINADO_LOCAL )
	VALUES ( 29, to_date ('2007-02-16', 'YYYY-MM-DD'), '17:06:43', '18:33:42', 'FORMATURA', '264.870.395-19', 871407, 753980, 784132, 61153.61, 60854.03 );
INSERT INTO EVENTO ( LOCAL, DATA, HORA_INICIO, HORA_FIM, TIPO, CONTRATANTE, DURACAO, QTD_PARTICIPANTES, QTD_FUNCIONARIOS, PRECO, PRECO_COMBINADO_LOCAL )
	VALUES ( 69, to_date ('2013-12-12', 'YYYY-MM-DD'), '12:59:50', '15:15:23', 'FORMATURA', '870.296.513-59', 268727, 213107, 790932, 47407.98, 24070.85 );
INSERT INTO EVENTO ( LOCAL, DATA, HORA_INICIO, HORA_FIM, TIPO, CONTRATANTE, DURACAO, QTD_PARTICIPANTES, QTD_FUNCIONARIOS, PRECO, PRECO_COMBINADO_LOCAL )
	VALUES ( 36, to_date ('2010-04-15', 'YYYY-MM-DD'), '14:54:56', '18:26:20', 'FORMATURA', '627.834.091-78', 692405, 721276, 453665, 88389.83, 50073.85 );
INSERT INTO EVENTO ( LOCAL, DATA, HORA_INICIO, HORA_FIM, TIPO, CONTRATANTE, DURACAO, QTD_PARTICIPANTES, QTD_FUNCIONARIOS, PRECO, PRECO_COMBINADO_LOCAL )
	VALUES ( 37, to_date ('2008-11-19', 'YYYY-MM-DD'), '14:39:42', '11:28:55', 'CASAMENTO', '902.653.718-21', 359639, 587518, 778275, 80638.85, 38554.37 );
INSERT INTO EVENTO ( LOCAL, DATA, HORA_INICIO, HORA_FIM, TIPO, CONTRATANTE, DURACAO, QTD_PARTICIPANTES, QTD_FUNCIONARIOS, PRECO, PRECO_COMBINADO_LOCAL )
	VALUES ( 11, to_date ('2015-11-28', 'YYYY-MM-DD'), '02:58:56', '19:31:46', 'FORMATURA', '289.657.134-55', 753151, 670138, 606309, 59337.54, 66536.01 );
INSERT INTO EVENTO ( LOCAL, DATA, HORA_INICIO, HORA_FIM, TIPO, CONTRATANTE, DURACAO, QTD_PARTICIPANTES, QTD_FUNCIONARIOS, PRECO, PRECO_COMBINADO_LOCAL )
	VALUES ( 53, to_date ('2003-03-03', 'YYYY-MM-DD'), '13:53:28', '06:19:55', 'CASAMENTO', '289.410.763-31', 807261, 433041, 588171, 14546.16, 17091.47 );
INSERT INTO EVENTO ( LOCAL, DATA, HORA_INICIO, HORA_FIM, TIPO, CONTRATANTE, DURACAO, QTD_PARTICIPANTES, QTD_FUNCIONARIOS, PRECO, PRECO_COMBINADO_LOCAL )
	VALUES ( 43, to_date ('2013-02-02', 'YYYY-MM-DD'), '17:52:45', '18:39:56', 'FORMATURA', '482.310.957-13', 856623, 573587, 472527, 14748.92, 9154.5 );
INSERT INTO EVENTO ( LOCAL, DATA, HORA_INICIO, HORA_FIM, TIPO, CONTRATANTE, DURACAO, QTD_PARTICIPANTES, QTD_FUNCIONARIOS, PRECO, PRECO_COMBINADO_LOCAL )
	VALUES ( 70, to_date ('2015-09-07', 'YYYY-MM-DD'), '17:36:17', '07:03:34', 'FORMATURA', '102.694.837-13', 514693, 865228, 878089, 98672.61, 62977.67 );
INSERT INTO EVENTO ( LOCAL, DATA, HORA_INICIO, HORA_FIM, TIPO, CONTRATANTE, DURACAO, QTD_PARTICIPANTES, QTD_FUNCIONARIOS, PRECO, PRECO_COMBINADO_LOCAL )
	VALUES ( 18, to_date ('2005-01-14', 'YYYY-MM-DD'), '01:08:16', '22:31:32', 'CASAMENTO', '102.694.837-13', 592589, 557481, 174293, 53726.97, 81084.89 );
INSERT INTO EVENTO ( LOCAL, DATA, HORA_INICIO, HORA_FIM, TIPO, CONTRATANTE, DURACAO, QTD_PARTICIPANTES, QTD_FUNCIONARIOS, PRECO, PRECO_COMBINADO_LOCAL )
	VALUES ( 45, to_date ('2015-06-20', 'YYYY-MM-DD'), '01:15:29', '16:23:50', 'FORMATURA', '704.958.361-84', 283219, 836023, 446815, 23207.1, 72088.99 );
INSERT INTO EVENTO ( LOCAL, DATA, HORA_INICIO, HORA_FIM, TIPO, CONTRATANTE, DURACAO, QTD_PARTICIPANTES, QTD_FUNCIONARIOS, PRECO, PRECO_COMBINADO_LOCAL )
	VALUES ( 77, to_date ('2005-12-21', 'YYYY-MM-DD'), '13:56:21', '03:13:25', 'FORMATURA', '213.695.087-86', 129107, 330142, 231109, 19597.96, 39692.87 );
INSERT INTO EVENTO ( LOCAL, DATA, HORA_INICIO, HORA_FIM, TIPO, CONTRATANTE, DURACAO, QTD_PARTICIPANTES, QTD_FUNCIONARIOS, PRECO, PRECO_COMBINADO_LOCAL )
	VALUES ( 23, to_date ('2017-10-15', 'YYYY-MM-DD'), '01:03:27', '00:22:38', 'CASAMENTO', '249.580.371-79', 331664, 333851, 141897, 15017.04, 49728.9 );
INSERT INTO EVENTO ( LOCAL, DATA, HORA_INICIO, HORA_FIM, TIPO, CONTRATANTE, DURACAO, QTD_PARTICIPANTES, QTD_FUNCIONARIOS, PRECO, PRECO_COMBINADO_LOCAL )
	VALUES ( 94, to_date ('2002-12-22', 'YYYY-MM-DD'), '15:39:44', '08:40:48', 'CASAMENTO', '897.410.632-96', 679773, 848450, 268006, 80683.42, 39581.99 );
INSERT INTO EVENTO ( LOCAL, DATA, HORA_INICIO, HORA_FIM, TIPO, CONTRATANTE, DURACAO, QTD_PARTICIPANTES, QTD_FUNCIONARIOS, PRECO, PRECO_COMBINADO_LOCAL )
	VALUES ( 20, to_date ('2004-10-03', 'YYYY-MM-DD'), '03:08:14', '19:34:25', 'CASAMENTO', '340.758.216-17', 398462, 432826, 528161, 40089.71, 26338.59 );

/* TABLE PARTICIPA */
/* NULL INSERTION FOR ATTRIBUTEHORA_SAIDAAT TABLEPARTICIPA */
INSERT INTO PARTICIPA ( PESSOA, EVENTO, HORA_ENTRADA, HORA_SAIDA )
	VALUES ( '596.178.234-46', 81, '11:53:02', NULL );
/* NULL INSERTION FOR ATTRIBUTEHORA_ENTRADAAT TABLEPARTICIPA */
INSERT INTO PARTICIPA ( PESSOA, EVENTO, HORA_ENTRADA, HORA_SAIDA )
	VALUES ( '813.904.726-12', 83, NULL, '04:02:17' );
INSERT INTO PARTICIPA ( PESSOA, EVENTO, HORA_ENTRADA, HORA_SAIDA )
	VALUES ( '870.296.513-59', 98, '05:30:19', '00:12:21' );
INSERT INTO PARTICIPA ( PESSOA, EVENTO, HORA_ENTRADA, HORA_SAIDA )
	VALUES ( '145.093.687-39', 35, '06:54:51', '00:40:55' );
INSERT INTO PARTICIPA ( PESSOA, EVENTO, HORA_ENTRADA, HORA_SAIDA )
	VALUES ( '986.054.132-98', 72, '01:19:31', '13:02:03' );
INSERT INTO PARTICIPA ( PESSOA, EVENTO, HORA_ENTRADA, HORA_SAIDA )
	VALUES ( '274.563.081-44', 54, '11:06:29', '13:29:50' );
INSERT INTO PARTICIPA ( PESSOA, EVENTO, HORA_ENTRADA, HORA_SAIDA )
	VALUES ( '627.834.091-78', 85, '11:04:52', '23:44:33' );
INSERT INTO PARTICIPA ( PESSOA, EVENTO, HORA_ENTRADA, HORA_SAIDA )
	VALUES ( '973.546.120-14', 60, '06:26:33', '00:54:19' );
INSERT INTO PARTICIPA ( PESSOA, EVENTO, HORA_ENTRADA, HORA_SAIDA )
	VALUES ( '150.238.679-86', 29, '05:44:07', '19:00:21' );
INSERT INTO PARTICIPA ( PESSOA, EVENTO, HORA_ENTRADA, HORA_SAIDA )
	VALUES ( '312.097.456-15', 10, '17:34:56', '05:14:06' );
INSERT INTO PARTICIPA ( PESSOA, EVENTO, HORA_ENTRADA, HORA_SAIDA )
	VALUES ( '619.308.754-11', 52, '04:22:25', '13:57:34' );
INSERT INTO PARTICIPA ( PESSOA, EVENTO, HORA_ENTRADA, HORA_SAIDA )
	VALUES ( '210.876.954-49', 100, '02:13:25', '09:16:52' );
INSERT INTO PARTICIPA ( PESSOA, EVENTO, HORA_ENTRADA, HORA_SAIDA )
	VALUES ( '108.549.236-24', 99, '22:16:20', '04:43:30' );
INSERT INTO PARTICIPA ( PESSOA, EVENTO, HORA_ENTRADA, HORA_SAIDA )
	VALUES ( '952.308.674-18', 22, '12:37:41', '12:36:52' );
INSERT INTO PARTICIPA ( PESSOA, EVENTO, HORA_ENTRADA, HORA_SAIDA )
	VALUES ( '108.549.236-24', 12, '21:06:37', '04:21:05' );
INSERT INTO PARTICIPA ( PESSOA, EVENTO, HORA_ENTRADA, HORA_SAIDA )
	VALUES ( '741.896.205-31', 75, '22:40:56', '22:59:30' );
INSERT INTO PARTICIPA ( PESSOA, EVENTO, HORA_ENTRADA, HORA_SAIDA )
	VALUES ( '289.657.134-55', 81, '16:02:51', '01:31:03' );
INSERT INTO PARTICIPA ( PESSOA, EVENTO, HORA_ENTRADA, HORA_SAIDA )
	VALUES ( '254.806.197-31', 90, '23:30:16', '16:00:35' );
INSERT INTO PARTICIPA ( PESSOA, EVENTO, HORA_ENTRADA, HORA_SAIDA )
	VALUES ( '596.178.234-46', 41, '12:06:30', '02:37:17' );
INSERT INTO PARTICIPA ( PESSOA, EVENTO, HORA_ENTRADA, HORA_SAIDA )
	VALUES ( '473.025.816-91', 67, '19:20:16', '02:52:24' );
INSERT INTO PARTICIPA ( PESSOA, EVENTO, HORA_ENTRADA, HORA_SAIDA )
	VALUES ( '340.758.216-17', 37, '11:04:20', '11:53:47' );
INSERT INTO PARTICIPA ( PESSOA, EVENTO, HORA_ENTRADA, HORA_SAIDA )
	VALUES ( '604.872.351-26', 35, '21:08:07', '23:00:33' );
INSERT INTO PARTICIPA ( PESSOA, EVENTO, HORA_ENTRADA, HORA_SAIDA )
	VALUES ( '572.309.461-15', 65, '01:44:47', '02:12:50' );
INSERT INTO PARTICIPA ( PESSOA, EVENTO, HORA_ENTRADA, HORA_SAIDA )
	VALUES ( '521.648.370-53', 91, '03:49:21', '19:54:13' );
INSERT INTO PARTICIPA ( PESSOA, EVENTO, HORA_ENTRADA, HORA_SAIDA )
	VALUES ( '475.210.839-97', 49, '13:08:32', '07:16:39' );
INSERT INTO PARTICIPA ( PESSOA, EVENTO, HORA_ENTRADA, HORA_SAIDA )
	VALUES ( '085.124.379-79', 13, '03:19:59', '06:12:13' );
INSERT INTO PARTICIPA ( PESSOA, EVENTO, HORA_ENTRADA, HORA_SAIDA )
	VALUES ( '986.054.132-98', 64, '01:43:54', '23:58:46' );
INSERT INTO PARTICIPA ( PESSOA, EVENTO, HORA_ENTRADA, HORA_SAIDA )
	VALUES ( '213.695.087-86', 48, '06:34:30', '05:31:52' );
INSERT INTO PARTICIPA ( PESSOA, EVENTO, HORA_ENTRADA, HORA_SAIDA )
	VALUES ( '258.416.793-17', 87, '12:48:01', '09:46:18' );
INSERT INTO PARTICIPA ( PESSOA, EVENTO, HORA_ENTRADA, HORA_SAIDA )
	VALUES ( '102.694.837-13', 94, '09:16:10', '13:02:41' );
INSERT INTO PARTICIPA ( PESSOA, EVENTO, HORA_ENTRADA, HORA_SAIDA )
	VALUES ( '736.254.180-53', 60, '12:50:05', '13:38:31' );
INSERT INTO PARTICIPA ( PESSOA, EVENTO, HORA_ENTRADA, HORA_SAIDA )
	VALUES ( '108.549.236-24', 61, '07:42:53', '05:18:14' );
INSERT INTO PARTICIPA ( PESSOA, EVENTO, HORA_ENTRADA, HORA_SAIDA )
	VALUES ( '398.276.154-91', 55, '21:43:05', '14:15:22' );
INSERT INTO PARTICIPA ( PESSOA, EVENTO, HORA_ENTRADA, HORA_SAIDA )
	VALUES ( '529.748.613-18', 82, '16:28:25', '16:20:51' );
INSERT INTO PARTICIPA ( PESSOA, EVENTO, HORA_ENTRADA, HORA_SAIDA )
	VALUES ( '796.851.324-37', 91, '21:00:09', '04:09:39' );
INSERT INTO PARTICIPA ( PESSOA, EVENTO, HORA_ENTRADA, HORA_SAIDA )
	VALUES ( '961.428.375-18', 57, '20:39:46', '05:10:08' );
INSERT INTO PARTICIPA ( PESSOA, EVENTO, HORA_ENTRADA, HORA_SAIDA )
	VALUES ( '596.178.234-46', 34, '14:35:07', '07:36:08' );
INSERT INTO PARTICIPA ( PESSOA, EVENTO, HORA_ENTRADA, HORA_SAIDA )
	VALUES ( '513.680.279-11', 91, '06:18:59', '10:45:40' );
INSERT INTO PARTICIPA ( PESSOA, EVENTO, HORA_ENTRADA, HORA_SAIDA )
	VALUES ( '039.582.641-15', 95, '21:09:06', '06:17:17' );
INSERT INTO PARTICIPA ( PESSOA, EVENTO, HORA_ENTRADA, HORA_SAIDA )
	VALUES ( '251.940.876-67', 45, '08:07:54', '09:36:34' );
INSERT INTO PARTICIPA ( PESSOA, EVENTO, HORA_ENTRADA, HORA_SAIDA )
	VALUES ( '723.081.469-31', 62, '23:22:22', '11:28:50' );
INSERT INTO PARTICIPA ( PESSOA, EVENTO, HORA_ENTRADA, HORA_SAIDA )
	VALUES ( '210.876.954-49', 79, '15:23:25', '11:46:30' );
INSERT INTO PARTICIPA ( PESSOA, EVENTO, HORA_ENTRADA, HORA_SAIDA )
	VALUES ( '719.632.845-18', 99, '17:37:56', '22:49:47' );
INSERT INTO PARTICIPA ( PESSOA, EVENTO, HORA_ENTRADA, HORA_SAIDA )
	VALUES ( '417.890.356-19', 39, '01:51:07', '10:43:01' );
INSERT INTO PARTICIPA ( PESSOA, EVENTO, HORA_ENTRADA, HORA_SAIDA )
	VALUES ( '521.648.370-53', 63, '11:07:59', '00:00:12' );
INSERT INTO PARTICIPA ( PESSOA, EVENTO, HORA_ENTRADA, HORA_SAIDA )
	VALUES ( '023.157.984-51', 26, '04:08:01', '02:59:05' );
INSERT INTO PARTICIPA ( PESSOA, EVENTO, HORA_ENTRADA, HORA_SAIDA )
	VALUES ( '475.210.839-97', 9, '17:45:47', '21:38:27' );
INSERT INTO PARTICIPA ( PESSOA, EVENTO, HORA_ENTRADA, HORA_SAIDA )
	VALUES ( '952.308.674-18', 44, '08:16:43', '19:09:10' );
INSERT INTO PARTICIPA ( PESSOA, EVENTO, HORA_ENTRADA, HORA_SAIDA )
	VALUES ( '604.872.351-26', 2, '15:24:29', '06:24:29' );
INSERT INTO PARTICIPA ( PESSOA, EVENTO, HORA_ENTRADA, HORA_SAIDA )
	VALUES ( '354.789.621-55', 24, '08:47:14', '03:45:07' );
INSERT INTO PARTICIPA ( PESSOA, EVENTO, HORA_ENTRADA, HORA_SAIDA )
	VALUES ( '281.740.935-32', 86, '23:11:02', '03:07:42' );
INSERT INTO PARTICIPA ( PESSOA, EVENTO, HORA_ENTRADA, HORA_SAIDA )
	VALUES ( '249.580.371-79', 86, '08:54:30', '01:21:14' );
INSERT INTO PARTICIPA ( PESSOA, EVENTO, HORA_ENTRADA, HORA_SAIDA )
	VALUES ( '568.940.271-11', 39, '03:22:32', '13:37:14' );
INSERT INTO PARTICIPA ( PESSOA, EVENTO, HORA_ENTRADA, HORA_SAIDA )
	VALUES ( '437.912.085-61', 63, '07:16:53', '16:47:30' );
INSERT INTO PARTICIPA ( PESSOA, EVENTO, HORA_ENTRADA, HORA_SAIDA )
	VALUES ( '039.582.641-15', 68, '15:56:59', '05:11:38' );
INSERT INTO PARTICIPA ( PESSOA, EVENTO, HORA_ENTRADA, HORA_SAIDA )
	VALUES ( '741.896.205-31', 77, '01:00:21', '04:30:51' );
INSERT INTO PARTICIPA ( PESSOA, EVENTO, HORA_ENTRADA, HORA_SAIDA )
	VALUES ( '523.184.960-13', 60, '13:22:38', '09:19:11' );
INSERT INTO PARTICIPA ( PESSOA, EVENTO, HORA_ENTRADA, HORA_SAIDA )
	VALUES ( '986.054.132-98', 17, '15:08:24', '03:30:45' );
INSERT INTO PARTICIPA ( PESSOA, EVENTO, HORA_ENTRADA, HORA_SAIDA )
	VALUES ( '452.603.179-81', 83, '23:41:28', '21:18:59' );
INSERT INTO PARTICIPA ( PESSOA, EVENTO, HORA_ENTRADA, HORA_SAIDA )
	VALUES ( '741.896.205-31', 96, '09:14:18', '18:05:53' );
INSERT INTO PARTICIPA ( PESSOA, EVENTO, HORA_ENTRADA, HORA_SAIDA )
	VALUES ( '289.657.134-55', 66, '17:41:46', '02:25:41' );
INSERT INTO PARTICIPA ( PESSOA, EVENTO, HORA_ENTRADA, HORA_SAIDA )
	VALUES ( '643.715.829-82', 17, '08:29:10', '14:59:12' );
INSERT INTO PARTICIPA ( PESSOA, EVENTO, HORA_ENTRADA, HORA_SAIDA )
	VALUES ( '960.538.471-19', 38, '05:43:15', '13:12:26' );
INSERT INTO PARTICIPA ( PESSOA, EVENTO, HORA_ENTRADA, HORA_SAIDA )
	VALUES ( '704.958.361-84', 78, '23:08:39', '19:31:33' );
INSERT INTO PARTICIPA ( PESSOA, EVENTO, HORA_ENTRADA, HORA_SAIDA )
	VALUES ( '903.816.472-69', 20, '11:51:33', '06:46:13' );
INSERT INTO PARTICIPA ( PESSOA, EVENTO, HORA_ENTRADA, HORA_SAIDA )
	VALUES ( '127.605.894-21', 37, '10:24:57', '09:56:12' );
INSERT INTO PARTICIPA ( PESSOA, EVENTO, HORA_ENTRADA, HORA_SAIDA )
	VALUES ( '706.451.238-62', 12, '16:43:17', '12:47:49' );
INSERT INTO PARTICIPA ( PESSOA, EVENTO, HORA_ENTRADA, HORA_SAIDA )
	VALUES ( '438.761.205-35', 13, '20:42:32', '15:50:25' );
INSERT INTO PARTICIPA ( PESSOA, EVENTO, HORA_ENTRADA, HORA_SAIDA )
	VALUES ( '514.062.793-15', 25, '23:43:04', '04:08:11' );
INSERT INTO PARTICIPA ( PESSOA, EVENTO, HORA_ENTRADA, HORA_SAIDA )
	VALUES ( '219.468.530-89', 93, '02:51:08', '23:57:01' );
INSERT INTO PARTICIPA ( PESSOA, EVENTO, HORA_ENTRADA, HORA_SAIDA )
	VALUES ( '682.135.740-44', 51, '17:44:10', '13:04:17' );
INSERT INTO PARTICIPA ( PESSOA, EVENTO, HORA_ENTRADA, HORA_SAIDA )
	VALUES ( '691.720.354-81', 37, '23:39:08', '22:54:04' );
INSERT INTO PARTICIPA ( PESSOA, EVENTO, HORA_ENTRADA, HORA_SAIDA )
	VALUES ( '043.598.176-57', 67, '04:54:16', '09:33:33' );
INSERT INTO PARTICIPA ( PESSOA, EVENTO, HORA_ENTRADA, HORA_SAIDA )
	VALUES ( '572.309.461-15', 42, '16:29:37', '13:25:56' );
INSERT INTO PARTICIPA ( PESSOA, EVENTO, HORA_ENTRADA, HORA_SAIDA )
	VALUES ( '258.416.793-17', 70, '22:04:33', '23:59:20' );
INSERT INTO PARTICIPA ( PESSOA, EVENTO, HORA_ENTRADA, HORA_SAIDA )
	VALUES ( '345.182.769-73', 67, '00:41:22', '17:18:38' );
INSERT INTO PARTICIPA ( PESSOA, EVENTO, HORA_ENTRADA, HORA_SAIDA )
	VALUES ( '345.182.769-73', 58, '22:28:12', '14:46:39' );
INSERT INTO PARTICIPA ( PESSOA, EVENTO, HORA_ENTRADA, HORA_SAIDA )
	VALUES ( '417.890.356-19', 73, '02:49:28', '23:34:14' );
INSERT INTO PARTICIPA ( PESSOA, EVENTO, HORA_ENTRADA, HORA_SAIDA )
	VALUES ( '405.821.796-11', 60, '13:32:08', '13:43:13' );
INSERT INTO PARTICIPA ( PESSOA, EVENTO, HORA_ENTRADA, HORA_SAIDA )
	VALUES ( '796.851.324-37', 71, '02:44:39', '01:46:32' );
INSERT INTO PARTICIPA ( PESSOA, EVENTO, HORA_ENTRADA, HORA_SAIDA )
	VALUES ( '284.609.531-14', 59, '16:41:53', '18:12:17' );
INSERT INTO PARTICIPA ( PESSOA, EVENTO, HORA_ENTRADA, HORA_SAIDA )
	VALUES ( '724.839.165-46', 97, '19:48:06', '05:34:37' );
INSERT INTO PARTICIPA ( PESSOA, EVENTO, HORA_ENTRADA, HORA_SAIDA )
	VALUES ( '289.410.763-31', 33, '16:20:19', '18:15:20' );
INSERT INTO PARTICIPA ( PESSOA, EVENTO, HORA_ENTRADA, HORA_SAIDA )
	VALUES ( '897.410.632-96', 25, '10:57:37', '06:19:43' );
INSERT INTO PARTICIPA ( PESSOA, EVENTO, HORA_ENTRADA, HORA_SAIDA )
	VALUES ( '149.563.028-51', 65, '12:10:38', '23:51:21' );
INSERT INTO PARTICIPA ( PESSOA, EVENTO, HORA_ENTRADA, HORA_SAIDA )
	VALUES ( '325.670.489-11', 52, '04:04:01', '05:44:05' );
INSERT INTO PARTICIPA ( PESSOA, EVENTO, HORA_ENTRADA, HORA_SAIDA )
	VALUES ( '587.639.421-19', 67, '04:30:10', '06:58:34' );
INSERT INTO PARTICIPA ( PESSOA, EVENTO, HORA_ENTRADA, HORA_SAIDA )
	VALUES ( '643.715.829-82', 27, '19:14:00', '03:49:24' );
INSERT INTO PARTICIPA ( PESSOA, EVENTO, HORA_ENTRADA, HORA_SAIDA )
	VALUES ( '719.024.536-71', 7, '23:44:17', '02:41:41' );
INSERT INTO PARTICIPA ( PESSOA, EVENTO, HORA_ENTRADA, HORA_SAIDA )
	VALUES ( '312.097.456-15', 11, '08:43:40', '15:31:16' );
INSERT INTO PARTICIPA ( PESSOA, EVENTO, HORA_ENTRADA, HORA_SAIDA )
	VALUES ( '724.308.695-19', 21, '22:52:04', '21:21:13' );
INSERT INTO PARTICIPA ( PESSOA, EVENTO, HORA_ENTRADA, HORA_SAIDA )
	VALUES ( '682.135.740-44', 31, '03:33:17', '17:48:24' );
INSERT INTO PARTICIPA ( PESSOA, EVENTO, HORA_ENTRADA, HORA_SAIDA )
	VALUES ( '571.863.094-11', 32, '21:57:54', '20:26:14' );
INSERT INTO PARTICIPA ( PESSOA, EVENTO, HORA_ENTRADA, HORA_SAIDA )
	VALUES ( '354.789.621-55', 40, '01:34:39', '14:49:34' );
INSERT INTO PARTICIPA ( PESSOA, EVENTO, HORA_ENTRADA, HORA_SAIDA )
	VALUES ( '874.326.509-18', 77, '03:15:37', '09:17:15' );
INSERT INTO PARTICIPA ( PESSOA, EVENTO, HORA_ENTRADA, HORA_SAIDA )
	VALUES ( '942.063.785-92', 40, '20:59:02', '11:06:23' );
INSERT INTO PARTICIPA ( PESSOA, EVENTO, HORA_ENTRADA, HORA_SAIDA )
	VALUES ( '417.098.562-11', 53, '08:29:32', '10:13:22' );
INSERT INTO PARTICIPA ( PESSOA, EVENTO, HORA_ENTRADA, HORA_SAIDA )
	VALUES ( '328.746.951-73', 10, '23:17:34', '23:12:07' );
INSERT INTO PARTICIPA ( PESSOA, EVENTO, HORA_ENTRADA, HORA_SAIDA )
	VALUES ( '835.921.640-15', 13, '08:48:44', '06:12:52' );
INSERT INTO PARTICIPA ( PESSOA, EVENTO, HORA_ENTRADA, HORA_SAIDA )
	VALUES ( '326.017.849-11', 69, '14:56:24', '15:45:50' );
INSERT INTO PARTICIPA ( PESSOA, EVENTO, HORA_ENTRADA, HORA_SAIDA )
	VALUES ( '248.719.356-55', 32, '05:07:27', '18:11:40' );
INSERT INTO PARTICIPA ( PESSOA, EVENTO, HORA_ENTRADA, HORA_SAIDA )
	VALUES ( '047.391.265-16', 87, '17:11:09', '22:07:59' );

/* TABLE TURMA */
INSERT INTO TURMA ( UNIVERSIDADE, ANO, CURSO, REPRESENTANTE, FORMATURA )
	VALUES ( 'Nobis enim voluptatum', 809663, 'Jogador de tênis de mesa', '643.715.829-82', 72 );
INSERT INTO TURMA ( UNIVERSIDADE, ANO, CURSO, REPRESENTANTE, FORMATURA )
	VALUES ( 'Maxime laboriosam blanditiis eiu', 254297, 'Controller', '326.017.849-11', 71 );
INSERT INTO TURMA ( UNIVERSIDADE, ANO, CURSO, REPRESENTANTE, FORMATURA )
	VALUES ( 'Officiis similique repellat inv', 379374, 'Mototaxista', '736.254.180-53', 77 );
INSERT INTO TURMA ( UNIVERSIDADE, ANO, CURSO, REPRESENTANTE, FORMATURA )
	VALUES ( 'A deleniti nemo voluptat', 230709, 'Atleta de nado sincronizado', '043.598.176-57', 77 );
INSERT INTO TURMA ( UNIVERSIDADE, ANO, CURSO, REPRESENTANTE, FORMATURA )
	VALUES ( 'Asperiores inventore totam harum. Accus', 298005, 'Neonatologista', '039.582.641-15', 79 );
INSERT INTO TURMA ( UNIVERSIDADE, ANO, CURSO, REPRESENTANTE, FORMATURA )
	VALUES ( 'Alias repellendus maxime assumenda odi', 251868, 'Cirurgião dentista', '219.468.530-89', 64 );
INSERT INTO TURMA ( UNIVERSIDADE, ANO, CURSO, REPRESENTANTE, FORMATURA )
	VALUES ( 'Et sed nobis quaerat consequatur sequi', 181415, 'Bartender', '874.326.509-18', 59 );
INSERT INTO TURMA ( UNIVERSIDADE, ANO, CURSO, REPRESENTANTE, FORMATURA )
	VALUES ( 'Molestias accusamus mo', 284325, 'Microfonista', '102.694.837-13', 30 );
INSERT INTO TURMA ( UNIVERSIDADE, ANO, CURSO, REPRESENTANTE, FORMATURA )
	VALUES ( 'Ipsam ut modi occaecati quam vero volup', 757457, 'Técnico em documentação', '942.063.785-92', 24 );
INSERT INTO TURMA ( UNIVERSIDADE, ANO, CURSO, REPRESENTANTE, FORMATURA )
	VALUES ( 'Quasi id voluptatem perspici', 177443, 'Dançarino', '289.410.763-31', 58 );
INSERT INTO TURMA ( UNIVERSIDADE, ANO, CURSO, REPRESENTANTE, FORMATURA )
	VALUES ( 'Illum deserunt facilis ', 488758, 'Físico', '326.017.849-11', 65 );
INSERT INTO TURMA ( UNIVERSIDADE, ANO, CURSO, REPRESENTANTE, FORMATURA )
	VALUES ( 'Unde quibusdam voluptate neque maiores.', 625783, 'Sushiman', '452.603.179-81', 91 );
INSERT INTO TURMA ( UNIVERSIDADE, ANO, CURSO, REPRESENTANTE, FORMATURA )
	VALUES ( 'Expedita nemo perferend', 852758, 'Rebarbador de metal', '023.157.984-51', 13 );
INSERT INTO TURMA ( UNIVERSIDADE, ANO, CURSO, REPRESENTANTE, FORMATURA )
	VALUES ( 'Ipsa ducimus nam sint fugia', 813972, 'Garimpeiro', '340.758.216-17', 63 );
INSERT INTO TURMA ( UNIVERSIDADE, ANO, CURSO, REPRESENTANTE, FORMATURA )
	VALUES ( 'Voluptates eveniet cumque necessitat', 694230, 'Oficial de justiça', '102.694.837-13', 51 );
INSERT INTO TURMA ( UNIVERSIDADE, ANO, CURSO, REPRESENTANTE, FORMATURA )
	VALUES ( 'Culpa officiis libero adipisci ra', 758494, 'Perito judicial', '482.310.957-13', 36 );
INSERT INTO TURMA ( UNIVERSIDADE, ANO, CURSO, REPRESENTANTE, FORMATURA )
	VALUES ( 'At omnis sint praesentium ', 231244, 'Trompetista', '108.549.236-24', 16 );
INSERT INTO TURMA ( UNIVERSIDADE, ANO, CURSO, REPRESENTANTE, FORMATURA )
	VALUES ( 'Optio sequi dicta perspicia', 226664, 'Oculista', '417.890.356-19', 34 );
INSERT INTO TURMA ( UNIVERSIDADE, ANO, CURSO, REPRESENTANTE, FORMATURA )
	VALUES ( 'Aperiam voluptates et et. Laudantium', 877045, 'Ambientalista', '823.941.507-51', 24 );
INSERT INTO TURMA ( UNIVERSIDADE, ANO, CURSO, REPRESENTANTE, FORMATURA )
	VALUES ( 'Laboriosam natus porro neque la', 333194, 'Judoca', '102.694.837-13', 73 );
INSERT INTO TURMA ( UNIVERSIDADE, ANO, CURSO, REPRESENTANTE, FORMATURA )
	VALUES ( 'Ducimus et fugiat re', 199314, 'Transcritor', '682.135.740-44', 56 );
INSERT INTO TURMA ( UNIVERSIDADE, ANO, CURSO, REPRESENTANTE, FORMATURA )
	VALUES ( 'Nobis vel fugiat repudiandae dol', 753856, 'Toxicologista', '601.832.957-31', 24 );
INSERT INTO TURMA ( UNIVERSIDADE, ANO, CURSO, REPRESENTANTE, FORMATURA )
	VALUES ( 'Adipisci natus nostrum ', 405318, 'Soldador', '148.067.532-62', 90 );
INSERT INTO TURMA ( UNIVERSIDADE, ANO, CURSO, REPRESENTANTE, FORMATURA )
	VALUES ( 'Nostrum natus ipsam beata', 682369, 'Ginecologista', '374.981.620-41', 13 );
INSERT INTO TURMA ( UNIVERSIDADE, ANO, CURSO, REPRESENTANTE, FORMATURA )
	VALUES ( 'Consequuntur dignissimos e', 665390, 'Tecnólogo em irrigação e drenagem', '719.632.845-18', 89 );
INSERT INTO TURMA ( UNIVERSIDADE, ANO, CURSO, REPRESENTANTE, FORMATURA )
	VALUES ( 'Dolore ex facilis ab se', 438320, 'Encanador', '062.895.713-11', 73 );
INSERT INTO TURMA ( UNIVERSIDADE, ANO, CURSO, REPRESENTANTE, FORMATURA )
	VALUES ( 'Quaerat est corporis na', 357583, 'Astrólogo', '056.274.819-94', 61 );
INSERT INTO TURMA ( UNIVERSIDADE, ANO, CURSO, REPRESENTANTE, FORMATURA )
	VALUES ( 'Alias ratione eaque voluptatibus v', 334982, 'Oculista', '724.839.165-46', 46 );
INSERT INTO TURMA ( UNIVERSIDADE, ANO, CURSO, REPRESENTANTE, FORMATURA )
	VALUES ( 'Blanditiis non quam. Ad pariatur', 449920, 'Adestrador de animais', '601.832.957-31', 23 );
INSERT INTO TURMA ( UNIVERSIDADE, ANO, CURSO, REPRESENTANTE, FORMATURA )
	VALUES ( 'Similique aut repellat', 645532, 'Artista de circo', '374.981.620-41', 40 );
INSERT INTO TURMA ( UNIVERSIDADE, ANO, CURSO, REPRESENTANTE, FORMATURA )
	VALUES ( 'Asperiores error molestias quisquam fug', 899895, 'Coordenador', '870.296.513-59', 33 );
INSERT INTO TURMA ( UNIVERSIDADE, ANO, CURSO, REPRESENTANTE, FORMATURA )
	VALUES ( 'Doloribus consequatur r', 106526, 'Presidente da República', '284.609.531-14', 63 );
INSERT INTO TURMA ( UNIVERSIDADE, ANO, CURSO, REPRESENTANTE, FORMATURA )
	VALUES ( 'Suscipit tempore sed assumenda.Quos al', 271102, 'Selecionador de pessoal', '234.056.871-44', 38 );
INSERT INTO TURMA ( UNIVERSIDADE, ANO, CURSO, REPRESENTANTE, FORMATURA )
	VALUES ( 'Praesentium fuga aliqui', 487529, 'Berçarista', '813.904.726-12', 48 );
INSERT INTO TURMA ( UNIVERSIDADE, ANO, CURSO, REPRESENTANTE, FORMATURA )
	VALUES ( 'Labore voluptatibus quis. Voluptates', 624791, 'Conferente de expedição', '723.861.409-11', 50 );
INSERT INTO TURMA ( UNIVERSIDADE, ANO, CURSO, REPRESENTANTE, FORMATURA )
	VALUES ( 'Quos qui fuga dolor. Qui eaque b', 360602, 'Técnico em arquivo', '973.546.120-14', 3 );
INSERT INTO TURMA ( UNIVERSIDADE, ANO, CURSO, REPRESENTANTE, FORMATURA )
	VALUES ( 'Hic impedit sed earum et totam. Volupta', 898204, 'Gerente de riscos em seguros', '437.912.085-61', 76 );
INSERT INTO TURMA ( UNIVERSIDADE, ANO, CURSO, REPRESENTANTE, FORMATURA )
	VALUES ( 'Unde nobis possimus har', 414839, 'Vereador', '643.715.829-82', 64 );
INSERT INTO TURMA ( UNIVERSIDADE, ANO, CURSO, REPRESENTANTE, FORMATURA )
	VALUES ( 'Maxime expedita ut ve', 390687, 'Psicopedagogo', '719.024.536-71', 14 );
INSERT INTO TURMA ( UNIVERSIDADE, ANO, CURSO, REPRESENTANTE, FORMATURA )
	VALUES ( 'Minima voluptatum corr', 272241, 'Orientador educacional', '627.834.091-78', 30 );
INSERT INTO TURMA ( UNIVERSIDADE, ANO, CURSO, REPRESENTANTE, FORMATURA )
	VALUES ( 'Unde sint molestias repella', 542492, 'Engenheiro de telecomunicações', '482.310.957-13', 91 );
INSERT INTO TURMA ( UNIVERSIDADE, ANO, CURSO, REPRESENTANTE, FORMATURA )
	VALUES ( 'Voluptates illo ab q', 173922, 'Gagsman', '719.024.536-71', 24 );
INSERT INTO TURMA ( UNIVERSIDADE, ANO, CURSO, REPRESENTANTE, FORMATURA )
	VALUES ( 'Ipsa impedit sint recusandae par', 395654, 'Desembargador de justiça', '708.423.591-41', 45 );
INSERT INTO TURMA ( UNIVERSIDADE, ANO, CURSO, REPRESENTANTE, FORMATURA )
	VALUES ( 'Eius nobis ex mollitia. Quasi moll', 431400, 'Dogueiro', '047.391.265-16', 64 );
INSERT INTO TURMA ( UNIVERSIDADE, ANO, CURSO, REPRESENTANTE, FORMATURA )
	VALUES ( 'Quo itaque magnam dolore te', 566823, 'Vigia parlamentar', '405.821.796-11', 62 );
INSERT INTO TURMA ( UNIVERSIDADE, ANO, CURSO, REPRESENTANTE, FORMATURA )
	VALUES ( 'Itaque ad neque impedit cupiditate', 160186, 'Deputado', '105.697.324-25', 91 );
INSERT INTO TURMA ( UNIVERSIDADE, ANO, CURSO, REPRESENTANTE, FORMATURA )
	VALUES ( 'Perferendis ad corrup', 512085, 'Pedagogo', '148.067.532-62', 67 );
INSERT INTO TURMA ( UNIVERSIDADE, ANO, CURSO, REPRESENTANTE, FORMATURA )
	VALUES ( 'Libero tempora odio nam', 890304, 'Odontopediatra', '723.861.409-11', 41 );
INSERT INTO TURMA ( UNIVERSIDADE, ANO, CURSO, REPRESENTANTE, FORMATURA )
	VALUES ( 'Deserunt aliquid vol', 267197, 'Astrofísico', '942.063.785-92', 56 );
INSERT INTO TURMA ( UNIVERSIDADE, ANO, CURSO, REPRESENTANTE, FORMATURA )
	VALUES ( 'Earum eum eos tempora consectet', 596248, 'Ambientalista', '601.832.957-31', 62 );
INSERT INTO TURMA ( UNIVERSIDADE, ANO, CURSO, REPRESENTANTE, FORMATURA )
	VALUES ( 'Omnis sit sequi perferendis rem ', 843114, 'Urbanista', '213.695.087-86', 72 );
INSERT INTO TURMA ( UNIVERSIDADE, ANO, CURSO, REPRESENTANTE, FORMATURA )
	VALUES ( 'Neque perferendis eveniet suscipit quae.', 628250, 'Harpista', '149.563.028-51', 52 );
INSERT INTO TURMA ( UNIVERSIDADE, ANO, CURSO, REPRESENTANTE, FORMATURA )
	VALUES ( 'Eos veniam placeat ipsum. Quod eius dolo', 703341, 'Caldeireiro', '835.921.640-15', 42 );
INSERT INTO TURMA ( UNIVERSIDADE, ANO, CURSO, REPRESENTANTE, FORMATURA )
	VALUES ( 'Officiis non nobis suscipit et dignissi', 894351, 'Administrador público', '456.823.097-74', 19 );
INSERT INTO TURMA ( UNIVERSIDADE, ANO, CURSO, REPRESENTANTE, FORMATURA )
	VALUES ( 'Odio quasi suscipit ab', 723804, 'Engenheiro físico', '587.639.421-19', 34 );
INSERT INTO TURMA ( UNIVERSIDADE, ANO, CURSO, REPRESENTANTE, FORMATURA )
	VALUES ( 'Deserunt totam illo ', 735191, 'Administrador público', '417.098.562-11', 97 );
INSERT INTO TURMA ( UNIVERSIDADE, ANO, CURSO, REPRESENTANTE, FORMATURA )
	VALUES ( 'Cum praesentium error magni. Ducimus ', 250441, 'Marceneiro', '704.958.361-84', 68 );
INSERT INTO TURMA ( UNIVERSIDADE, ANO, CURSO, REPRESENTANTE, FORMATURA )
	VALUES ( 'Vitae voluptas architecto quia officiis', 436192, 'Webdesigner', '926.315.470-81', 65 );
INSERT INTO TURMA ( UNIVERSIDADE, ANO, CURSO, REPRESENTANTE, FORMATURA )
	VALUES ( 'Culpa at et cumque. Quam e', 678860, 'Jogador de bocha', '127.605.894-21', 99 );
INSERT INTO TURMA ( UNIVERSIDADE, ANO, CURSO, REPRESENTANTE, FORMATURA )
	VALUES ( 'Inventore delectus earum cum. Ape', 827682, 'Infectologista', '234.056.871-44', 28 );
INSERT INTO TURMA ( UNIVERSIDADE, ANO, CURSO, REPRESENTANTE, FORMATURA )
	VALUES ( 'Sit tempora delectus eos. Tempor', 854177, 'Apicultor', '627.834.091-78', 29 );
INSERT INTO TURMA ( UNIVERSIDADE, ANO, CURSO, REPRESENTANTE, FORMATURA )
	VALUES ( 'Natus pariatur aperiam', 876602, 'Letrista', '312.097.456-15', 26 );
INSERT INTO TURMA ( UNIVERSIDADE, ANO, CURSO, REPRESENTANTE, FORMATURA )
	VALUES ( 'Quisquam quaerat volu', 443780, 'Digitador', '417.890.356-19', 98 );
INSERT INTO TURMA ( UNIVERSIDADE, ANO, CURSO, REPRESENTANTE, FORMATURA )
	VALUES ( 'Placeat unde cupiditate commod', 589339, 'Produtor de eventos', '604.872.351-26', 98 );
INSERT INTO TURMA ( UNIVERSIDADE, ANO, CURSO, REPRESENTANTE, FORMATURA )
	VALUES ( 'Adipisci illum fugit aspernatur. Di', 507055, 'Copeiro', '691.720.354-81', 47 );
INSERT INTO TURMA ( UNIVERSIDADE, ANO, CURSO, REPRESENTANTE, FORMATURA )
	VALUES ( 'Perspiciatis quisquam labore odio', 863034, 'Levantador de peso', '723.081.469-31', 17 );
INSERT INTO TURMA ( UNIVERSIDADE, ANO, CURSO, REPRESENTANTE, FORMATURA )
	VALUES ( 'Odio recusandae expedita mag', 728284, 'Taifeiro', '473.025.816-91', 37 );
INSERT INTO TURMA ( UNIVERSIDADE, ANO, CURSO, REPRESENTANTE, FORMATURA )
	VALUES ( 'Dignissimos laboriosam ', 518642, 'Dermatologista', '475.210.839-97', 20 );
INSERT INTO TURMA ( UNIVERSIDADE, ANO, CURSO, REPRESENTANTE, FORMATURA )
	VALUES ( 'Deserunt commodi magni. Dicta quib', 612386, 'Investigador particular', '719.632.845-18', 75 );
INSERT INTO TURMA ( UNIVERSIDADE, ANO, CURSO, REPRESENTANTE, FORMATURA )
	VALUES ( 'Tempore sunt repudiandae alias quod ', 420950, 'Estampador de tecidos', '127.605.894-21', 34 );
INSERT INTO TURMA ( UNIVERSIDADE, ANO, CURSO, REPRESENTANTE, FORMATURA )
	VALUES ( 'Laboriosam molestias exercitatione', 634804, 'Marcador de luz', '719.632.845-18', 8 );
INSERT INTO TURMA ( UNIVERSIDADE, ANO, CURSO, REPRESENTANTE, FORMATURA )
	VALUES ( 'Nulla voluptatum nobis. Tempori', 752442, 'Sexólogo', '473.025.816-91', 29 );
INSERT INTO TURMA ( UNIVERSIDADE, ANO, CURSO, REPRESENTANTE, FORMATURA )
	VALUES ( 'Ea beatae perferendis modi quo ve', 339445, 'Ambientalista', '902.653.718-21', 79 );
INSERT INTO TURMA ( UNIVERSIDADE, ANO, CURSO, REPRESENTANTE, FORMATURA )
	VALUES ( 'Explicabo laboriosam quos iusto pro', 791085, 'Locutor', '405.821.796-11', 39 );
INSERT INTO TURMA ( UNIVERSIDADE, ANO, CURSO, REPRESENTANTE, FORMATURA )
	VALUES ( 'Harum neque corporis. Unde quibusd', 512859, 'Fundidor de placa de gesso', '619.308.754-11', 74 );
INSERT INTO TURMA ( UNIVERSIDADE, ANO, CURSO, REPRESENTANTE, FORMATURA )
	VALUES ( 'Odit perferendis ratione. Exerci', 701502, 'Cirurgião dentista', '523.184.960-13', 2 );
INSERT INTO TURMA ( UNIVERSIDADE, ANO, CURSO, REPRESENTANTE, FORMATURA )
	VALUES ( 'Cumque possimus incidunt vero. Enim beat', 851570, 'Dedetizador', '234.056.871-44', 89 );
INSERT INTO TURMA ( UNIVERSIDADE, ANO, CURSO, REPRESENTANTE, FORMATURA )
	VALUES ( 'Facere eius harum maxime. Assumenda volu', 190592, 'Engenheiro de processos', '325.670.489-11', 13 );
INSERT INTO TURMA ( UNIVERSIDADE, ANO, CURSO, REPRESENTANTE, FORMATURA )
	VALUES ( 'Quod vel quidem aspernatur ', 468624, 'Arqueólogo', '039.582.641-15', 44 );
INSERT INTO TURMA ( UNIVERSIDADE, ANO, CURSO, REPRESENTANTE, FORMATURA )
	VALUES ( 'Ea esse nemo minus commod', 637181, 'Biotecnólogo', '325.670.489-11', 26 );
INSERT INTO TURMA ( UNIVERSIDADE, ANO, CURSO, REPRESENTANTE, FORMATURA )
	VALUES ( 'Id quae laudantium voluptate doloremq', 692135, 'Ascensorista', '968.324.057-74', 68 );
INSERT INTO TURMA ( UNIVERSIDADE, ANO, CURSO, REPRESENTANTE, FORMATURA )
	VALUES ( 'Temporibus magni dicta.', 204797, 'Pediatra', '475.210.839-97', 6 );
INSERT INTO TURMA ( UNIVERSIDADE, ANO, CURSO, REPRESENTANTE, FORMATURA )
	VALUES ( 'Soluta expedita molestiae excepturi dolo', 245090, 'Degustador', '986.054.132-98', 87 );
INSERT INTO TURMA ( UNIVERSIDADE, ANO, CURSO, REPRESENTANTE, FORMATURA )
	VALUES ( 'Deserunt ex officia op', 354533, 'Administrador de banco de dados DBA', '047.391.265-16', 89 );
INSERT INTO TURMA ( UNIVERSIDADE, ANO, CURSO, REPRESENTANTE, FORMATURA )
	VALUES ( 'Deserunt architecto ', 678888, 'Lanterneiro', '264.870.395-19', 67 );
INSERT INTO TURMA ( UNIVERSIDADE, ANO, CURSO, REPRESENTANTE, FORMATURA )
	VALUES ( 'Sequi quos libero natus quam ', 386365, 'Geofísico', '571.863.094-11', 94 );
INSERT INTO TURMA ( UNIVERSIDADE, ANO, CURSO, REPRESENTANTE, FORMATURA )
	VALUES ( 'Atque officiis voluptatem qua', 730212, 'Dublador', '529.748.613-18', 25 );
INSERT INTO TURMA ( UNIVERSIDADE, ANO, CURSO, REPRESENTANTE, FORMATURA )
	VALUES ( 'Eveniet ut architecto. Asperiores la', 806024, 'Assistente de câmera', '627.834.091-78', 82 );
INSERT INTO TURMA ( UNIVERSIDADE, ANO, CURSO, REPRESENTANTE, FORMATURA )
	VALUES ( 'Magni id numquam nesciun', 865686, 'Pedreiro', '960.538.471-19', 9 );
INSERT INTO TURMA ( UNIVERSIDADE, ANO, CURSO, REPRESENTANTE, FORMATURA )
	VALUES ( 'Quidem sapiente sit. Qu', 490719, 'Lavador de veículos', '150.238.679-86', 84 );
INSERT INTO TURMA ( UNIVERSIDADE, ANO, CURSO, REPRESENTANTE, FORMATURA )
	VALUES ( 'Reprehenderit minus qu', 855960, 'Investigador de Polícia', '719.024.536-71', 43 );
INSERT INTO TURMA ( UNIVERSIDADE, ANO, CURSO, REPRESENTANTE, FORMATURA )
	VALUES ( 'Doloribus odit necessitatibus quod. In m', 613716, 'Lutador de taekwondo', '892.056.143-51', 91 );
INSERT INTO TURMA ( UNIVERSIDADE, ANO, CURSO, REPRESENTANTE, FORMATURA )
	VALUES ( 'Quidem nemo quaerat commodi ', 450610, 'Dublador', '251.940.876-67', 64 );
INSERT INTO TURMA ( UNIVERSIDADE, ANO, CURSO, REPRESENTANTE, FORMATURA )
	VALUES ( 'Sed sunt excepturi nam quibu', 136509, 'Atendente', '452.603.179-81', 31 );
INSERT INTO TURMA ( UNIVERSIDADE, ANO, CURSO, REPRESENTANTE, FORMATURA )
	VALUES ( 'Rerum quia numquam unde', 578963, 'Paginador', '706.451.238-62', 11 );
INSERT INTO TURMA ( UNIVERSIDADE, ANO, CURSO, REPRESENTANTE, FORMATURA )
	VALUES ( 'Officia vel harum sunt ', 278643, 'Engenheiro petroquímico', '741.896.205-31', 44 );
INSERT INTO TURMA ( UNIVERSIDADE, ANO, CURSO, REPRESENTANTE, FORMATURA )
	VALUES ( 'Commodi odit reiciendis dolor ve', 581619, 'Engenheiro mecânico', '145.093.687-39', 70 );
INSERT INTO TURMA ( UNIVERSIDADE, ANO, CURSO, REPRESENTANTE, FORMATURA )
	VALUES ( 'Neque facere molestiae. Sint quid', 382138, 'Espeleologista', '150.238.679-86', 3 );
INSERT INTO TURMA ( UNIVERSIDADE, ANO, CURSO, REPRESENTANTE, FORMATURA )
	VALUES ( 'Architecto esse ex consequunt', 150582, 'Técnico em documentação', '047.391.265-16', 68 );
INSERT INTO TURMA ( UNIVERSIDADE, ANO, CURSO, REPRESENTANTE, FORMATURA )
	VALUES ( 'Deleniti ipsam minus fugiat conse', 740957, 'Limpador de vidros', '340.758.216-17', 75 );

/* TABLE CARGO */
/* NULL INSERTION FOR ATTRIBUTEPRECOHAT TABLECARGO */
INSERT INTO CARGO ( NOME, PRECOH )
	VALUES ( 'Lavínia Viana', NULL );
INSERT INTO CARGO ( NOME, PRECOH )
	VALUES ( 'Arthur das Neves', 23745.19 );
INSERT INTO CARGO ( NOME, PRECOH )
	VALUES ( 'Igor Correia', 68941.45 );
INSERT INTO CARGO ( NOME, PRECOH )
	VALUES ( 'Emanuella Correia', 43688.77 );
INSERT INTO CARGO ( NOME, PRECOH )
	VALUES ( 'Nina Ramos', 29612.43 );
INSERT INTO CARGO ( NOME, PRECOH )
	VALUES ( 'Marcos Vinicius Novaes', 49681.65 );
INSERT INTO CARGO ( NOME, PRECOH )
	VALUES ( 'Isabel Vieira', 56091.44 );
INSERT INTO CARGO ( NOME, PRECOH )
	VALUES ( 'Matheus Jesus', 89019.93 );
INSERT INTO CARGO ( NOME, PRECOH )
	VALUES ( 'Heloísa da Mata', 20364.96 );
INSERT INTO CARGO ( NOME, PRECOH )
	VALUES ( 'Esther Ferreira', 75539.31 );
INSERT INTO CARGO ( NOME, PRECOH )
	VALUES ( 'Caroline Pinto', 92574.42 );
INSERT INTO CARGO ( NOME, PRECOH )
	VALUES ( 'Ana Laura Cavalcanti', 84744.97 );
INSERT INTO CARGO ( NOME, PRECOH )
	VALUES ( 'Fernando Araújo', 89325.37 );
INSERT INTO CARGO ( NOME, PRECOH )
	VALUES ( 'Isaac Moura', 96361.52 );
INSERT INTO CARGO ( NOME, PRECOH )
	VALUES ( 'Dr. André da Luz', 81299.18 );
INSERT INTO CARGO ( NOME, PRECOH )
	VALUES ( 'Carlos Eduardo Martins', 26165.19 );
INSERT INTO CARGO ( NOME, PRECOH )
	VALUES ( 'Catarina Nascimento', 35443.94 );
INSERT INTO CARGO ( NOME, PRECOH )
	VALUES ( 'Vitor Hugo da Rocha', 33403.31 );
INSERT INTO CARGO ( NOME, PRECOH )
	VALUES ( 'Maria Cecília Barros', 31236.76 );
INSERT INTO CARGO ( NOME, PRECOH )
	VALUES ( 'Srta. Sabrina Costa', 64273.42 );
INSERT INTO CARGO ( NOME, PRECOH )
	VALUES ( 'Maria Sophia FariasFernandes', 56022.94 );
INSERT INTO CARGO ( NOME, PRECOH )
	VALUES ( 'Sarah Costela', 3836.11 );
INSERT INTO CARGO ( NOME, PRECOH )
	VALUES ( 'Sr. Davi Lucas Ramos', 17214.83 );
INSERT INTO CARGO ( NOME, PRECOH )
	VALUES ( 'Esther Aragão', 60835.1 );
INSERT INTO CARGO ( NOME, PRECOH )
	VALUES ( 'Sophie Fogaça', 24802.09 );
INSERT INTO CARGO ( NOME, PRECOH )
	VALUES ( 'Gustavo Teixeira', 33149.81 );
INSERT INTO CARGO ( NOME, PRECOH )
	VALUES ( 'Alícia Santos', 1382.23 );
INSERT INTO CARGO ( NOME, PRECOH )
	VALUES ( 'Ana Vitória Melo', 55273.19 );
INSERT INTO CARGO ( NOME, PRECOH )
	VALUES ( 'Juan Peixoto', 75676.43 );
INSERT INTO CARGO ( NOME, PRECOH )
	VALUES ( 'Benjamin Barros', 78196.51 );
INSERT INTO CARGO ( NOME, PRECOH )
	VALUES ( 'Sra. Isabelly Alves', 43215.88 );
INSERT INTO CARGO ( NOME, PRECOH )
	VALUES ( 'Marcelo Costela', 6155.36 );
INSERT INTO CARGO ( NOME, PRECOH )
	VALUES ( 'Maria Luiza Novaes', 95748.76 );
INSERT INTO CARGO ( NOME, PRECOH )
	VALUES ( 'Sr. Matheus Sales', 91927.37 );
INSERT INTO CARGO ( NOME, PRECOH )
	VALUES ( 'Fernanda Rocha', 15060.61 );
INSERT INTO CARGO ( NOME, PRECOH )
	VALUES ( 'Luiz Miguel Duarte', 54907.81 );
INSERT INTO CARGO ( NOME, PRECOH )
	VALUES ( 'Noah Souza', 83109.69 );
INSERT INTO CARGO ( NOME, PRECOH )
	VALUES ( 'Ana Luiza Nogueira', 15332.3 );
INSERT INTO CARGO ( NOME, PRECOH )
	VALUES ( 'Ian Peixoto', 96245.88 );
INSERT INTO CARGO ( NOME, PRECOH )
	VALUES ( 'Igor da Mota', 90115.7 );
INSERT INTO CARGO ( NOME, PRECOH )
	VALUES ( 'Dra. Sophia Pires', 73940.87 );
INSERT INTO CARGO ( NOME, PRECOH )
	VALUES ( 'Alice Ramos', 315.37 );
INSERT INTO CARGO ( NOME, PRECOH )
	VALUES ( 'João da Paz', 12991.22 );
INSERT INTO CARGO ( NOME, PRECOH )
	VALUES ( 'Maria Fernanda Barbosa', 85172.13 );
INSERT INTO CARGO ( NOME, PRECOH )
	VALUES ( 'Carlos Eduardo Mendes', 26065.44 );
INSERT INTO CARGO ( NOME, PRECOH )
	VALUES ( 'Joaquim Cardoso,', 66220.62 );
INSERT INTO CARGO ( NOME, PRECOH )
	VALUES ( 'Guilherme Sales', 84144.42 );
INSERT INTO CARGO ( NOME, PRECOH )
	VALUES ( 'Maitê Jesus', 70821.34 );
INSERT INTO CARGO ( NOME, PRECOH )
	VALUES ( 'Srta. Emanuelly Nascimento', 81623.63 );
INSERT INTO CARGO ( NOME, PRECOH )
	VALUES ( 'Augusto Barros', 72283.3 );
INSERT INTO CARGO ( NOME, PRECOH )
	VALUES ( 'Davi Lucca Pereira', 37392.78 );
INSERT INTO CARGO ( NOME, PRECOH )
	VALUES ( 'Sofia Azevedo', 94927.95 );
INSERT INTO CARGO ( NOME, PRECOH )
	VALUES ( 'Heloísa Freitas', 10753.3 );
INSERT INTO CARGO ( NOME, PRECOH )
	VALUES ( 'Evelyn Nunes', 91018.03 );
INSERT INTO CARGO ( NOME, PRECOH )
	VALUES ( 'Caio Barbosa', 68179.61 );
INSERT INTO CARGO ( NOME, PRECOH )
	VALUES ( 'Juliana Cunha', 18003.8 );
INSERT INTO CARGO ( NOME, PRECOH )
	VALUES ( 'Rodrigo Teixeira', 65948.99 );
INSERT INTO CARGO ( NOME, PRECOH )
	VALUES ( 'Stephany Pereira', 99209.03 );
INSERT INTO CARGO ( NOME, PRECOH )
	VALUES ( 'Dra. Eduarda Silveira', 59643.55 );
INSERT INTO CARGO ( NOME, PRECOH )
	VALUES ( 'Diego Ramos', 42345.61 );
INSERT INTO CARGO ( NOME, PRECOH )
	VALUES ( 'Rafaela da Cruz', 14849.12 );
INSERT INTO CARGO ( NOME, PRECOH )
	VALUES ( 'Davi Luiz Fogaça', 94068.37 );
INSERT INTO CARGO ( NOME, PRECOH )
	VALUES ( 'Emanuel Cavalcanti', 60476.17 );
INSERT INTO CARGO ( NOME, PRECOH )
	VALUES ( 'Alexandre Nascimento', 39506.59 );
INSERT INTO CARGO ( NOME, PRECOH )
	VALUES ( 'Ana Clara Martins', 34101.95 );
INSERT INTO CARGO ( NOME, PRECOH )
	VALUES ( 'Fernando Lima', 11999.51 );
INSERT INTO CARGO ( NOME, PRECOH )
	VALUES ( 'Sr. Calebe Freitas', 42747.89 );
INSERT INTO CARGO ( NOME, PRECOH )
	VALUES ( 'Sr. Kevin Barros', 2436.89 );
INSERT INTO CARGO ( NOME, PRECOH )
	VALUES ( 'Lucca Barbosa', 12479.44 );
INSERT INTO CARGO ( NOME, PRECOH )
	VALUES ( 'Nathan Vieira', 51606.25 );
INSERT INTO CARGO ( NOME, PRECOH )
	VALUES ( 'Juan Caldeira', 21866.12 );
INSERT INTO CARGO ( NOME, PRECOH )
	VALUES ( 'Lara Almeida', 42401.0 );
INSERT INTO CARGO ( NOME, PRECOH )
	VALUES ( 'Dr. Thomas Pereira', 78778.3 );
INSERT INTO CARGO ( NOME, PRECOH )
	VALUES ( 'Stephany Vieira', 76148.28 );
INSERT INTO CARGO ( NOME, PRECOH )
	VALUES ( 'Davi Lucca Almeida', 43414.27 );
INSERT INTO CARGO ( NOME, PRECOH )
	VALUES ( 'Sra. Marcela da Conceição', 4961.61 );
INSERT INTO CARGO ( NOME, PRECOH )
	VALUES ( 'Luana Pires', 17900.48 );
INSERT INTO CARGO ( NOME, PRECOH )
	VALUES ( 'Dr. Pedro Lucas da Luz', 43058.32 );
INSERT INTO CARGO ( NOME, PRECOH )
	VALUES ( 'Julia Oliveira', 45031.75 );
INSERT INTO CARGO ( NOME, PRECOH )
	VALUES ( 'Yuri Nascimento', 40157.49 );
INSERT INTO CARGO ( NOME, PRECOH )
	VALUES ( 'Murilo Pires', 96088.49 );
INSERT INTO CARGO ( NOME, PRECOH )
	VALUES ( 'Heitor Cardoso', 86625.13 );
INSERT INTO CARGO ( NOME, PRECOH )
	VALUES ( 'Lorena Pires', 1142.74 );
INSERT INTO CARGO ( NOME, PRECOH )
	VALUES ( 'Sabrina Freitas', 4728.91 );
INSERT INTO CARGO ( NOME, PRECOH )
	VALUES ( 'Luiz Fernando FariasFernandes', 45968.59 );
INSERT INTO CARGO ( NOME, PRECOH )
	VALUES ( 'Elisa Pinto', 25172.9 );
INSERT INTO CARGO ( NOME, PRECOH )
	VALUES ( 'Luiz Felipe Jesus', 99173.95 );
INSERT INTO CARGO ( NOME, PRECOH )
	VALUES ( 'Natália Fogaça', 60739.7 );
INSERT INTO CARGO ( NOME, PRECOH )
	VALUES ( 'Sophia da Cunha', 65192.69 );
INSERT INTO CARGO ( NOME, PRECOH )
	VALUES ( 'Gustavo Santos', 39185.8 );
INSERT INTO CARGO ( NOME, PRECOH )
	VALUES ( 'Sr. Felipe Correia', 82710.93 );
INSERT INTO CARGO ( NOME, PRECOH )
	VALUES ( 'Laís Cunha', 24318.49 );
INSERT INTO CARGO ( NOME, PRECOH )
	VALUES ( 'Lucas da Conceição', 81797.74 );
INSERT INTO CARGO ( NOME, PRECOH )
	VALUES ( 'João Pedro Lima', 39606.37 );
INSERT INTO CARGO ( NOME, PRECOH )
	VALUES ( 'Sofia da Mota', 45798.05 );
INSERT INTO CARGO ( NOME, PRECOH )
	VALUES ( 'Thales Monteiro', 53653.59 );
INSERT INTO CARGO ( NOME, PRECOH )
	VALUES ( 'Ana Clara da Cruz', 79637.68 );
INSERT INTO CARGO ( NOME, PRECOH )
	VALUES ( 'Dra. Caroline Cardoso,', 76955.72 );
INSERT INTO CARGO ( NOME, PRECOH )
	VALUES ( 'Diogo da Rocha', 93677.43 );
INSERT INTO CARGO ( NOME, PRECOH )
	VALUES ( 'Letícia Cunha', 21384.89 );
INSERT INTO CARGO ( NOME, PRECOH )
	VALUES ( 'Luiz Fernando Azevedo', 66922.5 );

/* TABLE EMPRESA_FUNCIONARIO */
/* NULL INSERTION FOR ATTRIBUTENOMEAT TABLEEMPRESA_FUNCIONARIO */
INSERT INTO EMPRESA_FUNCIONARIO ( CNPJ, NOME, TELEFONE )
	VALUES ( 21978706, NULL, '(18) 2864-4078' );
INSERT INTO EMPRESA_FUNCIONARIO ( CNPJ, NOME, TELEFONE )
	VALUES ( 70211204, 'Anthony Gonçalves', '(15) 5795-9925' );
INSERT INTO EMPRESA_FUNCIONARIO ( CNPJ, NOME, TELEFONE )
	VALUES ( 34298076, 'Srta. Luana Ferreira', '(79) 0217-1477' );
INSERT INTO EMPRESA_FUNCIONARIO ( CNPJ, NOME, TELEFONE )
	VALUES ( 33500090, 'Srta. Lívia Ferreira', '(92) 6021-8016' );
INSERT INTO EMPRESA_FUNCIONARIO ( CNPJ, NOME, TELEFONE )
	VALUES ( 33858156, 'Luigi Jesus', '(77) 2922-6596' );
INSERT INTO EMPRESA_FUNCIONARIO ( CNPJ, NOME, TELEFONE )
	VALUES ( 22003672, 'João das Neves', '(61) 4741-1150' );
INSERT INTO EMPRESA_FUNCIONARIO ( CNPJ, NOME, TELEFONE )
	VALUES ( 34823799, 'Maria Costa', '(19) 5759-3928' );
INSERT INTO EMPRESA_FUNCIONARIO ( CNPJ, NOME, TELEFONE )
	VALUES ( 67830124, 'Vitor Melo', '(05) 3886-1256' );
INSERT INTO EMPRESA_FUNCIONARIO ( CNPJ, NOME, TELEFONE )
	VALUES ( 23518528, 'Júlia Alves', '(98) 5008-0903' );
INSERT INTO EMPRESA_FUNCIONARIO ( CNPJ, NOME, TELEFONE )
	VALUES ( 27735157, 'Matheus Teixeira', '(23) 4613-8407' );
INSERT INTO EMPRESA_FUNCIONARIO ( CNPJ, NOME, TELEFONE )
	VALUES ( 35174295, 'Juliana da Mota', '(59) 4184-3123' );
INSERT INTO EMPRESA_FUNCIONARIO ( CNPJ, NOME, TELEFONE )
	VALUES ( 57521889, 'Luigi da Rosa', '(94) 8546-6210' );
INSERT INTO EMPRESA_FUNCIONARIO ( CNPJ, NOME, TELEFONE )
	VALUES ( 67592991, 'Maria Eduarda Sales', '(59) 6268-3147' );
INSERT INTO EMPRESA_FUNCIONARIO ( CNPJ, NOME, TELEFONE )
	VALUES ( 51452843, 'Sabrina Vieira', '(54) 8263-7353' );
INSERT INTO EMPRESA_FUNCIONARIO ( CNPJ, NOME, TELEFONE )
	VALUES ( 39891777, 'Natália Teixeira', '(79) 9859-7110' );
INSERT INTO EMPRESA_FUNCIONARIO ( CNPJ, NOME, TELEFONE )
	VALUES ( 84083905, 'Srta. Marcela Costela', '(56) 1757-1122' );
INSERT INTO EMPRESA_FUNCIONARIO ( CNPJ, NOME, TELEFONE )
	VALUES ( 59098007, 'Daniel da Paz', '(23) 5277-0766' );
INSERT INTO EMPRESA_FUNCIONARIO ( CNPJ, NOME, TELEFONE )
	VALUES ( 46093140, 'Maria Jesus', '(04) 8294-8887' );
INSERT INTO EMPRESA_FUNCIONARIO ( CNPJ, NOME, TELEFONE )
	VALUES ( 28112586, 'Marcos Vinicius Moraes', '(64) 3972-5553' );
INSERT INTO EMPRESA_FUNCIONARIO ( CNPJ, NOME, TELEFONE )
	VALUES ( 34691545, 'Ian Vieira', '(40) 6107-6186' );
INSERT INTO EMPRESA_FUNCIONARIO ( CNPJ, NOME, TELEFONE )
	VALUES ( 54141074, 'Evelyn Fogaça', '(90) 5986-3723' );
INSERT INTO EMPRESA_FUNCIONARIO ( CNPJ, NOME, TELEFONE )
	VALUES ( 31621171, 'João Miguel Caldeira', '(22) 1721-7254' );
INSERT INTO EMPRESA_FUNCIONARIO ( CNPJ, NOME, TELEFONE )
	VALUES ( 11181937, 'Emanuel Moura', '(45) 3427-3314' );
INSERT INTO EMPRESA_FUNCIONARIO ( CNPJ, NOME, TELEFONE )
	VALUES ( 46359707, 'Benício Vieira', '(90) 8477-1691' );
INSERT INTO EMPRESA_FUNCIONARIO ( CNPJ, NOME, TELEFONE )
	VALUES ( 62630435, 'Gabrielly Lopes', '(41) 4203-9255' );
INSERT INTO EMPRESA_FUNCIONARIO ( CNPJ, NOME, TELEFONE )
	VALUES ( 57522565, 'Sra. Sophia Dias', '(87) 0577-5621' );
INSERT INTO EMPRESA_FUNCIONARIO ( CNPJ, NOME, TELEFONE )
	VALUES ( 84989437, 'Raul Cunha', '(98) 6184-1286' );
INSERT INTO EMPRESA_FUNCIONARIO ( CNPJ, NOME, TELEFONE )
	VALUES ( 10448510, 'Srta. Daniela Alves', '(36) 0559-8414' );
INSERT INTO EMPRESA_FUNCIONARIO ( CNPJ, NOME, TELEFONE )
	VALUES ( 74638045, 'Theo Souza', '(34) 1173-3230' );
INSERT INTO EMPRESA_FUNCIONARIO ( CNPJ, NOME, TELEFONE )
	VALUES ( 64420960, 'Davi Luiz Barros', '(81) 9362-6753' );
INSERT INTO EMPRESA_FUNCIONARIO ( CNPJ, NOME, TELEFONE )
	VALUES ( 31055534, 'João Lucas da Paz', '(18) 6417-9033' );
INSERT INTO EMPRESA_FUNCIONARIO ( CNPJ, NOME, TELEFONE )
	VALUES ( 25058972, 'Letícia Carvalho', '(61) 1617-7538' );
INSERT INTO EMPRESA_FUNCIONARIO ( CNPJ, NOME, TELEFONE )
	VALUES ( 65789916, 'Dr. Thiago Gomes', '(43) 2046-0670' );
INSERT INTO EMPRESA_FUNCIONARIO ( CNPJ, NOME, TELEFONE )
	VALUES ( 85413061, 'Luiza da Cunha', '(82) 6911-6417' );
INSERT INTO EMPRESA_FUNCIONARIO ( CNPJ, NOME, TELEFONE )
	VALUES ( 25076404, 'Valentina da Paz', '(47) 6633-9594' );
INSERT INTO EMPRESA_FUNCIONARIO ( CNPJ, NOME, TELEFONE )
	VALUES ( 13314011, 'Sra. Clarice Silveira', '(22) 5007-8094' );
INSERT INTO EMPRESA_FUNCIONARIO ( CNPJ, NOME, TELEFONE )
	VALUES ( 22815725, 'Sr. Luiz Henrique Monteiro', '(24) 4105-5965' );
INSERT INTO EMPRESA_FUNCIONARIO ( CNPJ, NOME, TELEFONE )
	VALUES ( 25506228, 'Nina Mendes', '(74) 2376-0341' );
INSERT INTO EMPRESA_FUNCIONARIO ( CNPJ, NOME, TELEFONE )
	VALUES ( 62479469, 'Maria Vitória Rocha', '(31) 6426-5570' );
INSERT INTO EMPRESA_FUNCIONARIO ( CNPJ, NOME, TELEFONE )
	VALUES ( 33446892, 'Letícia Pinto', '(84) 1603-0291' );
INSERT INTO EMPRESA_FUNCIONARIO ( CNPJ, NOME, TELEFONE )
	VALUES ( 87616247, 'Vitor FariasFernandes', '(97) 7367-4334' );
INSERT INTO EMPRESA_FUNCIONARIO ( CNPJ, NOME, TELEFONE )
	VALUES ( 34343840, 'Ryan Carvalho', '(41) 2937-8052' );
INSERT INTO EMPRESA_FUNCIONARIO ( CNPJ, NOME, TELEFONE )
	VALUES ( 21482687, 'Dra. Nicole Pereira', '(85) 0358-9629' );
INSERT INTO EMPRESA_FUNCIONARIO ( CNPJ, NOME, TELEFONE )
	VALUES ( 61403224, 'Rafaela Aragão', '(72) 0399-3324' );
INSERT INTO EMPRESA_FUNCIONARIO ( CNPJ, NOME, TELEFONE )
	VALUES ( 20778703, 'Leandro Santos', '(58) 6255-5269' );
INSERT INTO EMPRESA_FUNCIONARIO ( CNPJ, NOME, TELEFONE )
	VALUES ( 62739936, 'Sr. Ryan Alves', '(41) 7563-8487' );
INSERT INTO EMPRESA_FUNCIONARIO ( CNPJ, NOME, TELEFONE )
	VALUES ( 77967570, 'Miguel da Rocha', '(46) 3618-5022' );
INSERT INTO EMPRESA_FUNCIONARIO ( CNPJ, NOME, TELEFONE )
	VALUES ( 48292282, 'Sra. Lavínia Freitas', '(29) 8544-8734' );
INSERT INTO EMPRESA_FUNCIONARIO ( CNPJ, NOME, TELEFONE )
	VALUES ( 23535499, 'Sr. Leandro Fogaça', '(77) 6619-2390' );
INSERT INTO EMPRESA_FUNCIONARIO ( CNPJ, NOME, TELEFONE )
	VALUES ( 61624527, 'Sr. Gustavo Henrique Cardoso', '(80) 3943-9278' );
INSERT INTO EMPRESA_FUNCIONARIO ( CNPJ, NOME, TELEFONE )
	VALUES ( 31756033, 'Sr. Luigi Monteiro', '(38) 6682-8821' );
INSERT INTO EMPRESA_FUNCIONARIO ( CNPJ, NOME, TELEFONE )
	VALUES ( 55450633, 'Arthur Gonçalves', '(67) 3518-1003' );
INSERT INTO EMPRESA_FUNCIONARIO ( CNPJ, NOME, TELEFONE )
	VALUES ( 14320618, 'Dr. Noah Barros', '(32) 5688-2509' );
INSERT INTO EMPRESA_FUNCIONARIO ( CNPJ, NOME, TELEFONE )
	VALUES ( 62564579, 'Theo Sales', '(09) 7778-9246' );
INSERT INTO EMPRESA_FUNCIONARIO ( CNPJ, NOME, TELEFONE )
	VALUES ( 71025112, 'Sophie Porto', '(45) 2664-6990' );
INSERT INTO EMPRESA_FUNCIONARIO ( CNPJ, NOME, TELEFONE )
	VALUES ( 77384496, 'Isis Oliveira', '(27) 7666-4077' );
INSERT INTO EMPRESA_FUNCIONARIO ( CNPJ, NOME, TELEFONE )
	VALUES ( 42350713, 'João Lucas Melo', '(27) 5643-9298' );
INSERT INTO EMPRESA_FUNCIONARIO ( CNPJ, NOME, TELEFONE )
	VALUES ( 33089651, 'Srta. Maria Julia Almeida', '(72) 9251-4349' );
INSERT INTO EMPRESA_FUNCIONARIO ( CNPJ, NOME, TELEFONE )
	VALUES ( 44180538, 'Ana Luiza da Paz', '(80) 5188-6304' );
INSERT INTO EMPRESA_FUNCIONARIO ( CNPJ, NOME, TELEFONE )
	VALUES ( 10413512, 'Miguel Gonçalves', '(89) 2042-8781' );
INSERT INTO EMPRESA_FUNCIONARIO ( CNPJ, NOME, TELEFONE )
	VALUES ( 67317499, 'Ana Luiza Caldeira', '(49) 8685-8748' );
INSERT INTO EMPRESA_FUNCIONARIO ( CNPJ, NOME, TELEFONE )
	VALUES ( 33389536, 'Bryan da Cunha', '(66) 6624-4313' );
INSERT INTO EMPRESA_FUNCIONARIO ( CNPJ, NOME, TELEFONE )
	VALUES ( 85391484, 'Giovanna Castro', '(88) 6016-9517' );
INSERT INTO EMPRESA_FUNCIONARIO ( CNPJ, NOME, TELEFONE )
	VALUES ( 76048278, 'Eloah Porto', '(18) 0104-2050' );
INSERT INTO EMPRESA_FUNCIONARIO ( CNPJ, NOME, TELEFONE )
	VALUES ( 82570474, 'Elisa Aragão', '(74) 6369-8133' );
INSERT INTO EMPRESA_FUNCIONARIO ( CNPJ, NOME, TELEFONE )
	VALUES ( 42811968, 'Benício Pereira', '(59) 1979-8087' );
INSERT INTO EMPRESA_FUNCIONARIO ( CNPJ, NOME, TELEFONE )
	VALUES ( 47088598, 'Maysa Cunha', '(22) 5533-2074' );
INSERT INTO EMPRESA_FUNCIONARIO ( CNPJ, NOME, TELEFONE )
	VALUES ( 45865797, 'Laura Rodrigues', '(40) 8497-4591' );
INSERT INTO EMPRESA_FUNCIONARIO ( CNPJ, NOME, TELEFONE )
	VALUES ( 68871691, 'Bernardo Cunha', '(53) 8567-5274' );
INSERT INTO EMPRESA_FUNCIONARIO ( CNPJ, NOME, TELEFONE )
	VALUES ( 54450566, 'Ana Sophia Alves', '(89) 3487-5423' );
INSERT INTO EMPRESA_FUNCIONARIO ( CNPJ, NOME, TELEFONE )
	VALUES ( 74472518, 'Vitória Campos', '(69) 2958-4964' );
INSERT INTO EMPRESA_FUNCIONARIO ( CNPJ, NOME, TELEFONE )
	VALUES ( 63628386, 'Pietra Rodrigues', '(09) 6132-9012' );
INSERT INTO EMPRESA_FUNCIONARIO ( CNPJ, NOME, TELEFONE )
	VALUES ( 81147467, 'Evelyn Gomes', '(95) 6703-1253' );
INSERT INTO EMPRESA_FUNCIONARIO ( CNPJ, NOME, TELEFONE )
	VALUES ( 11886550, 'Ana Luiza da Luz', '(25) 3385-6420' );
INSERT INTO EMPRESA_FUNCIONARIO ( CNPJ, NOME, TELEFONE )
	VALUES ( 88216743, 'Isaac Araújo', '(50) 1801-6481' );
INSERT INTO EMPRESA_FUNCIONARIO ( CNPJ, NOME, TELEFONE )
	VALUES ( 82454099, 'Mariane da Rosa', '(62) 1975-0137' );
INSERT INTO EMPRESA_FUNCIONARIO ( CNPJ, NOME, TELEFONE )
	VALUES ( 35885865, 'Dra. Laís da Cunha', '(05) 5275-2467' );
INSERT INTO EMPRESA_FUNCIONARIO ( CNPJ, NOME, TELEFONE )
	VALUES ( 47928908, 'Luna da Cruz', '(56) 4193-3632' );
INSERT INTO EMPRESA_FUNCIONARIO ( CNPJ, NOME, TELEFONE )
	VALUES ( 34995341, 'Ryan Castro', '(36) 7243-7389' );
INSERT INTO EMPRESA_FUNCIONARIO ( CNPJ, NOME, TELEFONE )
	VALUES ( 36514192, 'Sofia Correia', '(78) 4529-9543' );
INSERT INTO EMPRESA_FUNCIONARIO ( CNPJ, NOME, TELEFONE )
	VALUES ( 23571877, 'Gustavo Nunes', '(81) 5317-7059' );
INSERT INTO EMPRESA_FUNCIONARIO ( CNPJ, NOME, TELEFONE )
	VALUES ( 49482283, 'Otávio Novaes', '(37) 7711-8800' );
INSERT INTO EMPRESA_FUNCIONARIO ( CNPJ, NOME, TELEFONE )
	VALUES ( 35224021, 'Ana Lívia da Luz', '(80) 3791-5149' );
INSERT INTO EMPRESA_FUNCIONARIO ( CNPJ, NOME, TELEFONE )
	VALUES ( 15058276, 'Daniela Lopes', '(67) 9766-6398' );
INSERT INTO EMPRESA_FUNCIONARIO ( CNPJ, NOME, TELEFONE )
	VALUES ( 33714844, 'Dra. Maria Eduarda Viana', '(42) 1031-5323' );
INSERT INTO EMPRESA_FUNCIONARIO ( CNPJ, NOME, TELEFONE )
	VALUES ( 35146263, 'Fernando Pereira', '(30) 4783-5813' );
INSERT INTO EMPRESA_FUNCIONARIO ( CNPJ, NOME, TELEFONE )
	VALUES ( 59114042, 'Esther da Mata', '(85) 2495-9716' );
INSERT INTO EMPRESA_FUNCIONARIO ( CNPJ, NOME, TELEFONE )
	VALUES ( 86263581, 'Luiz Fernando FariasFernandes', '(72) 8504-4301' );
INSERT INTO EMPRESA_FUNCIONARIO ( CNPJ, NOME, TELEFONE )
	VALUES ( 88908321, 'Caroline Pereira', '(63) 0067-7580' );
INSERT INTO EMPRESA_FUNCIONARIO ( CNPJ, NOME, TELEFONE )
	VALUES ( 66406140, 'Srta. Vitória Moreira', '(96) 5630-5910' );
INSERT INTO EMPRESA_FUNCIONARIO ( CNPJ, NOME, TELEFONE )
	VALUES ( 29705996, 'Sra. Alice Castro', '(71) 8591-2895' );
INSERT INTO EMPRESA_FUNCIONARIO ( CNPJ, NOME, TELEFONE )
	VALUES ( 69435687, 'Emanuella Novaes', '(99) 4419-3191' );
INSERT INTO EMPRESA_FUNCIONARIO ( CNPJ, NOME, TELEFONE )
	VALUES ( 66196252, 'Dr. Fernando Almeida', '(22) 8655-3583' );
INSERT INTO EMPRESA_FUNCIONARIO ( CNPJ, NOME, TELEFONE )
	VALUES ( 39955699, 'João Vitor da Mata', '(89) 7620-1110' );
INSERT INTO EMPRESA_FUNCIONARIO ( CNPJ, NOME, TELEFONE )
	VALUES ( 65225282, 'Ana Carolina Fogaça', '(51) 7305-6457' );
INSERT INTO EMPRESA_FUNCIONARIO ( CNPJ, NOME, TELEFONE )
	VALUES ( 82946493, 'Maria Sophia Martins', '(39) 3170-4229' );
INSERT INTO EMPRESA_FUNCIONARIO ( CNPJ, NOME, TELEFONE )
	VALUES ( 73165499, 'Isadora Novaes', '(79) 0802-4315' );
INSERT INTO EMPRESA_FUNCIONARIO ( CNPJ, NOME, TELEFONE )
	VALUES ( 60044837, 'Ryan Cardoso,', '(70) 9221-6156' );
INSERT INTO EMPRESA_FUNCIONARIO ( CNPJ, NOME, TELEFONE )
	VALUES ( 48879122, 'Gabriel da Luz', '(49) 5048-2407' );
INSERT INTO EMPRESA_FUNCIONARIO ( CNPJ, NOME, TELEFONE )
	VALUES ( 33423762, 'Maria Cecília Duarte', '(36) 3679-6722' );
INSERT INTO EMPRESA_FUNCIONARIO ( CNPJ, NOME, TELEFONE )
	VALUES ( 46545940, 'Sabrina Silveira', '(65) 7144-4166' );

/* TABLE TRABALHA */
/* NULL INSERTION FOR ATTRIBUTESALARIOAT TABLETRABALHA */
INSERT INTO TRABALHA ( PESSOA, CARGO, EMPRESA, EVENTO, HORAS_TRABALHADAS, PRECOH, SALARIO )
	VALUES ( '452.603.179-81', 'Guilherme Sales', 86263581, 88, 814936, 93902.02, NULL );
/* NULL INSERTION FOR ATTRIBUTEPRECOHAT TABLETRABALHA */
INSERT INTO TRABALHA ( PESSOA, CARGO, EMPRESA, EVENTO, HORAS_TRABALHADAS, PRECOH, SALARIO )
	VALUES ( '724.308.695-19', 'Maria Fernanda Barbosa', 46093140, 14, 750537, NULL, 25314.5 );
INSERT INTO TRABALHA ( PESSOA, CARGO, EMPRESA, EVENTO, HORAS_TRABALHADAS, PRECOH, SALARIO )
	VALUES ( '281.740.935-32', 'Luiz Fernando FariasFernandes', 39891777, 34, 649779, 93423.73, 17392.28 );
INSERT INTO TRABALHA ( PESSOA, CARGO, EMPRESA, EVENTO, HORAS_TRABALHADAS, PRECOH, SALARIO )
	VALUES ( '870.564.913-75', 'Dr. Thomas Pereira', 35224021, 8, 414141, 20839.54, 88390.63 );
INSERT INTO TRABALHA ( PESSOA, CARGO, EMPRESA, EVENTO, HORAS_TRABALHADAS, PRECOH, SALARIO )
	VALUES ( '023.157.984-51', 'Ana Laura Cavalcanti', 34995341, 55, 661953, 81956.79, 27705.34 );
INSERT INTO TRABALHA ( PESSOA, CARGO, EMPRESA, EVENTO, HORAS_TRABALHADAS, PRECOH, SALARIO )
	VALUES ( '568.940.271-11', 'Juliana Cunha', 64420960, 31, 342646, 61094.85, 77020.72 );
INSERT INTO TRABALHA ( PESSOA, CARGO, EMPRESA, EVENTO, HORAS_TRABALHADAS, PRECOH, SALARIO )
	VALUES ( '248.719.356-55', 'Dr. Thomas Pereira', 66196252, 75, 278290, 54658.73, 54347.47 );
INSERT INTO TRABALHA ( PESSOA, CARGO, EMPRESA, EVENTO, HORAS_TRABALHADAS, PRECOH, SALARIO )
	VALUES ( '587.639.421-19', 'Elisa Pinto', 11181937, 67, 417825, 44376.37, 30650.1 );
INSERT INTO TRABALHA ( PESSOA, CARGO, EMPRESA, EVENTO, HORAS_TRABALHADAS, PRECOH, SALARIO )
	VALUES ( '952.308.674-18', 'Fernando Araújo', 85391484, 67, 305817, 87468.7, 74077.88 );
INSERT INTO TRABALHA ( PESSOA, CARGO, EMPRESA, EVENTO, HORAS_TRABALHADAS, PRECOH, SALARIO )
	VALUES ( '604.872.351-26', 'Letícia Cunha', 23518528, 41, 574536, 65113.32, 79005.43 );
INSERT INTO TRABALHA ( PESSOA, CARGO, EMPRESA, EVENTO, HORAS_TRABALHADAS, PRECOH, SALARIO )
	VALUES ( '968.324.057-74', 'Sabrina Freitas', 86263581, 24, 604907, 29774.43, 40288.68 );
INSERT INTO TRABALHA ( PESSOA, CARGO, EMPRESA, EVENTO, HORAS_TRABALHADAS, PRECOH, SALARIO )
	VALUES ( '438.761.205-35', 'Heitor Cardoso', 34691545, 66, 129821, 35893.68, 45649.22 );
INSERT INTO TRABALHA ( PESSOA, CARGO, EMPRESA, EVENTO, HORAS_TRABALHADAS, PRECOH, SALARIO )
	VALUES ( '604.872.351-26', 'Natália Fogaça', 74638045, 71, 550301, 51589.94, 39071.7 );
INSERT INTO TRABALHA ( PESSOA, CARGO, EMPRESA, EVENTO, HORAS_TRABALHADAS, PRECOH, SALARIO )
	VALUES ( '219.468.530-89', 'Sra. Marcela da Conceição', 31621171, 81, 841195, 48247.88, 18230.1 );
INSERT INTO TRABALHA ( PESSOA, CARGO, EMPRESA, EVENTO, HORAS_TRABALHADAS, PRECOH, SALARIO )
	VALUES ( '571.863.094-11', 'Davi Luiz Fogaça', 54450566, 76, 485314, 83668.2, 16340.9 );
INSERT INTO TRABALHA ( PESSOA, CARGO, EMPRESA, EVENTO, HORAS_TRABALHADAS, PRECOH, SALARIO )
	VALUES ( '039.582.641-15', 'Heloísa da Mata', 34823799, 37, 401890, 56373.92, 90068.55 );
INSERT INTO TRABALHA ( PESSOA, CARGO, EMPRESA, EVENTO, HORAS_TRABALHADAS, PRECOH, SALARIO )
	VALUES ( '148.067.532-62', 'Noah Souza', 39955699, 70, 375910, 55804.63, 70305.86 );
INSERT INTO TRABALHA ( PESSOA, CARGO, EMPRESA, EVENTO, HORAS_TRABALHADAS, PRECOH, SALARIO )
	VALUES ( '354.789.621-55', 'Maria Fernanda Barbosa', 47088598, 88, 149009, 41728.33, 57898.71 );
INSERT INTO TRABALHA ( PESSOA, CARGO, EMPRESA, EVENTO, HORAS_TRABALHADAS, PRECOH, SALARIO )
	VALUES ( '374.981.620-41', 'Ana Luiza Nogueira', 20778703, 90, 332231, 96533.6, 98391.26 );
INSERT INTO TRABALHA ( PESSOA, CARGO, EMPRESA, EVENTO, HORAS_TRABALHADAS, PRECOH, SALARIO )
	VALUES ( '405.821.796-11', 'Alice Ramos', 23518528, 24, 252698, 31554.23, 14642.47 );
INSERT INTO TRABALHA ( PESSOA, CARGO, EMPRESA, EVENTO, HORAS_TRABALHADAS, PRECOH, SALARIO )
	VALUES ( '902.653.718-21', 'Julia Oliveira', 77967570, 49, 341740, 55686.5, 20546.29 );
INSERT INTO TRABALHA ( PESSOA, CARGO, EMPRESA, EVENTO, HORAS_TRABALHADAS, PRECOH, SALARIO )
	VALUES ( '152.903.764-61', 'Davi Lucca Almeida', 82454099, 76, 814846, 23334.4, 87175.54 );
INSERT INTO TRABALHA ( PESSOA, CARGO, EMPRESA, EVENTO, HORAS_TRABALHADAS, PRECOH, SALARIO )
	VALUES ( '023.157.984-51', 'Lorena Pires', 46093140, 32, 548926, 47937.63, 95895.62 );
INSERT INTO TRABALHA ( PESSOA, CARGO, EMPRESA, EVENTO, HORAS_TRABALHADAS, PRECOH, SALARIO )
	VALUES ( '572.309.461-15', 'Luiz Fernando FariasFernandes', 66196252, 7, 465146, 65039.45, 41674.35 );
INSERT INTO TRABALHA ( PESSOA, CARGO, EMPRESA, EVENTO, HORAS_TRABALHADAS, PRECOH, SALARIO )
	VALUES ( '724.839.165-46', 'Luiz Miguel Duarte', 62564579, 87, 879453, 28387.31, 55891.74 );
INSERT INTO TRABALHA ( PESSOA, CARGO, EMPRESA, EVENTO, HORAS_TRABALHADAS, PRECOH, SALARIO )
	VALUES ( '258.416.793-17', 'Igor Correia', 70211204, 56, 450316, 96833.0, 3121.67 );
INSERT INTO TRABALHA ( PESSOA, CARGO, EMPRESA, EVENTO, HORAS_TRABALHADAS, PRECOH, SALARIO )
	VALUES ( '973.546.120-14', 'Esther Aragão', 76048278, 56, 839792, 28504.76, 46686.66 );
INSERT INTO TRABALHA ( PESSOA, CARGO, EMPRESA, EVENTO, HORAS_TRABALHADAS, PRECOH, SALARIO )
	VALUES ( '284.609.531-14', 'Benjamin Barros', 64420960, 72, 512852, 7510.57, 29299.25 );
INSERT INTO TRABALHA ( PESSOA, CARGO, EMPRESA, EVENTO, HORAS_TRABALHADAS, PRECOH, SALARIO )
	VALUES ( '150.238.679-86', 'Ian Peixoto', 54141074, 96, 502373, 97469.14, 44987.23 );
INSERT INTO TRABALHA ( PESSOA, CARGO, EMPRESA, EVENTO, HORAS_TRABALHADAS, PRECOH, SALARIO )
	VALUES ( '514.062.793-15', 'Ian Peixoto', 34691545, 76, 782109, 91054.17, 73790.32 );
INSERT INTO TRABALHA ( PESSOA, CARGO, EMPRESA, EVENTO, HORAS_TRABALHADAS, PRECOH, SALARIO )
	VALUES ( '482.310.957-13', 'Matheus Jesus', 34298076, 65, 478184, 23123.3, 12357.36 );
INSERT INTO TRABALHA ( PESSOA, CARGO, EMPRESA, EVENTO, HORAS_TRABALHADAS, PRECOH, SALARIO )
	VALUES ( '571.863.094-11', 'Diego Ramos', 20778703, 60, 641040, 32889.81, 56524.05 );
INSERT INTO TRABALHA ( PESSOA, CARGO, EMPRESA, EVENTO, HORAS_TRABALHADAS, PRECOH, SALARIO )
	VALUES ( '105.697.324-25', 'Natália Fogaça', 77967570, 86, 567037, 26683.59, 43651.44 );
INSERT INTO TRABALHA ( PESSOA, CARGO, EMPRESA, EVENTO, HORAS_TRABALHADAS, PRECOH, SALARIO )
	VALUES ( '374.981.620-41', 'Dr. André da Luz', 77384496, 12, 728591, 40738.9, 48570.44 );
INSERT INTO TRABALHA ( PESSOA, CARGO, EMPRESA, EVENTO, HORAS_TRABALHADAS, PRECOH, SALARIO )
	VALUES ( '312.097.456-15', 'Yuri Nascimento', 65225282, 59, 780244, 65940.29, 21158.51 );
INSERT INTO TRABALHA ( PESSOA, CARGO, EMPRESA, EVENTO, HORAS_TRABALHADAS, PRECOH, SALARIO )
	VALUES ( '724.308.695-19', 'Emanuella Correia', 54141074, 6, 116258, 76662.92, 92677.74 );
INSERT INTO TRABALHA ( PESSOA, CARGO, EMPRESA, EVENTO, HORAS_TRABALHADAS, PRECOH, SALARIO )
	VALUES ( '145.093.687-39', 'Yuri Nascimento', 47088598, 79, 466210, 9467.06, 74049.87 );
INSERT INTO TRABALHA ( PESSOA, CARGO, EMPRESA, EVENTO, HORAS_TRABALHADAS, PRECOH, SALARIO )
	VALUES ( '248.719.356-55', 'Sofia Azevedo', 25058972, 99, 417364, 38237.35, 81956.27 );
INSERT INTO TRABALHA ( PESSOA, CARGO, EMPRESA, EVENTO, HORAS_TRABALHADAS, PRECOH, SALARIO )
	VALUES ( '961.428.375-18', 'Dr. Pedro Lucas da Luz', 48879122, 73, 814887, 57080.22, 43470.38 );
INSERT INTO TRABALHA ( PESSOA, CARGO, EMPRESA, EVENTO, HORAS_TRABALHADAS, PRECOH, SALARIO )
	VALUES ( '706.451.238-62', 'Alexandre Nascimento', 34343840, 41, 191729, 74544.75, 92544.21 );
INSERT INTO TRABALHA ( PESSOA, CARGO, EMPRESA, EVENTO, HORAS_TRABALHADAS, PRECOH, SALARIO )
	VALUES ( '405.821.796-11', 'Maria Sophia FariasFernandes', 22003672, 52, 279814, 64072.31, 55854.88 );
INSERT INTO TRABALHA ( PESSOA, CARGO, EMPRESA, EVENTO, HORAS_TRABALHADAS, PRECOH, SALARIO )
	VALUES ( '127.605.894-21', 'Diogo da Rocha', 35146263, 11, 316008, 3776.61, 93328.84 );
INSERT INTO TRABALHA ( PESSOA, CARGO, EMPRESA, EVENTO, HORAS_TRABALHADAS, PRECOH, SALARIO )
	VALUES ( '968.324.057-74', 'Emanuella Correia', 62564579, 28, 621804, 16205.65, 8908.58 );
INSERT INTO TRABALHA ( PESSOA, CARGO, EMPRESA, EVENTO, HORAS_TRABALHADAS, PRECOH, SALARIO )
	VALUES ( '903.816.472-69', 'Julia Oliveira', 74638045, 95, 534568, 14365.77, 65060.72 );
INSERT INTO TRABALHA ( PESSOA, CARGO, EMPRESA, EVENTO, HORAS_TRABALHADAS, PRECOH, SALARIO )
	VALUES ( '062.895.713-11', 'Sabrina Freitas', 31055534, 76, 513994, 53103.14, 94180.94 );
INSERT INTO TRABALHA ( PESSOA, CARGO, EMPRESA, EVENTO, HORAS_TRABALHADAS, PRECOH, SALARIO )
	VALUES ( '152.903.764-61', 'Davi Luiz Fogaça', 25058972, 98, 221354, 8318.7, 20853.84 );
INSERT INTO TRABALHA ( PESSOA, CARGO, EMPRESA, EVENTO, HORAS_TRABALHADAS, PRECOH, SALARIO )
	VALUES ( '105.697.324-25', 'João da Paz', 36514192, 5, 424342, 58991.02, 39697.77 );
INSERT INTO TRABALHA ( PESSOA, CARGO, EMPRESA, EVENTO, HORAS_TRABALHADAS, PRECOH, SALARIO )
	VALUES ( '796.851.324-37', 'Evelyn Nunes', 77967570, 61, 897386, 43954.6, 69338.94 );
INSERT INTO TRABALHA ( PESSOA, CARGO, EMPRESA, EVENTO, HORAS_TRABALHADAS, PRECOH, SALARIO )
	VALUES ( '691.720.354-81', 'Noah Souza', 54141074, 62, 597660, 30940.2, 12715.39 );
INSERT INTO TRABALHA ( PESSOA, CARGO, EMPRESA, EVENTO, HORAS_TRABALHADAS, PRECOH, SALARIO )
	VALUES ( '326.017.849-11', 'Stephany Vieira', 45865797, 61, 303552, 47724.59, 50099.57 );
INSERT INTO TRABALHA ( PESSOA, CARGO, EMPRESA, EVENTO, HORAS_TRABALHADAS, PRECOH, SALARIO )
	VALUES ( '145.093.687-39', 'Augusto Barros', 81147467, 40, 761564, 51024.49, 12472.5 );
INSERT INTO TRABALHA ( PESSOA, CARGO, EMPRESA, EVENTO, HORAS_TRABALHADAS, PRECOH, SALARIO )
	VALUES ( '105.697.324-25', 'Sra. Isabelly Alves', 44180538, 50, 795793, 66334.81, 64469.32 );
INSERT INTO TRABALHA ( PESSOA, CARGO, EMPRESA, EVENTO, HORAS_TRABALHADAS, PRECOH, SALARIO )
	VALUES ( '056.274.819-94', 'Sra. Marcela da Conceição', 76048278, 15, 684350, 63266.47, 30587.23 );
INSERT INTO TRABALHA ( PESSOA, CARGO, EMPRESA, EVENTO, HORAS_TRABALHADAS, PRECOH, SALARIO )
	VALUES ( '398.276.154-91', 'Isaac Moura', 67317499, 97, 662552, 59018.96, 95023.45 );
INSERT INTO TRABALHA ( PESSOA, CARGO, EMPRESA, EVENTO, HORAS_TRABALHADAS, PRECOH, SALARIO )
	VALUES ( '973.546.120-14', 'Matheus Jesus', 54450566, 51, 745125, 12060.8, 18731.17 );
INSERT INTO TRABALHA ( PESSOA, CARGO, EMPRESA, EVENTO, HORAS_TRABALHADAS, PRECOH, SALARIO )
	VALUES ( '452.603.179-81', 'Srta. Emanuelly Nascimento', 47088598, 29, 740847, 60835.67, 94000.31 );
INSERT INTO TRABALHA ( PESSOA, CARGO, EMPRESA, EVENTO, HORAS_TRABALHADAS, PRECOH, SALARIO )
	VALUES ( '258.416.793-17', 'Emanuel Cavalcanti', 13314011, 9, 396878, 8115.21, 14939.82 );
INSERT INTO TRABALHA ( PESSOA, CARGO, EMPRESA, EVENTO, HORAS_TRABALHADAS, PRECOH, SALARIO )
	VALUES ( '473.025.816-91', 'Sra. Isabelly Alves', 14320618, 92, 792169, 8423.17, 66296.16 );
INSERT INTO TRABALHA ( PESSOA, CARGO, EMPRESA, EVENTO, HORAS_TRABALHADAS, PRECOH, SALARIO )
	VALUES ( '682.135.740-44', 'Rafaela da Cruz', 55450633, 2, 691800, 86508.11, 77614.24 );
INSERT INTO TRABALHA ( PESSOA, CARGO, EMPRESA, EVENTO, HORAS_TRABALHADAS, PRECOH, SALARIO )
	VALUES ( '521.648.370-53', 'Davi Lucca Pereira', 54450566, 7, 432538, 11989.01, 61819.07 );
INSERT INTO TRABALHA ( PESSOA, CARGO, EMPRESA, EVENTO, HORAS_TRABALHADAS, PRECOH, SALARIO )
	VALUES ( '903.816.472-69', 'Juan Peixoto', 67592991, 16, 559617, 37400.64, 4430.63 );
INSERT INTO TRABALHA ( PESSOA, CARGO, EMPRESA, EVENTO, HORAS_TRABALHADAS, PRECOH, SALARIO )
	VALUES ( '704.958.361-84', 'Sra. Marcela da Conceição', 68871691, 67, 577021, 81464.15, 35439.41 );
INSERT INTO TRABALHA ( PESSOA, CARGO, EMPRESA, EVENTO, HORAS_TRABALHADAS, PRECOH, SALARIO )
	VALUES ( '719.024.536-71', 'Luiz Felipe Jesus', 49482283, 88, 707738, 43237.78, 85490.19 );
INSERT INTO TRABALHA ( PESSOA, CARGO, EMPRESA, EVENTO, HORAS_TRABALHADAS, PRECOH, SALARIO )
	VALUES ( '874.326.509-18', 'Davi Lucca Almeida', 33500090, 68, 628162, 66546.82, 71754.19 );
INSERT INTO TRABALHA ( PESSOA, CARGO, EMPRESA, EVENTO, HORAS_TRABALHADAS, PRECOH, SALARIO )
	VALUES ( '643.715.829-82', 'Sofia Azevedo', 82570474, 78, 249147, 72650.77, 42604.66 );
INSERT INTO TRABALHA ( PESSOA, CARGO, EMPRESA, EVENTO, HORAS_TRABALHADAS, PRECOH, SALARIO )
	VALUES ( '897.410.632-96', 'Sra. Marcela da Conceição', 23535499, 11, 802359, 21479.9, 15578.32 );
INSERT INTO TRABALHA ( PESSOA, CARGO, EMPRESA, EVENTO, HORAS_TRABALHADAS, PRECOH, SALARIO )
	VALUES ( '145.093.687-39', 'Sofia da Mota', 82454099, 10, 149051, 99124.91, 42131.23 );
INSERT INTO TRABALHA ( PESSOA, CARGO, EMPRESA, EVENTO, HORAS_TRABALHADAS, PRECOH, SALARIO )
	VALUES ( '043.598.176-57', 'Nina Ramos', 82946493, 9, 600044, 40381.29, 53926.82 );
INSERT INTO TRABALHA ( PESSOA, CARGO, EMPRESA, EVENTO, HORAS_TRABALHADAS, PRECOH, SALARIO )
	VALUES ( '741.896.205-31', 'Sr. Kevin Barros', 33423762, 5, 838399, 17616.09, 27983.23 );
INSERT INTO TRABALHA ( PESSOA, CARGO, EMPRESA, EVENTO, HORAS_TRABALHADAS, PRECOH, SALARIO )
	VALUES ( '926.315.470-81', 'Alice Ramos', 11886550, 37, 408129, 42900.33, 111.23 );
INSERT INTO TRABALHA ( PESSOA, CARGO, EMPRESA, EVENTO, HORAS_TRABALHADAS, PRECOH, SALARIO )
	VALUES ( '251.940.876-67', 'Luiz Fernando Azevedo', 47088598, 27, 413171, 51061.48, 54132.32 );
INSERT INTO TRABALHA ( PESSOA, CARGO, EMPRESA, EVENTO, HORAS_TRABALHADAS, PRECOH, SALARIO )
	VALUES ( '708.423.591-41', 'Dr. Thomas Pereira', 47928908, 30, 472050, 54090.03, 88803.12 );
INSERT INTO TRABALHA ( PESSOA, CARGO, EMPRESA, EVENTO, HORAS_TRABALHADAS, PRECOH, SALARIO )
	VALUES ( '903.816.472-69', 'Sr. Calebe Freitas', 33446892, 80, 330654, 5642.24, 99887.29 );
INSERT INTO TRABALHA ( PESSOA, CARGO, EMPRESA, EVENTO, HORAS_TRABALHADAS, PRECOH, SALARIO )
	VALUES ( '874.326.509-18', 'Sr. Davi Lucas Ramos', 10413512, 57, 392494, 26430.5, 93311.27 );
INSERT INTO TRABALHA ( PESSOA, CARGO, EMPRESA, EVENTO, HORAS_TRABALHADAS, PRECOH, SALARIO )
	VALUES ( '312.097.456-15', 'Sofia da Mota', 35885865, 42, 777090, 80358.7, 18954.85 );
INSERT INTO TRABALHA ( PESSOA, CARGO, EMPRESA, EVENTO, HORAS_TRABALHADAS, PRECOH, SALARIO )
	VALUES ( '284.609.531-14', 'Emanuel Cavalcanti', 39955699, 35, 316006, 91689.03, 28696.06 );
INSERT INTO TRABALHA ( PESSOA, CARGO, EMPRESA, EVENTO, HORAS_TRABALHADAS, PRECOH, SALARIO )
	VALUES ( '986.054.132-98', 'Ana Clara da Cruz', 67592991, 73, 442940, 6328.04, 85993.99 );
INSERT INTO TRABALHA ( PESSOA, CARGO, EMPRESA, EVENTO, HORAS_TRABALHADAS, PRECOH, SALARIO )
	VALUES ( '523.184.960-13', 'Carlos Eduardo Mendes', 33446892, 55, 504116, 15362.55, 71467.92 );
INSERT INTO TRABALHA ( PESSOA, CARGO, EMPRESA, EVENTO, HORAS_TRABALHADAS, PRECOH, SALARIO )
	VALUES ( '264.870.395-19', 'Luiz Miguel Duarte', 62479469, 11, 108123, 86301.21, 76674.12 );
INSERT INTO TRABALHA ( PESSOA, CARGO, EMPRESA, EVENTO, HORAS_TRABALHADAS, PRECOH, SALARIO )
	VALUES ( '719.632.845-18', 'Fernanda Rocha', 20778703, 79, 539274, 19357.3, 19674.06 );
INSERT INTO TRABALHA ( PESSOA, CARGO, EMPRESA, EVENTO, HORAS_TRABALHADAS, PRECOH, SALARIO )
	VALUES ( '691.720.354-81', 'Luiz Felipe Jesus', 31621171, 85, 681476, 81779.77, 52071.26 );
INSERT INTO TRABALHA ( PESSOA, CARGO, EMPRESA, EVENTO, HORAS_TRABALHADAS, PRECOH, SALARIO )
	VALUES ( '047.391.265-16', 'Dra. Sophia Pires', 11181937, 85, 216902, 39852.94, 6409.93 );
INSERT INTO TRABALHA ( PESSOA, CARGO, EMPRESA, EVENTO, HORAS_TRABALHADAS, PRECOH, SALARIO )
	VALUES ( '514.062.793-15', 'Letícia Cunha', 87616247, 63, 792623, 28139.26, 24982.69 );
INSERT INTO TRABALHA ( PESSOA, CARGO, EMPRESA, EVENTO, HORAS_TRABALHADAS, PRECOH, SALARIO )
	VALUES ( '289.410.763-31', 'Sophie Fogaça', 62739936, 99, 704059, 61682.79, 54840.73 );
INSERT INTO TRABALHA ( PESSOA, CARGO, EMPRESA, EVENTO, HORAS_TRABALHADAS, PRECOH, SALARIO )
	VALUES ( '823.941.507-51', 'Augusto Barros', 21482687, 63, 544597, 66216.83, 10528.44 );
INSERT INTO TRABALHA ( PESSOA, CARGO, EMPRESA, EVENTO, HORAS_TRABALHADAS, PRECOH, SALARIO )
	VALUES ( '835.921.640-15', 'Dr. André da Luz', 62479469, 39, 636163, 49810.7, 26751.6 );
INSERT INTO TRABALHA ( PESSOA, CARGO, EMPRESA, EVENTO, HORAS_TRABALHADAS, PRECOH, SALARIO )
	VALUES ( '328.746.951-73', 'Letícia Cunha', 77967570, 80, 502917, 17371.79, 4884.54 );
INSERT INTO TRABALHA ( PESSOA, CARGO, EMPRESA, EVENTO, HORAS_TRABALHADAS, PRECOH, SALARIO )
	VALUES ( '108.549.236-24', 'Juan Caldeira', 74472518, 97, 877313, 11052.28, 21523.64 );
INSERT INTO TRABALHA ( PESSOA, CARGO, EMPRESA, EVENTO, HORAS_TRABALHADAS, PRECOH, SALARIO )
	VALUES ( '903.816.472-69', 'Alícia Santos', 82946493, 100, 858996, 62500.05, 59368.04 );
INSERT INTO TRABALHA ( PESSOA, CARGO, EMPRESA, EVENTO, HORAS_TRABALHADAS, PRECOH, SALARIO )
	VALUES ( '736.254.180-53', 'Alexandre Nascimento', 82454099, 64, 562503, 97373.71, 56549.16 );
INSERT INTO TRABALHA ( PESSOA, CARGO, EMPRESA, EVENTO, HORAS_TRABALHADAS, PRECOH, SALARIO )
	VALUES ( '289.657.134-55', 'Ana Clara Martins', 70211204, 63, 222130, 66099.21, 93663.27 );
INSERT INTO TRABALHA ( PESSOA, CARGO, EMPRESA, EVENTO, HORAS_TRABALHADAS, PRECOH, SALARIO )
	VALUES ( '568.940.271-11', 'Alice Ramos', 88908321, 17, 779801, 20795.53, 53360.29 );
INSERT INTO TRABALHA ( PESSOA, CARGO, EMPRESA, EVENTO, HORAS_TRABALHADAS, PRECOH, SALARIO )
	VALUES ( '796.851.324-37', 'Srta. Sabrina Costa', 25076404, 58, 469315, 33802.36, 64648.92 );
INSERT INTO TRABALHA ( PESSOA, CARGO, EMPRESA, EVENTO, HORAS_TRABALHADAS, PRECOH, SALARIO )
	VALUES ( '108.549.236-24', 'Ian Peixoto', 70211204, 43, 773176, 86299.52, 59649.66 );
INSERT INTO TRABALHA ( PESSOA, CARGO, EMPRESA, EVENTO, HORAS_TRABALHADAS, PRECOH, SALARIO )
	VALUES ( '425.687.319-82', 'Emanuel Cavalcanti', 33446892, 20, 597853, 58185.01, 1344.58 );
INSERT INTO TRABALHA ( PESSOA, CARGO, EMPRESA, EVENTO, HORAS_TRABALHADAS, PRECOH, SALARIO )
	VALUES ( '813.904.726-12', 'Srta. Sabrina Costa', 33446892, 55, 817751, 35282.69, 33469.89 );
INSERT INTO TRABALHA ( PESSOA, CARGO, EMPRESA, EVENTO, HORAS_TRABALHADAS, PRECOH, SALARIO )
	VALUES ( '210.876.954-49', 'Sofia da Mota', 77384496, 11, 183268, 5820.93, 50111.21 );
INSERT INTO TRABALHA ( PESSOA, CARGO, EMPRESA, EVENTO, HORAS_TRABALHADAS, PRECOH, SALARIO )
	VALUES ( '572.309.461-15', 'Heloísa Freitas', 23571877, 21, 293349, 7480.28, 8703.65 );
INSERT INTO TRABALHA ( PESSOA, CARGO, EMPRESA, EVENTO, HORAS_TRABALHADAS, PRECOH, SALARIO )
	VALUES ( '340.758.216-17', 'Juan Peixoto', 48292282, 9, 263196, 35792.44, 41787.55 );
INSERT INTO TRABALHA ( PESSOA, CARGO, EMPRESA, EVENTO, HORAS_TRABALHADAS, PRECOH, SALARIO )
	VALUES ( '643.715.829-82', 'Sophie Fogaça', 47088598, 4, 319288, 87710.83, 95868.46 );
INSERT INTO TRABALHA ( PESSOA, CARGO, EMPRESA, EVENTO, HORAS_TRABALHADAS, PRECOH, SALARIO )
	VALUES ( '601.832.957-31', 'Luana Pires', 23518528, 84, 893381, 48221.68, 68354.06 );
INSERT INTO TRABALHA ( PESSOA, CARGO, EMPRESA, EVENTO, HORAS_TRABALHADAS, PRECOH, SALARIO )
	VALUES ( '237.859.614-64', 'Laís Cunha', 35174295, 69, 709007, 91414.59, 845.27 );

/* TABLE INSUMO */
/* NULL INSERTION FOR ATTRIBUTEATIVOAT TABLEINSUMO */
INSERT INTO INSUMO ( NOME, TIPO, RESTRICAO, PESO, VOLUME, ATIVO )
	VALUES ( 'Miguel Cavalcanti', 'COMIDA', 'VEGETARIANA', 82231.42, 47591.43, NULL );
/* NULL INSERTION FOR ATTRIBUTEVOLUMEAT TABLEINSUMO */
INSERT INTO INSUMO ( NOME, TIPO, RESTRICAO, PESO, VOLUME, ATIVO )
	VALUES ( 'Pedro Miguel da Rocha', 'COMIDA', 'CARNIVORA', 39192.87, NULL, FALSE );
/* NULL INSERTION FOR ATTRIBUTEPESOAT TABLEINSUMO */
INSERT INTO INSUMO ( NOME, TIPO, RESTRICAO, PESO, VOLUME, ATIVO )
	VALUES ( 'Dra. Pietra Monteiro', 'COMIDA', 'VEGANA', NULL, 89187.19, FALSE );
/* NULL INSERTION FOR ATTRIBUTERESTRICAOAT TABLEINSUMO */
INSERT INTO INSUMO ( NOME, TIPO, RESTRICAO, PESO, VOLUME, ATIVO )
	VALUES ( 'Kamilly Pereira', 'BEBIDA', NULL, 19820.32, 26392.86, TRUE );
/* NULL INSERTION FOR ATTRIBUTETIPOAT TABLEINSUMO */
INSERT INTO INSUMO ( NOME, TIPO, RESTRICAO, PESO, VOLUME, ATIVO )
	VALUES ( 'Srta. Kamilly Novaes', NULL, 'CARNIVORA', 65238.19, 69193.12, FALSE );
INSERT INTO INSUMO ( NOME, TIPO, RESTRICAO, PESO, VOLUME, ATIVO )
	VALUES ( 'Juan Ferreira', 'BEBIDA', 'CARNIVORA', 98289.47, 53151.15, TRUE );
INSERT INTO INSUMO ( NOME, TIPO, RESTRICAO, PESO, VOLUME, ATIVO )
	VALUES ( 'João Miguel da Paz', 'BEBIDA', 'CARNIVORA', 92627.12, 90389.67, TRUE );
INSERT INTO INSUMO ( NOME, TIPO, RESTRICAO, PESO, VOLUME, ATIVO )
	VALUES ( 'Juliana Costela', 'COMIDA', 'VEGETARIANA', 35860.42, 63542.19, TRUE );
INSERT INTO INSUMO ( NOME, TIPO, RESTRICAO, PESO, VOLUME, ATIVO )
	VALUES ( 'Nathan Cavalcanti', 'BEBIDA', 'CARNIVORA', 18742.06, 48897.4, FALSE );
INSERT INTO INSUMO ( NOME, TIPO, RESTRICAO, PESO, VOLUME, ATIVO )
	VALUES ( 'Marcela Moura', 'COMIDA', 'VEGANA', 72103.6, 60772.51, TRUE );
INSERT INTO INSUMO ( NOME, TIPO, RESTRICAO, PESO, VOLUME, ATIVO )
	VALUES ( 'Anthony Nunes', 'COMIDA', 'CARNIVORA', 90372.12, 90155.71, TRUE );
INSERT INTO INSUMO ( NOME, TIPO, RESTRICAO, PESO, VOLUME, ATIVO )
	VALUES ( 'Dra. Giovanna Cardoso', 'BEBIDA', 'CARNIVORA', 1493.95, 46823.6, TRUE );
INSERT INTO INSUMO ( NOME, TIPO, RESTRICAO, PESO, VOLUME, ATIVO )
	VALUES ( 'Bárbara Gonçalves', 'COMIDA', 'VEGETARIANA', 21737.33, 74040.51, TRUE );
INSERT INTO INSUMO ( NOME, TIPO, RESTRICAO, PESO, VOLUME, ATIVO )
	VALUES ( 'Marcela Moraes', 'BEBIDA', 'VEGETARIANA', 38782.58, 23454.52, TRUE );
INSERT INTO INSUMO ( NOME, TIPO, RESTRICAO, PESO, VOLUME, ATIVO )
	VALUES ( 'Isabelly Cunha', 'COMIDA', 'VEGANA', 96451.47, 54547.84, FALSE );
INSERT INTO INSUMO ( NOME, TIPO, RESTRICAO, PESO, VOLUME, ATIVO )
	VALUES ( 'Marcela Lopes', 'BEBIDA', 'VEGETARIANA', 2955.11, 42018.23, TRUE );
INSERT INTO INSUMO ( NOME, TIPO, RESTRICAO, PESO, VOLUME, ATIVO )
	VALUES ( 'Miguel Jesus', 'BEBIDA', 'VEGANA', 43167.86, 63581.43, FALSE );
INSERT INTO INSUMO ( NOME, TIPO, RESTRICAO, PESO, VOLUME, ATIVO )
	VALUES ( 'Felipe Campos', 'BEBIDA', 'VEGANA', 13188.57, 68183.86, TRUE );
INSERT INTO INSUMO ( NOME, TIPO, RESTRICAO, PESO, VOLUME, ATIVO )
	VALUES ( 'Matheus Novaes', 'BEBIDA', 'VEGANA', 40642.68, 78956.72, FALSE );
INSERT INTO INSUMO ( NOME, TIPO, RESTRICAO, PESO, VOLUME, ATIVO )
	VALUES ( 'Lara Correia', 'BEBIDA', 'CARNIVORA', 74795.69, 82611.7, TRUE );
INSERT INTO INSUMO ( NOME, TIPO, RESTRICAO, PESO, VOLUME, ATIVO )
	VALUES ( 'Fernanda da Mata', 'BEBIDA', 'VEGANA', 80831.95, 89408.55, TRUE );
INSERT INTO INSUMO ( NOME, TIPO, RESTRICAO, PESO, VOLUME, ATIVO )
	VALUES ( 'Pietra Nogueira', 'COMIDA', 'CARNIVORA', 74313.81, 30167.71, FALSE );
INSERT INTO INSUMO ( NOME, TIPO, RESTRICAO, PESO, VOLUME, ATIVO )
	VALUES ( 'Sr. Davi Luiz Teixeira', 'BEBIDA', 'VEGETARIANA', 65853.91, 38040.7, TRUE );
INSERT INTO INSUMO ( NOME, TIPO, RESTRICAO, PESO, VOLUME, ATIVO )
	VALUES ( 'Srta. Maria Vitória da Mota', 'BEBIDA', 'CARNIVORA', 81531.55, 11644.44, TRUE );
INSERT INTO INSUMO ( NOME, TIPO, RESTRICAO, PESO, VOLUME, ATIVO )
	VALUES ( 'Ana Júlia Nascimento', 'BEBIDA', 'VEGETARIANA', 63447.59, 50642.28, FALSE );
INSERT INTO INSUMO ( NOME, TIPO, RESTRICAO, PESO, VOLUME, ATIVO )
	VALUES ( 'Kamilly Alves', 'BEBIDA', 'CARNIVORA', 63105.46, 33630.31, FALSE );
INSERT INTO INSUMO ( NOME, TIPO, RESTRICAO, PESO, VOLUME, ATIVO )
	VALUES ( 'Luigi Oliveira', 'BEBIDA', 'CARNIVORA', 68832.82, 14373.49, TRUE );
INSERT INTO INSUMO ( NOME, TIPO, RESTRICAO, PESO, VOLUME, ATIVO )
	VALUES ( 'Stephany Lima', 'BEBIDA', 'VEGETARIANA', 67799.35, 20144.44, TRUE );
INSERT INTO INSUMO ( NOME, TIPO, RESTRICAO, PESO, VOLUME, ATIVO )
	VALUES ( 'Kaique Duarte', 'COMIDA', 'CARNIVORA', 3576.75, 12318.05, TRUE );
INSERT INTO INSUMO ( NOME, TIPO, RESTRICAO, PESO, VOLUME, ATIVO )
	VALUES ( 'Letícia Lima', 'BEBIDA', 'VEGETARIANA', 5353.7, 40951.71, FALSE );
INSERT INTO INSUMO ( NOME, TIPO, RESTRICAO, PESO, VOLUME, ATIVO )
	VALUES ( 'Sr. Leandro Barbosa', 'BEBIDA', 'VEGANA', 92721.28, 7098.16, TRUE );
INSERT INTO INSUMO ( NOME, TIPO, RESTRICAO, PESO, VOLUME, ATIVO )
	VALUES ( 'Dr. Carlos Eduardo Oliveira', 'BEBIDA', 'VEGETARIANA', 20656.75, 70581.93, FALSE );
INSERT INTO INSUMO ( NOME, TIPO, RESTRICAO, PESO, VOLUME, ATIVO )
	VALUES ( 'Bianca Correia', 'COMIDA', 'VEGETARIANA', 98367.59, 55178.84, TRUE );
INSERT INTO INSUMO ( NOME, TIPO, RESTRICAO, PESO, VOLUME, ATIVO )
	VALUES ( 'Dr. Benjamin Lopes', 'BEBIDA', 'CARNIVORA', 40108.87, 56776.5, FALSE );
INSERT INTO INSUMO ( NOME, TIPO, RESTRICAO, PESO, VOLUME, ATIVO )
	VALUES ( 'Cauê Alves', 'BEBIDA', 'CARNIVORA', 63710.93, 69974.96, TRUE );
INSERT INTO INSUMO ( NOME, TIPO, RESTRICAO, PESO, VOLUME, ATIVO )
	VALUES ( 'Stephany Rodrigues', 'BEBIDA', 'VEGETARIANA', 63417.58, 53823.57, FALSE );
INSERT INTO INSUMO ( NOME, TIPO, RESTRICAO, PESO, VOLUME, ATIVO )
	VALUES ( 'Eduardo Caldeira', 'BEBIDA', 'CARNIVORA', 86896.06, 89104.89, FALSE );
INSERT INTO INSUMO ( NOME, TIPO, RESTRICAO, PESO, VOLUME, ATIVO )
	VALUES ( 'Srta. Helena Caldeira', 'COMIDA', 'VEGANA', 95752.74, 24914.84, TRUE );
INSERT INTO INSUMO ( NOME, TIPO, RESTRICAO, PESO, VOLUME, ATIVO )
	VALUES ( 'Felipe da Rocha', 'COMIDA', 'CARNIVORA', 405.25, 16956.34, FALSE );
INSERT INTO INSUMO ( NOME, TIPO, RESTRICAO, PESO, VOLUME, ATIVO )
	VALUES ( 'Dra. Alana Rocha', 'BEBIDA', 'VEGETARIANA', 21365.03, 31609.21, FALSE );
INSERT INTO INSUMO ( NOME, TIPO, RESTRICAO, PESO, VOLUME, ATIVO )
	VALUES ( 'Maria Julia Moura', 'COMIDA', 'CARNIVORA', 18965.82, 35377.48, TRUE );
INSERT INTO INSUMO ( NOME, TIPO, RESTRICAO, PESO, VOLUME, ATIVO )
	VALUES ( 'Enrico Viana', 'COMIDA', 'CARNIVORA', 5956.72, 61686.19, FALSE );
INSERT INTO INSUMO ( NOME, TIPO, RESTRICAO, PESO, VOLUME, ATIVO )
	VALUES ( 'Augusto Dias', 'COMIDA', 'VEGANA', 34682.2, 36646.14, FALSE );
INSERT INTO INSUMO ( NOME, TIPO, RESTRICAO, PESO, VOLUME, ATIVO )
	VALUES ( 'Bruna da Rosa', 'BEBIDA', 'CARNIVORA', 54062.17, 8804.93, TRUE );
INSERT INTO INSUMO ( NOME, TIPO, RESTRICAO, PESO, VOLUME, ATIVO )
	VALUES ( 'Melissa Moura', 'COMIDA', 'VEGANA', 9480.04, 43355.55, TRUE );
INSERT INTO INSUMO ( NOME, TIPO, RESTRICAO, PESO, VOLUME, ATIVO )
	VALUES ( 'Vinicius Peixoto', 'COMIDA', 'VEGETARIANA', 892.43, 16034.79, TRUE );
INSERT INTO INSUMO ( NOME, TIPO, RESTRICAO, PESO, VOLUME, ATIVO )
	VALUES ( 'Augusto Cavalcanti', 'COMIDA', 'VEGETARIANA', 99204.87, 85533.96, FALSE );
INSERT INTO INSUMO ( NOME, TIPO, RESTRICAO, PESO, VOLUME, ATIVO )
	VALUES ( 'Yuri Castro', 'BEBIDA', 'CARNIVORA', 61462.1, 31223.77, TRUE );
INSERT INTO INSUMO ( NOME, TIPO, RESTRICAO, PESO, VOLUME, ATIVO )
	VALUES ( 'Daniela da Mota', 'COMIDA', 'VEGETARIANA', 45474.88, 43105.83, FALSE );
INSERT INTO INSUMO ( NOME, TIPO, RESTRICAO, PESO, VOLUME, ATIVO )
	VALUES ( 'Antônio Duarte', 'COMIDA', 'CARNIVORA', 2761.52, 29748.14, TRUE );
INSERT INTO INSUMO ( NOME, TIPO, RESTRICAO, PESO, VOLUME, ATIVO )
	VALUES ( 'Manuela Caldeira', 'BEBIDA', 'VEGANA', 34286.41, 38720.37, TRUE );
INSERT INTO INSUMO ( NOME, TIPO, RESTRICAO, PESO, VOLUME, ATIVO )
	VALUES ( 'Pedro Henrique Gonçalves', 'BEBIDA', 'VEGETARIANA', 31204.94, 317.17, TRUE );
INSERT INTO INSUMO ( NOME, TIPO, RESTRICAO, PESO, VOLUME, ATIVO )
	VALUES ( 'Sr. Luigi da Cruz', 'COMIDA', 'VEGANA', 99259.59, 42331.89, TRUE );
INSERT INTO INSUMO ( NOME, TIPO, RESTRICAO, PESO, VOLUME, ATIVO )
	VALUES ( 'Kevin da Luz', 'COMIDA', 'VEGETARIANA', 59138.17, 84353.05, TRUE );
INSERT INTO INSUMO ( NOME, TIPO, RESTRICAO, PESO, VOLUME, ATIVO )
	VALUES ( 'Dr. Murilo da Mota', 'BEBIDA', 'VEGANA', 91599.25, 66844.32, TRUE );
INSERT INTO INSUMO ( NOME, TIPO, RESTRICAO, PESO, VOLUME, ATIVO )
	VALUES ( 'Dr. Alexandre Mendes', 'COMIDA', 'VEGANA', 18576.48, 22243.44, FALSE );
INSERT INTO INSUMO ( NOME, TIPO, RESTRICAO, PESO, VOLUME, ATIVO )
	VALUES ( 'Samuel Ribeiro', 'BEBIDA', 'VEGETARIANA', 10493.81, 63027.79, TRUE );
INSERT INTO INSUMO ( NOME, TIPO, RESTRICAO, PESO, VOLUME, ATIVO )
	VALUES ( 'Murilo Araújo', 'COMIDA', 'VEGETARIANA', 56031.69, 7573.15, TRUE );
INSERT INTO INSUMO ( NOME, TIPO, RESTRICAO, PESO, VOLUME, ATIVO )
	VALUES ( 'Lucas Melo', 'COMIDA', 'CARNIVORA', 76134.92, 51575.6, FALSE );
INSERT INTO INSUMO ( NOME, TIPO, RESTRICAO, PESO, VOLUME, ATIVO )
	VALUES ( 'Vitória Castro', 'COMIDA', 'CARNIVORA', 2010.25, 29128.78, FALSE );
INSERT INTO INSUMO ( NOME, TIPO, RESTRICAO, PESO, VOLUME, ATIVO )
	VALUES ( 'Vicente Viana', 'COMIDA', 'CARNIVORA', 41501.47, 91663.4, TRUE );
INSERT INTO INSUMO ( NOME, TIPO, RESTRICAO, PESO, VOLUME, ATIVO )
	VALUES ( 'Samuel Barros', 'COMIDA', 'VEGETARIANA', 30386.47, 59902.62, FALSE );
INSERT INTO INSUMO ( NOME, TIPO, RESTRICAO, PESO, VOLUME, ATIVO )
	VALUES ( 'João Gabriel Moraes', 'BEBIDA', 'VEGETARIANA', 12130.99, 87002.8, FALSE );
INSERT INTO INSUMO ( NOME, TIPO, RESTRICAO, PESO, VOLUME, ATIVO )
	VALUES ( 'Danilo Costela', 'BEBIDA', 'VEGETARIANA', 98424.6, 37950.78, TRUE );
INSERT INTO INSUMO ( NOME, TIPO, RESTRICAO, PESO, VOLUME, ATIVO )
	VALUES ( 'Melissa Azevedo', 'BEBIDA', 'VEGETARIANA', 26965.74, 41607.28, TRUE );
INSERT INTO INSUMO ( NOME, TIPO, RESTRICAO, PESO, VOLUME, ATIVO )
	VALUES ( 'Luiz Felipe da Conceição', 'BEBIDA', 'VEGANA', 68104.44, 24371.61, FALSE );
INSERT INTO INSUMO ( NOME, TIPO, RESTRICAO, PESO, VOLUME, ATIVO )
	VALUES ( 'Francisco Araújo', 'COMIDA', 'VEGANA', 57150.88, 61175.6, FALSE );
INSERT INTO INSUMO ( NOME, TIPO, RESTRICAO, PESO, VOLUME, ATIVO )
	VALUES ( 'Natália da Paz', 'BEBIDA', 'VEGANA', 24743.24, 30580.85, TRUE );
INSERT INTO INSUMO ( NOME, TIPO, RESTRICAO, PESO, VOLUME, ATIVO )
	VALUES ( 'Maitê Pires', 'BEBIDA', 'VEGETARIANA', 25519.18, 3636.31, TRUE );
INSERT INTO INSUMO ( NOME, TIPO, RESTRICAO, PESO, VOLUME, ATIVO )
	VALUES ( 'Mariana Carvalho', 'BEBIDA', 'CARNIVORA', 51885.39, 63225.21, TRUE );
INSERT INTO INSUMO ( NOME, TIPO, RESTRICAO, PESO, VOLUME, ATIVO )
	VALUES ( 'Maria Julia da Cruz', 'COMIDA', 'VEGETARIANA', 10102.21, 24171.05, TRUE );
INSERT INTO INSUMO ( NOME, TIPO, RESTRICAO, PESO, VOLUME, ATIVO )
	VALUES ( 'Isabel Pereira', 'BEBIDA', 'CARNIVORA', 34000.33, 20530.03, TRUE );
INSERT INTO INSUMO ( NOME, TIPO, RESTRICAO, PESO, VOLUME, ATIVO )
	VALUES ( 'Dra. Maitê Ferreira', 'BEBIDA', 'VEGETARIANA', 62625.94, 46598.49, TRUE );
INSERT INTO INSUMO ( NOME, TIPO, RESTRICAO, PESO, VOLUME, ATIVO )
	VALUES ( 'Heitor Rezende', 'COMIDA', 'VEGANA', 92365.88, 14280.05, TRUE );
INSERT INTO INSUMO ( NOME, TIPO, RESTRICAO, PESO, VOLUME, ATIVO )
	VALUES ( 'Thales Fogaça', 'BEBIDA', 'CARNIVORA', 91316.88, 71581.69, TRUE );
INSERT INTO INSUMO ( NOME, TIPO, RESTRICAO, PESO, VOLUME, ATIVO )
	VALUES ( 'Amanda Dias', 'BEBIDA', 'CARNIVORA', 76431.53, 83047.59, FALSE );
INSERT INTO INSUMO ( NOME, TIPO, RESTRICAO, PESO, VOLUME, ATIVO )
	VALUES ( 'Leandro Castro', 'BEBIDA', 'CARNIVORA', 9982.69, 39826.79, FALSE );
INSERT INTO INSUMO ( NOME, TIPO, RESTRICAO, PESO, VOLUME, ATIVO )
	VALUES ( 'Ana Lívia Nunes', 'COMIDA', 'VEGETARIANA', 63345.03, 90969.86, FALSE );
INSERT INTO INSUMO ( NOME, TIPO, RESTRICAO, PESO, VOLUME, ATIVO )
	VALUES ( 'Stephany Ferreira', 'BEBIDA', 'VEGANA', 314.76, 10957.15, TRUE );
INSERT INTO INSUMO ( NOME, TIPO, RESTRICAO, PESO, VOLUME, ATIVO )
	VALUES ( 'Matheus da Mata', 'BEBIDA', 'VEGETARIANA', 82560.91, 43166.65, FALSE );
INSERT INTO INSUMO ( NOME, TIPO, RESTRICAO, PESO, VOLUME, ATIVO )
	VALUES ( 'Sra. Valentina Nascimento', 'COMIDA', 'CARNIVORA', 47079.69, 46231.47, TRUE );
INSERT INTO INSUMO ( NOME, TIPO, RESTRICAO, PESO, VOLUME, ATIVO )
	VALUES ( 'Sr. João Vitor da Cunha', 'COMIDA', 'VEGETARIANA', 48378.59, 10475.04, TRUE );
INSERT INTO INSUMO ( NOME, TIPO, RESTRICAO, PESO, VOLUME, ATIVO )
	VALUES ( 'Natália da Cunha', 'BEBIDA', 'VEGETARIANA', 22234.34, 23592.62, TRUE );
INSERT INTO INSUMO ( NOME, TIPO, RESTRICAO, PESO, VOLUME, ATIVO )
	VALUES ( 'Samuel Nunes', 'COMIDA', 'VEGETARIANA', 31940.32, 33485.51, TRUE );
INSERT INTO INSUMO ( NOME, TIPO, RESTRICAO, PESO, VOLUME, ATIVO )
	VALUES ( 'Pietra Cavalcanti', 'BEBIDA', 'CARNIVORA', 63122.25, 86992.01, TRUE );
INSERT INTO INSUMO ( NOME, TIPO, RESTRICAO, PESO, VOLUME, ATIVO )
	VALUES ( 'Cecília da Costa', 'BEBIDA', 'VEGETARIANA', 82117.77, 58348.92, TRUE );
INSERT INTO INSUMO ( NOME, TIPO, RESTRICAO, PESO, VOLUME, ATIVO )
	VALUES ( 'Sra. Isadora Moura', 'BEBIDA', 'CARNIVORA', 57889.86, 8798.22, TRUE );
INSERT INTO INSUMO ( NOME, TIPO, RESTRICAO, PESO, VOLUME, ATIVO )
	VALUES ( 'Valentina da Cunha', 'COMIDA', 'VEGETARIANA', 83624.4, 45864.6, TRUE );
INSERT INTO INSUMO ( NOME, TIPO, RESTRICAO, PESO, VOLUME, ATIVO )
	VALUES ( 'Esther Pires', 'COMIDA', 'VEGANA', 15995.0, 80049.27, FALSE );
INSERT INTO INSUMO ( NOME, TIPO, RESTRICAO, PESO, VOLUME, ATIVO )
	VALUES ( 'Stephany Fogaça', 'COMIDA', 'CARNIVORA', 71294.52, 39971.54, TRUE );
INSERT INTO INSUMO ( NOME, TIPO, RESTRICAO, PESO, VOLUME, ATIVO )
	VALUES ( 'Isabella Souza', 'COMIDA', 'VEGETARIANA', 5727.59, 84124.47, FALSE );
INSERT INTO INSUMO ( NOME, TIPO, RESTRICAO, PESO, VOLUME, ATIVO )
	VALUES ( 'Marcos Vinicius Teixeira', 'BEBIDA', 'VEGANA', 96969.64, 56163.89, FALSE );
INSERT INTO INSUMO ( NOME, TIPO, RESTRICAO, PESO, VOLUME, ATIVO )
	VALUES ( 'Sr. Leonardo Castro', 'BEBIDA', 'VEGANA', 16859.53, 90955.34, FALSE );
INSERT INTO INSUMO ( NOME, TIPO, RESTRICAO, PESO, VOLUME, ATIVO )
	VALUES ( 'Dra. Ana Júlia das Neves', 'COMIDA', 'VEGANA', 83053.25, 96319.61, FALSE );
INSERT INTO INSUMO ( NOME, TIPO, RESTRICAO, PESO, VOLUME, ATIVO )
	VALUES ( 'Luiz Felipe Cunha', 'BEBIDA', 'CARNIVORA', 58626.37, 70826.96, FALSE );
INSERT INTO INSUMO ( NOME, TIPO, RESTRICAO, PESO, VOLUME, ATIVO )
	VALUES ( 'Luiz Miguel Almeida', 'COMIDA', 'VEGETARIANA', 92814.33, 78300.41, FALSE );
INSERT INTO INSUMO ( NOME, TIPO, RESTRICAO, PESO, VOLUME, ATIVO )
	VALUES ( 'Dr. Theo da Mota', 'COMIDA', 'VEGANA', 19856.7, 89645.85, FALSE );
INSERT INTO INSUMO ( NOME, TIPO, RESTRICAO, PESO, VOLUME, ATIVO )
	VALUES ( 'Nina Aragão', 'BEBIDA', 'VEGETARIANA', 92678.03, 35433.52, FALSE );
INSERT INTO INSUMO ( NOME, TIPO, RESTRICAO, PESO, VOLUME, ATIVO )
	VALUES ( 'Lara da Cunha', 'BEBIDA', 'VEGETARIANA', 67008.52, 32859.04, TRUE );
INSERT INTO INSUMO ( NOME, TIPO, RESTRICAO, PESO, VOLUME, ATIVO )
	VALUES ( 'Renan Dias', 'COMIDA', 'VEGANA', 74995.78, 82614.23, FALSE );
INSERT INTO INSUMO ( NOME, TIPO, RESTRICAO, PESO, VOLUME, ATIVO )
	VALUES ( 'Ana Luiza Nascimento', 'COMIDA', 'VEGETARIANA', 91080.67, 78307.82, TRUE );
INSERT INTO INSUMO ( NOME, TIPO, RESTRICAO, PESO, VOLUME, ATIVO )
	VALUES ( 'Rafaela Vieira', 'COMIDA', 'CARNIVORA', 38439.81, 93911.88, FALSE );
INSERT INTO INSUMO ( NOME, TIPO, RESTRICAO, PESO, VOLUME, ATIVO )
	VALUES ( 'Sra. Lara da Costa', 'BEBIDA', 'VEGANA', 455.33, 12159.4, FALSE );
INSERT INTO INSUMO ( NOME, TIPO, RESTRICAO, PESO, VOLUME, ATIVO )
	VALUES ( 'Yasmin Duarte', 'BEBIDA', 'VEGANA', 19495.48, 92571.05, TRUE );
INSERT INTO INSUMO ( NOME, TIPO, RESTRICAO, PESO, VOLUME, ATIVO )
	VALUES ( 'Vitória Freitas', 'COMIDA', 'VEGETARIANA', 8147.95, 48513.69, FALSE );

/* TABLE EMPRESA_INSUMO */
/* NULL INSERTION FOR ATTRIBUTEATIVAAT TABLEEMPRESA_INSUMO */
INSERT INTO EMPRESA_INSUMO ( CNPJ, NOME, TELEFONE, ATIVA )
	VALUES ( 83143443, 'João Santos', '(17) 4379-0577', NULL );
/* NULL INSERTION FOR ATTRIBUTETELEFONEAT TABLEEMPRESA_INSUMO */
INSERT INTO EMPRESA_INSUMO ( CNPJ, NOME, TELEFONE, ATIVA )
	VALUES ( 52909766, 'Juliana Lima', NULL, FALSE );
/* NULL INSERTION FOR ATTRIBUTENOMEAT TABLEEMPRESA_INSUMO */
INSERT INTO EMPRESA_INSUMO ( CNPJ, NOME, TELEFONE, ATIVA )
	VALUES ( 77579972, NULL, '(91) 9448-5380', TRUE );
INSERT INTO EMPRESA_INSUMO ( CNPJ, NOME, TELEFONE, ATIVA )
	VALUES ( 51379127, 'Sr. Lorenzo Silveira', '(75) 9018-0117', TRUE );
INSERT INTO EMPRESA_INSUMO ( CNPJ, NOME, TELEFONE, ATIVA )
	VALUES ( 12181878, 'Vinicius Moraes', '(65) 0343-9079', FALSE );
INSERT INTO EMPRESA_INSUMO ( CNPJ, NOME, TELEFONE, ATIVA )
	VALUES ( 77539285, 'Miguel Castro', '(21) 0509-4348', FALSE );
INSERT INTO EMPRESA_INSUMO ( CNPJ, NOME, TELEFONE, ATIVA )
	VALUES ( 50197529, 'Luiz Gustavo Ramos', '(53) 7008-8975', TRUE );
INSERT INTO EMPRESA_INSUMO ( CNPJ, NOME, TELEFONE, ATIVA )
	VALUES ( 40638957, 'Luiz Henrique Campos', '(97) 1185-4437', FALSE );
INSERT INTO EMPRESA_INSUMO ( CNPJ, NOME, TELEFONE, ATIVA )
	VALUES ( 52774451, 'Emilly Dias', '(26) 6115-1436', FALSE );
INSERT INTO EMPRESA_INSUMO ( CNPJ, NOME, TELEFONE, ATIVA )
	VALUES ( 12801711, 'Mariane Novaes', '(40) 4702-3602', TRUE );
INSERT INTO EMPRESA_INSUMO ( CNPJ, NOME, TELEFONE, ATIVA )
	VALUES ( 36077272, 'Pedro Henrique Moura', '(72) 0205-3521', FALSE );
INSERT INTO EMPRESA_INSUMO ( CNPJ, NOME, TELEFONE, ATIVA )
	VALUES ( 11473278, 'Sra. Maria Sophia Correia', '(56) 0351-8471', TRUE );
INSERT INTO EMPRESA_INSUMO ( CNPJ, NOME, TELEFONE, ATIVA )
	VALUES ( 32126996, 'Ana Vitória Azevedo', '(10) 1837-7786', TRUE );
INSERT INTO EMPRESA_INSUMO ( CNPJ, NOME, TELEFONE, ATIVA )
	VALUES ( 66582027, 'Ana Laura Porto', '(12) 1692-2688', TRUE );
INSERT INTO EMPRESA_INSUMO ( CNPJ, NOME, TELEFONE, ATIVA )
	VALUES ( 84841261, 'Marina Araújo', '(53) 8931-6843', FALSE );
INSERT INTO EMPRESA_INSUMO ( CNPJ, NOME, TELEFONE, ATIVA )
	VALUES ( 28035630, 'Sr. Diogo Pinto', '(82) 2542-3294', FALSE );
INSERT INTO EMPRESA_INSUMO ( CNPJ, NOME, TELEFONE, ATIVA )
	VALUES ( 34802144, 'Sr. Davi Lucca Ferreira', '(09) 5122-3100', TRUE );
INSERT INTO EMPRESA_INSUMO ( CNPJ, NOME, TELEFONE, ATIVA )
	VALUES ( 74500721, 'Ana Vitória Almeida', '(12) 7649-7221', TRUE );
INSERT INTO EMPRESA_INSUMO ( CNPJ, NOME, TELEFONE, ATIVA )
	VALUES ( 17338365, 'Rafael Ribeiro', '(87) 4716-8467', TRUE );
INSERT INTO EMPRESA_INSUMO ( CNPJ, NOME, TELEFONE, ATIVA )
	VALUES ( 82398258, 'Yasmin Nogueira', '(09) 9162-4183', FALSE );
INSERT INTO EMPRESA_INSUMO ( CNPJ, NOME, TELEFONE, ATIVA )
	VALUES ( 55187959, 'Kevin Correia', '(27) 4931-6098', TRUE );
INSERT INTO EMPRESA_INSUMO ( CNPJ, NOME, TELEFONE, ATIVA )
	VALUES ( 70733381, 'Giovanna FariasFernandes', '(30) 8372-7557', FALSE );
INSERT INTO EMPRESA_INSUMO ( CNPJ, NOME, TELEFONE, ATIVA )
	VALUES ( 43557409, 'Cauê Barbosa', '(50) 4568-9537', TRUE );
INSERT INTO EMPRESA_INSUMO ( CNPJ, NOME, TELEFONE, ATIVA )
	VALUES ( 50746533, 'Isabelly Freitas', '(76) 6697-2527', TRUE );
INSERT INTO EMPRESA_INSUMO ( CNPJ, NOME, TELEFONE, ATIVA )
	VALUES ( 38005833, 'João Pedro Dias', '(04) 2170-0706', TRUE );
INSERT INTO EMPRESA_INSUMO ( CNPJ, NOME, TELEFONE, ATIVA )
	VALUES ( 36046094, 'Sophie Fogaça', '(06) 6310-5291', FALSE );
INSERT INTO EMPRESA_INSUMO ( CNPJ, NOME, TELEFONE, ATIVA )
	VALUES ( 57330469, 'Carolina da Cunha', '(22) 4641-4336', FALSE );
INSERT INTO EMPRESA_INSUMO ( CNPJ, NOME, TELEFONE, ATIVA )
	VALUES ( 22989606, 'Carlos Eduardo Caldeira', '(14) 4239-9260', TRUE );
INSERT INTO EMPRESA_INSUMO ( CNPJ, NOME, TELEFONE, ATIVA )
	VALUES ( 76330700, 'Isabelly da Costa', '(60) 4034-4507', FALSE );
INSERT INTO EMPRESA_INSUMO ( CNPJ, NOME, TELEFONE, ATIVA )
	VALUES ( 38962375, 'Pedro Miguel Ramos', '(67) 0433-5105', TRUE );
INSERT INTO EMPRESA_INSUMO ( CNPJ, NOME, TELEFONE, ATIVA )
	VALUES ( 26653887, 'Srta. Maria Clara Lima', '(90) 4781-6736', FALSE );
INSERT INTO EMPRESA_INSUMO ( CNPJ, NOME, TELEFONE, ATIVA )
	VALUES ( 36899854, 'Pietro Moura', '(09) 4128-4890', TRUE );
INSERT INTO EMPRESA_INSUMO ( CNPJ, NOME, TELEFONE, ATIVA )
	VALUES ( 34442763, 'João Vitor Santos', '(56) 1791-0875', FALSE );
INSERT INTO EMPRESA_INSUMO ( CNPJ, NOME, TELEFONE, ATIVA )
	VALUES ( 20401116, 'Lívia da Rosa', '(11) 2887-9760', TRUE );
INSERT INTO EMPRESA_INSUMO ( CNPJ, NOME, TELEFONE, ATIVA )
	VALUES ( 58597018, 'Rebeca da Conceição', '(75) 7322-5951', FALSE );
INSERT INTO EMPRESA_INSUMO ( CNPJ, NOME, TELEFONE, ATIVA )
	VALUES ( 76238042, 'Juan Lima', '(37) 2441-3286', TRUE );
INSERT INTO EMPRESA_INSUMO ( CNPJ, NOME, TELEFONE, ATIVA )
	VALUES ( 45195532, 'Bruna Souza', '(13) 1100-6995', TRUE );
INSERT INTO EMPRESA_INSUMO ( CNPJ, NOME, TELEFONE, ATIVA )
	VALUES ( 48169567, 'Sofia da Mata', '(68) 7182-5236', TRUE );
INSERT INTO EMPRESA_INSUMO ( CNPJ, NOME, TELEFONE, ATIVA )
	VALUES ( 23206301, 'Fernanda Azevedo', '(85) 5278-2819', FALSE );
INSERT INTO EMPRESA_INSUMO ( CNPJ, NOME, TELEFONE, ATIVA )
	VALUES ( 17138507, 'Erick Ramos', '(35) 2145-9318', FALSE );
INSERT INTO EMPRESA_INSUMO ( CNPJ, NOME, TELEFONE, ATIVA )
	VALUES ( 50758855, 'Antônio Pires', '(66) 5656-5858', FALSE );
INSERT INTO EMPRESA_INSUMO ( CNPJ, NOME, TELEFONE, ATIVA )
	VALUES ( 48692237, 'Emanuel Nascimento', '(55) 0070-2650', FALSE );
INSERT INTO EMPRESA_INSUMO ( CNPJ, NOME, TELEFONE, ATIVA )
	VALUES ( 41841631, 'Lívia Carvalho', '(78) 1878-9150', FALSE );
INSERT INTO EMPRESA_INSUMO ( CNPJ, NOME, TELEFONE, ATIVA )
	VALUES ( 36061631, 'Sr. Davi Lucas Costa', '(34) 9558-9877', TRUE );
INSERT INTO EMPRESA_INSUMO ( CNPJ, NOME, TELEFONE, ATIVA )
	VALUES ( 47779524, 'Pedro Henrique Silveira', '(06) 1777-0451', FALSE );
INSERT INTO EMPRESA_INSUMO ( CNPJ, NOME, TELEFONE, ATIVA )
	VALUES ( 24675166, 'Ana Azevedo', '(87) 1698-2516', FALSE );
INSERT INTO EMPRESA_INSUMO ( CNPJ, NOME, TELEFONE, ATIVA )
	VALUES ( 16480681, 'Juliana Porto', '(66) 0242-6077', TRUE );
INSERT INTO EMPRESA_INSUMO ( CNPJ, NOME, TELEFONE, ATIVA )
	VALUES ( 19994902, 'Pietra da Paz', '(15) 0918-3427', FALSE );
INSERT INTO EMPRESA_INSUMO ( CNPJ, NOME, TELEFONE, ATIVA )
	VALUES ( 30260823, 'Natália Cardoso,', '(35) 0800-0475', TRUE );
INSERT INTO EMPRESA_INSUMO ( CNPJ, NOME, TELEFONE, ATIVA )
	VALUES ( 54788727, 'Alana FariasFernandes', '(90) 5778-7924', TRUE );
INSERT INTO EMPRESA_INSUMO ( CNPJ, NOME, TELEFONE, ATIVA )
	VALUES ( 41886897, 'Carolina Campos', '(78) 8717-4604', FALSE );
INSERT INTO EMPRESA_INSUMO ( CNPJ, NOME, TELEFONE, ATIVA )
	VALUES ( 26461641, 'Yago Viana', '(61) 2188-3946', FALSE );
INSERT INTO EMPRESA_INSUMO ( CNPJ, NOME, TELEFONE, ATIVA )
	VALUES ( 37748929, 'Alexia Araújo', '(73) 6112-5137', FALSE );
INSERT INTO EMPRESA_INSUMO ( CNPJ, NOME, TELEFONE, ATIVA )
	VALUES ( 20903112, 'Elisa da Mota', '(98) 2147-0610', TRUE );
INSERT INTO EMPRESA_INSUMO ( CNPJ, NOME, TELEFONE, ATIVA )
	VALUES ( 12702148, 'Srta. Rebeca Ribeiro', '(64) 6407-4992', TRUE );
INSERT INTO EMPRESA_INSUMO ( CNPJ, NOME, TELEFONE, ATIVA )
	VALUES ( 50653475, 'Ana Clara Freitas', '(69) 8733-7998', FALSE );
INSERT INTO EMPRESA_INSUMO ( CNPJ, NOME, TELEFONE, ATIVA )
	VALUES ( 89969739, 'Ana Clara da Luz', '(63) 4497-9567', FALSE );
INSERT INTO EMPRESA_INSUMO ( CNPJ, NOME, TELEFONE, ATIVA )
	VALUES ( 45773273, 'Sra. Sofia Cavalcanti', '(63) 9312-4782', FALSE );
INSERT INTO EMPRESA_INSUMO ( CNPJ, NOME, TELEFONE, ATIVA )
	VALUES ( 71705503, 'Alice da Mata', '(22) 7791-4648', FALSE );
INSERT INTO EMPRESA_INSUMO ( CNPJ, NOME, TELEFONE, ATIVA )
	VALUES ( 61770324, 'Dra. Esther da Cruz', '(30) 5492-4813', FALSE );
INSERT INTO EMPRESA_INSUMO ( CNPJ, NOME, TELEFONE, ATIVA )
	VALUES ( 89809495, 'Srta. Mariane Barros', '(48) 3622-3494', FALSE );
INSERT INTO EMPRESA_INSUMO ( CNPJ, NOME, TELEFONE, ATIVA )
	VALUES ( 87124083, 'Juan Nascimento', '(14) 6182-9081', FALSE );
INSERT INTO EMPRESA_INSUMO ( CNPJ, NOME, TELEFONE, ATIVA )
	VALUES ( 43527230, 'Natália Moura', '(74) 8192-4593', FALSE );
INSERT INTO EMPRESA_INSUMO ( CNPJ, NOME, TELEFONE, ATIVA )
	VALUES ( 55020823, 'Maitê Peixoto', '(66) 5375-4758', TRUE );
INSERT INTO EMPRESA_INSUMO ( CNPJ, NOME, TELEFONE, ATIVA )
	VALUES ( 39867288, 'Igor Mendes', '(62) 1817-1005', FALSE );
INSERT INTO EMPRESA_INSUMO ( CNPJ, NOME, TELEFONE, ATIVA )
	VALUES ( 64213067, 'Paulo da Mata', '(42) 2357-0142', TRUE );
INSERT INTO EMPRESA_INSUMO ( CNPJ, NOME, TELEFONE, ATIVA )
	VALUES ( 32097581, 'Alexandre da Rocha', '(67) 2796-4013', TRUE );
INSERT INTO EMPRESA_INSUMO ( CNPJ, NOME, TELEFONE, ATIVA )
	VALUES ( 81744893, 'Anthony Caldeira', '(90) 2517-3580', TRUE );
INSERT INTO EMPRESA_INSUMO ( CNPJ, NOME, TELEFONE, ATIVA )
	VALUES ( 67149515, 'Igor Souza', '(21) 7008-4248', FALSE );
INSERT INTO EMPRESA_INSUMO ( CNPJ, NOME, TELEFONE, ATIVA )
	VALUES ( 22747403, 'André Cunha', '(70) 5183-6687', FALSE );
INSERT INTO EMPRESA_INSUMO ( CNPJ, NOME, TELEFONE, ATIVA )
	VALUES ( 42869011, 'Sra. Ana Clara FariasFernandes', '(34) 7635-4785', TRUE );
INSERT INTO EMPRESA_INSUMO ( CNPJ, NOME, TELEFONE, ATIVA )
	VALUES ( 61894609, 'Raquel da Conceição', '(18) 3873-9565', TRUE );
INSERT INTO EMPRESA_INSUMO ( CNPJ, NOME, TELEFONE, ATIVA )
	VALUES ( 37057683, 'João Guilherme Araújo', '(10) 7500-5237', TRUE );
INSERT INTO EMPRESA_INSUMO ( CNPJ, NOME, TELEFONE, ATIVA )
	VALUES ( 33444002, 'Dr. Samuel Alves', '(24) 3837-0839', FALSE );
INSERT INTO EMPRESA_INSUMO ( CNPJ, NOME, TELEFONE, ATIVA )
	VALUES ( 84333824, 'Daniela Barbosa', '(63) 9364-2238', TRUE );
INSERT INTO EMPRESA_INSUMO ( CNPJ, NOME, TELEFONE, ATIVA )
	VALUES ( 81696305, 'Rafael Porto', '(68) 4666-7996', FALSE );
INSERT INTO EMPRESA_INSUMO ( CNPJ, NOME, TELEFONE, ATIVA )
	VALUES ( 34811561, 'Kamilly Rezende', '(51) 0922-9950', TRUE );
INSERT INTO EMPRESA_INSUMO ( CNPJ, NOME, TELEFONE, ATIVA )
	VALUES ( 78228870, 'Srta. Rafaela Souza', '(05) 3639-3953', FALSE );
INSERT INTO EMPRESA_INSUMO ( CNPJ, NOME, TELEFONE, ATIVA )
	VALUES ( 14241956, 'Rafael Porto', '(38) 5619-2831', FALSE );
INSERT INTO EMPRESA_INSUMO ( CNPJ, NOME, TELEFONE, ATIVA )
	VALUES ( 30550361, 'Luiza Rocha', '(81) 7631-3468', FALSE );
INSERT INTO EMPRESA_INSUMO ( CNPJ, NOME, TELEFONE, ATIVA )
	VALUES ( 51868340, 'Nicolas Costela', '(01) 1064-3673', FALSE );
INSERT INTO EMPRESA_INSUMO ( CNPJ, NOME, TELEFONE, ATIVA )
	VALUES ( 51975945, 'Nathan Mendes', '(75) 5067-7538', FALSE );
INSERT INTO EMPRESA_INSUMO ( CNPJ, NOME, TELEFONE, ATIVA )
	VALUES ( 25905489, 'Gabrielly Teixeira', '(10) 3800-3869', TRUE );
INSERT INTO EMPRESA_INSUMO ( CNPJ, NOME, TELEFONE, ATIVA )
	VALUES ( 74019939, 'André Nunes', '(84) 6715-3738', TRUE );
INSERT INTO EMPRESA_INSUMO ( CNPJ, NOME, TELEFONE, ATIVA )
	VALUES ( 54005289, 'Maria Eduarda Cavalcanti', '(93) 5857-6246', FALSE );
INSERT INTO EMPRESA_INSUMO ( CNPJ, NOME, TELEFONE, ATIVA )
	VALUES ( 83045452, 'Carolina Peixoto', '(22) 4041-7333', TRUE );
INSERT INTO EMPRESA_INSUMO ( CNPJ, NOME, TELEFONE, ATIVA )
	VALUES ( 47342847, 'Pietra Peixoto', '(79) 5798-8340', TRUE );
INSERT INTO EMPRESA_INSUMO ( CNPJ, NOME, TELEFONE, ATIVA )
	VALUES ( 54518716, 'Marcos Vinicius Porto', '(55) 2444-8620', TRUE );
INSERT INTO EMPRESA_INSUMO ( CNPJ, NOME, TELEFONE, ATIVA )
	VALUES ( 32841543, 'Sr. Davi Lucca Almeida', '(35) 0313-4133', FALSE );
INSERT INTO EMPRESA_INSUMO ( CNPJ, NOME, TELEFONE, ATIVA )
	VALUES ( 68345706, 'Thomas Nascimento', '(23) 7881-1912', TRUE );
INSERT INTO EMPRESA_INSUMO ( CNPJ, NOME, TELEFONE, ATIVA )
	VALUES ( 50782470, 'Lorena Souza', '(04) 7344-2430', TRUE );
INSERT INTO EMPRESA_INSUMO ( CNPJ, NOME, TELEFONE, ATIVA )
	VALUES ( 33091357, 'Julia da Cunha', '(73) 2540-7674', FALSE );
INSERT INTO EMPRESA_INSUMO ( CNPJ, NOME, TELEFONE, ATIVA )
	VALUES ( 35963658, 'Marcela Cavalcanti', '(53) 0564-3857', FALSE );
INSERT INTO EMPRESA_INSUMO ( CNPJ, NOME, TELEFONE, ATIVA )
	VALUES ( 60503803, 'Ana Luiza Novaes', '(82) 7223-5272', TRUE );
INSERT INTO EMPRESA_INSUMO ( CNPJ, NOME, TELEFONE, ATIVA )
	VALUES ( 56802700, 'Cauã Freitas', '(60) 8439-5476', FALSE );
INSERT INTO EMPRESA_INSUMO ( CNPJ, NOME, TELEFONE, ATIVA )
	VALUES ( 88218159, 'Pedro Henrique Gomes', '(12) 6268-6330', TRUE );
INSERT INTO EMPRESA_INSUMO ( CNPJ, NOME, TELEFONE, ATIVA )
	VALUES ( 78032073, 'Dra. Melissa Fogaça', '(42) 0774-6859', TRUE );
INSERT INTO EMPRESA_INSUMO ( CNPJ, NOME, TELEFONE, ATIVA )
	VALUES ( 66472512, 'Laís Pereira', '(21) 5770-9348', TRUE );
INSERT INTO EMPRESA_INSUMO ( CNPJ, NOME, TELEFONE, ATIVA )
	VALUES ( 60329822, 'Ana Laura Vieira', '(97) 2444-0122', TRUE );
INSERT INTO EMPRESA_INSUMO ( CNPJ, NOME, TELEFONE, ATIVA )
	VALUES ( 66704728, 'Dr. Enzo Duarte', '(57) 8897-0110', TRUE );
INSERT INTO EMPRESA_INSUMO ( CNPJ, NOME, TELEFONE, ATIVA )
	VALUES ( 76448109, 'Ana Lívia Martins', '(05) 4149-8895', FALSE );
INSERT INTO EMPRESA_INSUMO ( CNPJ, NOME, TELEFONE, ATIVA )
	VALUES ( 86383870, 'Felipe Lima', '(31) 9509-6757', TRUE );
INSERT INTO EMPRESA_INSUMO ( CNPJ, NOME, TELEFONE, ATIVA )
	VALUES ( 68730630, 'Lívia Pereira', '(61) 8752-2786', TRUE );

/* TABLE VENDA_INSUMO */
/* NULL INSERTION FOR ATTRIBUTEATIVAAT TABLEVENDA_INSUMO */
INSERT INTO VENDA_INSUMO ( EMPRESA, INSUMO, PRECO, ATIVA )
	VALUES ( 51975945, 'Isabelly Cunha', 94771.01, NULL );
/* NULL INSERTION FOR ATTRIBUTEPRECOAT TABLEVENDA_INSUMO */
INSERT INTO VENDA_INSUMO ( EMPRESA, INSUMO, PRECO, ATIVA )
	VALUES ( 56802700, 'Dr. Theo da Mota', NULL, TRUE );
INSERT INTO VENDA_INSUMO ( EMPRESA, INSUMO, PRECO, ATIVA )
	VALUES ( 12801711, 'Maitê Pires', 421.42, TRUE );
INSERT INTO VENDA_INSUMO ( EMPRESA, INSUMO, PRECO, ATIVA )
	VALUES ( 37057683, 'Isabella Souza', 13246.66, TRUE );
INSERT INTO VENDA_INSUMO ( EMPRESA, INSUMO, PRECO, ATIVA )
	VALUES ( 37057683, 'Samuel Ribeiro', 39845.3, FALSE );
INSERT INTO VENDA_INSUMO ( EMPRESA, INSUMO, PRECO, ATIVA )
	VALUES ( 30260823, 'Lara da Cunha', 33485.57, FALSE );
INSERT INTO VENDA_INSUMO ( EMPRESA, INSUMO, PRECO, ATIVA )
	VALUES ( 58597018, 'Augusto Dias', 31355.74, FALSE );
INSERT INTO VENDA_INSUMO ( EMPRESA, INSUMO, PRECO, ATIVA )
	VALUES ( 12702148, 'Cauê Alves', 82560.55, FALSE );
INSERT INTO VENDA_INSUMO ( EMPRESA, INSUMO, PRECO, ATIVA )
	VALUES ( 48169567, 'Stephany Ferreira', 1701.41, TRUE );
INSERT INTO VENDA_INSUMO ( EMPRESA, INSUMO, PRECO, ATIVA )
	VALUES ( 52774451, 'João Gabriel Moraes', 75326.07, FALSE );
INSERT INTO VENDA_INSUMO ( EMPRESA, INSUMO, PRECO, ATIVA )
	VALUES ( 54518716, 'Matheus da Mata', 87159.29, FALSE );
INSERT INTO VENDA_INSUMO ( EMPRESA, INSUMO, PRECO, ATIVA )
	VALUES ( 56802700, 'Isabel Pereira', 24413.38, TRUE );
INSERT INTO VENDA_INSUMO ( EMPRESA, INSUMO, PRECO, ATIVA )
	VALUES ( 48169567, 'Maria Julia Moura', 98746.56, FALSE );
INSERT INTO VENDA_INSUMO ( EMPRESA, INSUMO, PRECO, ATIVA )
	VALUES ( 52774451, 'Enrico Viana', 14325.41, FALSE );
INSERT INTO VENDA_INSUMO ( EMPRESA, INSUMO, PRECO, ATIVA )
	VALUES ( 12181878, 'Matheus Novaes', 83627.85, FALSE );
INSERT INTO VENDA_INSUMO ( EMPRESA, INSUMO, PRECO, ATIVA )
	VALUES ( 82398258, 'Antônio Duarte', 45162.24, TRUE );
INSERT INTO VENDA_INSUMO ( EMPRESA, INSUMO, PRECO, ATIVA )
	VALUES ( 76330700, 'Natália da Paz', 14096.11, TRUE );
INSERT INTO VENDA_INSUMO ( EMPRESA, INSUMO, PRECO, ATIVA )
	VALUES ( 78228870, 'Sr. Leonardo Castro', 74424.5, TRUE );
INSERT INTO VENDA_INSUMO ( EMPRESA, INSUMO, PRECO, ATIVA )
	VALUES ( 81696305, 'Stephany Rodrigues', 45555.39, TRUE );
INSERT INTO VENDA_INSUMO ( EMPRESA, INSUMO, PRECO, ATIVA )
	VALUES ( 12702148, 'Dra. Giovanna Cardoso', 81248.29, FALSE );
INSERT INTO VENDA_INSUMO ( EMPRESA, INSUMO, PRECO, ATIVA )
	VALUES ( 56802700, 'Manuela Caldeira', 55993.83, TRUE );
INSERT INTO VENDA_INSUMO ( EMPRESA, INSUMO, PRECO, ATIVA )
	VALUES ( 34802144, 'João Miguel da Paz', 95463.94, TRUE );
INSERT INTO VENDA_INSUMO ( EMPRESA, INSUMO, PRECO, ATIVA )
	VALUES ( 16480681, 'Augusto Dias', 52011.48, TRUE );
INSERT INTO VENDA_INSUMO ( EMPRESA, INSUMO, PRECO, ATIVA )
	VALUES ( 66704728, 'Eduardo Caldeira', 1163.41, TRUE );
INSERT INTO VENDA_INSUMO ( EMPRESA, INSUMO, PRECO, ATIVA )
	VALUES ( 64213067, 'Sr. Davi Luiz Teixeira', 17501.45, TRUE );
INSERT INTO VENDA_INSUMO ( EMPRESA, INSUMO, PRECO, ATIVA )
	VALUES ( 37057683, 'Murilo Araújo', 65898.58, TRUE );
INSERT INTO VENDA_INSUMO ( EMPRESA, INSUMO, PRECO, ATIVA )
	VALUES ( 55187959, 'Dr. Theo da Mota', 76701.01, FALSE );
INSERT INTO VENDA_INSUMO ( EMPRESA, INSUMO, PRECO, ATIVA )
	VALUES ( 50782470, 'Lara da Cunha', 32735.74, TRUE );
INSERT INTO VENDA_INSUMO ( EMPRESA, INSUMO, PRECO, ATIVA )
	VALUES ( 52774451, 'Dr. Benjamin Lopes', 67408.29, FALSE );
INSERT INTO VENDA_INSUMO ( EMPRESA, INSUMO, PRECO, ATIVA )
	VALUES ( 12702148, 'Augusto Cavalcanti', 10965.52, TRUE );
INSERT INTO VENDA_INSUMO ( EMPRESA, INSUMO, PRECO, ATIVA )
	VALUES ( 50653475, 'Valentina da Cunha', 95590.92, TRUE );
INSERT INTO VENDA_INSUMO ( EMPRESA, INSUMO, PRECO, ATIVA )
	VALUES ( 24675166, 'Kamilly Alves', 40642.83, TRUE );
INSERT INTO VENDA_INSUMO ( EMPRESA, INSUMO, PRECO, ATIVA )
	VALUES ( 55020823, 'Francisco Araújo', 41224.24, FALSE );
INSERT INTO VENDA_INSUMO ( EMPRESA, INSUMO, PRECO, ATIVA )
	VALUES ( 58597018, 'Dr. Alexandre Mendes', 58617.34, FALSE );
INSERT INTO VENDA_INSUMO ( EMPRESA, INSUMO, PRECO, ATIVA )
	VALUES ( 35963658, 'Heitor Rezende', 32992.21, TRUE );
INSERT INTO VENDA_INSUMO ( EMPRESA, INSUMO, PRECO, ATIVA )
	VALUES ( 12801711, 'Vinicius Peixoto', 79504.4, TRUE );
INSERT INTO VENDA_INSUMO ( EMPRESA, INSUMO, PRECO, ATIVA )
	VALUES ( 38005833, 'Maria Julia Moura', 80773.74, TRUE );
INSERT INTO VENDA_INSUMO ( EMPRESA, INSUMO, PRECO, ATIVA )
	VALUES ( 32097581, 'Augusto Dias', 27444.2, FALSE );
INSERT INTO VENDA_INSUMO ( EMPRESA, INSUMO, PRECO, ATIVA )
	VALUES ( 87124083, 'Maria Julia Moura', 38135.73, FALSE );
INSERT INTO VENDA_INSUMO ( EMPRESA, INSUMO, PRECO, ATIVA )
	VALUES ( 11473278, 'Juliana Costela', 28602.12, TRUE );
INSERT INTO VENDA_INSUMO ( EMPRESA, INSUMO, PRECO, ATIVA )
	VALUES ( 40638957, 'Nina Aragão', 67173.11, FALSE );
INSERT INTO VENDA_INSUMO ( EMPRESA, INSUMO, PRECO, ATIVA )
	VALUES ( 12702148, 'Miguel Jesus', 72751.9, FALSE );
INSERT INTO VENDA_INSUMO ( EMPRESA, INSUMO, PRECO, ATIVA )
	VALUES ( 81744893, 'Cauê Alves', 85641.12, TRUE );
INSERT INTO VENDA_INSUMO ( EMPRESA, INSUMO, PRECO, ATIVA )
	VALUES ( 89809495, 'Dra. Alana Rocha', 87946.63, TRUE );
INSERT INTO VENDA_INSUMO ( EMPRESA, INSUMO, PRECO, ATIVA )
	VALUES ( 17138507, 'Juan Ferreira', 58357.61, TRUE );
INSERT INTO VENDA_INSUMO ( EMPRESA, INSUMO, PRECO, ATIVA )
	VALUES ( 58597018, 'Yasmin Duarte', 61703.15, TRUE );
INSERT INTO VENDA_INSUMO ( EMPRESA, INSUMO, PRECO, ATIVA )
	VALUES ( 74500721, 'Renan Dias', 65072.15, FALSE );
INSERT INTO VENDA_INSUMO ( EMPRESA, INSUMO, PRECO, ATIVA )
	VALUES ( 51379127, 'Thales Fogaça', 62966.66, TRUE );
INSERT INTO VENDA_INSUMO ( EMPRESA, INSUMO, PRECO, ATIVA )
	VALUES ( 40638957, 'Melissa Moura', 94193.12, TRUE );
INSERT INTO VENDA_INSUMO ( EMPRESA, INSUMO, PRECO, ATIVA )
	VALUES ( 70733381, 'Thales Fogaça', 86232.64, TRUE );
INSERT INTO VENDA_INSUMO ( EMPRESA, INSUMO, PRECO, ATIVA )
	VALUES ( 26461641, 'Miguel Jesus', 77228.43, TRUE );
INSERT INTO VENDA_INSUMO ( EMPRESA, INSUMO, PRECO, ATIVA )
	VALUES ( 41886897, 'Lara Correia', 72102.61, FALSE );
INSERT INTO VENDA_INSUMO ( EMPRESA, INSUMO, PRECO, ATIVA )
	VALUES ( 43557409, 'Juliana Costela', 76663.4, FALSE );
INSERT INTO VENDA_INSUMO ( EMPRESA, INSUMO, PRECO, ATIVA )
	VALUES ( 40638957, 'Ana Lívia Nunes', 7992.03, FALSE );
INSERT INTO VENDA_INSUMO ( EMPRESA, INSUMO, PRECO, ATIVA )
	VALUES ( 32126996, 'Natália da Paz', 3671.13, FALSE );
INSERT INTO VENDA_INSUMO ( EMPRESA, INSUMO, PRECO, ATIVA )
	VALUES ( 51379127, 'Kevin da Luz', 99554.48, TRUE );
INSERT INTO VENDA_INSUMO ( EMPRESA, INSUMO, PRECO, ATIVA )
	VALUES ( 52774451, 'Esther Pires', 97081.43, TRUE );
INSERT INTO VENDA_INSUMO ( EMPRESA, INSUMO, PRECO, ATIVA )
	VALUES ( 30260823, 'Daniela da Mota', 96661.04, FALSE );
INSERT INTO VENDA_INSUMO ( EMPRESA, INSUMO, PRECO, ATIVA )
	VALUES ( 28035630, 'Miguel Jesus', 94858.2, FALSE );
INSERT INTO VENDA_INSUMO ( EMPRESA, INSUMO, PRECO, ATIVA )
	VALUES ( 74019939, 'Esther Pires', 89357.31, FALSE );
INSERT INTO VENDA_INSUMO ( EMPRESA, INSUMO, PRECO, ATIVA )
	VALUES ( 36077272, 'Isabelly Cunha', 92182.23, FALSE );
INSERT INTO VENDA_INSUMO ( EMPRESA, INSUMO, PRECO, ATIVA )
	VALUES ( 68345706, 'Kaique Duarte', 83933.42, TRUE );
INSERT INTO VENDA_INSUMO ( EMPRESA, INSUMO, PRECO, ATIVA )
	VALUES ( 41841631, 'Samuel Nunes', 15912.38, FALSE );
INSERT INTO VENDA_INSUMO ( EMPRESA, INSUMO, PRECO, ATIVA )
	VALUES ( 76238042, 'Melissa Azevedo', 15969.27, FALSE );
INSERT INTO VENDA_INSUMO ( EMPRESA, INSUMO, PRECO, ATIVA )
	VALUES ( 78032073, 'Felipe da Rocha', 70821.73, FALSE );
INSERT INTO VENDA_INSUMO ( EMPRESA, INSUMO, PRECO, ATIVA )
	VALUES ( 36077272, 'Pietra Nogueira', 39664.28, TRUE );
INSERT INTO VENDA_INSUMO ( EMPRESA, INSUMO, PRECO, ATIVA )
	VALUES ( 68730630, 'Daniela da Mota', 38457.71, FALSE );
INSERT INTO VENDA_INSUMO ( EMPRESA, INSUMO, PRECO, ATIVA )
	VALUES ( 47779524, 'Samuel Ribeiro', 3500.79, TRUE );
INSERT INTO VENDA_INSUMO ( EMPRESA, INSUMO, PRECO, ATIVA )
	VALUES ( 42869011, 'Stephany Ferreira', 77701.29, TRUE );
INSERT INTO VENDA_INSUMO ( EMPRESA, INSUMO, PRECO, ATIVA )
	VALUES ( 45195532, 'Vitória Castro', 56756.23, FALSE );
INSERT INTO VENDA_INSUMO ( EMPRESA, INSUMO, PRECO, ATIVA )
	VALUES ( 67149515, 'Pietra Cavalcanti', 95297.56, TRUE );
INSERT INTO VENDA_INSUMO ( EMPRESA, INSUMO, PRECO, ATIVA )
	VALUES ( 47342847, 'Maria Julia Moura', 32090.91, FALSE );
INSERT INTO VENDA_INSUMO ( EMPRESA, INSUMO, PRECO, ATIVA )
	VALUES ( 38962375, 'João Gabriel Moraes', 35711.46, TRUE );
INSERT INTO VENDA_INSUMO ( EMPRESA, INSUMO, PRECO, ATIVA )
	VALUES ( 74019939, 'Anthony Nunes', 15818.5, TRUE );
INSERT INTO VENDA_INSUMO ( EMPRESA, INSUMO, PRECO, ATIVA )
	VALUES ( 16480681, 'Stephany Fogaça', 14356.12, FALSE );
INSERT INTO VENDA_INSUMO ( EMPRESA, INSUMO, PRECO, ATIVA )
	VALUES ( 38962375, 'Ana Júlia Nascimento', 74213.96, FALSE );
INSERT INTO VENDA_INSUMO ( EMPRESA, INSUMO, PRECO, ATIVA )
	VALUES ( 78228870, 'Leandro Castro', 36651.63, FALSE );
INSERT INTO VENDA_INSUMO ( EMPRESA, INSUMO, PRECO, ATIVA )
	VALUES ( 61770324, 'Mariana Carvalho', 84630.86, FALSE );
INSERT INTO VENDA_INSUMO ( EMPRESA, INSUMO, PRECO, ATIVA )
	VALUES ( 37057683, 'Lucas Melo', 90301.55, FALSE );
INSERT INTO VENDA_INSUMO ( EMPRESA, INSUMO, PRECO, ATIVA )
	VALUES ( 54788727, 'Francisco Araújo', 27772.59, TRUE );
INSERT INTO VENDA_INSUMO ( EMPRESA, INSUMO, PRECO, ATIVA )
	VALUES ( 11473278, 'Felipe Campos', 16021.1, FALSE );
INSERT INTO VENDA_INSUMO ( EMPRESA, INSUMO, PRECO, ATIVA )
	VALUES ( 22747403, 'Vicente Viana', 96948.69, TRUE );
INSERT INTO VENDA_INSUMO ( EMPRESA, INSUMO, PRECO, ATIVA )
	VALUES ( 89969739, 'Dr. Murilo da Mota', 58827.58, FALSE );
INSERT INTO VENDA_INSUMO ( EMPRESA, INSUMO, PRECO, ATIVA )
	VALUES ( 88218159, 'Lara da Cunha', 50862.78, TRUE );
INSERT INTO VENDA_INSUMO ( EMPRESA, INSUMO, PRECO, ATIVA )
	VALUES ( 54005289, 'Sr. Leandro Barbosa', 75967.52, TRUE );
INSERT INTO VENDA_INSUMO ( EMPRESA, INSUMO, PRECO, ATIVA )
	VALUES ( 76448109, 'Enrico Viana', 14502.48, FALSE );
INSERT INTO VENDA_INSUMO ( EMPRESA, INSUMO, PRECO, ATIVA )
	VALUES ( 61770324, 'Luiz Felipe Cunha', 89162.23, FALSE );
INSERT INTO VENDA_INSUMO ( EMPRESA, INSUMO, PRECO, ATIVA )
	VALUES ( 38962375, 'Nathan Cavalcanti', 71659.13, FALSE );
INSERT INTO VENDA_INSUMO ( EMPRESA, INSUMO, PRECO, ATIVA )
	VALUES ( 19994902, 'Kaique Duarte', 23463.99, TRUE );
INSERT INTO VENDA_INSUMO ( EMPRESA, INSUMO, PRECO, ATIVA )
	VALUES ( 14241956, 'Nathan Cavalcanti', 32770.61, FALSE );
INSERT INTO VENDA_INSUMO ( EMPRESA, INSUMO, PRECO, ATIVA )
	VALUES ( 32097581, 'Sra. Valentina Nascimento', 91137.66, FALSE );
INSERT INTO VENDA_INSUMO ( EMPRESA, INSUMO, PRECO, ATIVA )
	VALUES ( 89809495, 'Maria Julia da Cruz', 45493.19, TRUE );
INSERT INTO VENDA_INSUMO ( EMPRESA, INSUMO, PRECO, ATIVA )
	VALUES ( 64213067, 'Luiz Miguel Almeida', 60406.0, FALSE );
INSERT INTO VENDA_INSUMO ( EMPRESA, INSUMO, PRECO, ATIVA )
	VALUES ( 54788727, 'Srta. Maria Vitória da Mota', 83252.62, TRUE );
INSERT INTO VENDA_INSUMO ( EMPRESA, INSUMO, PRECO, ATIVA )
	VALUES ( 20903112, 'Enrico Viana', 63116.64, TRUE );
INSERT INTO VENDA_INSUMO ( EMPRESA, INSUMO, PRECO, ATIVA )
	VALUES ( 35963658, 'Cecília da Costa', 39606.03, TRUE );
INSERT INTO VENDA_INSUMO ( EMPRESA, INSUMO, PRECO, ATIVA )
	VALUES ( 83045452, 'Sr. Luigi da Cruz', 90073.75, FALSE );
INSERT INTO VENDA_INSUMO ( EMPRESA, INSUMO, PRECO, ATIVA )
	VALUES ( 56802700, 'Marcela Lopes', 24765.17, TRUE );
INSERT INTO VENDA_INSUMO ( EMPRESA, INSUMO, PRECO, ATIVA )
	VALUES ( 36046094, 'Sra. Valentina Nascimento', 43452.42, TRUE );
INSERT INTO VENDA_INSUMO ( EMPRESA, INSUMO, PRECO, ATIVA )
	VALUES ( 36899854, 'Juliana Costela', 22976.51, TRUE );
INSERT INTO VENDA_INSUMO ( EMPRESA, INSUMO, PRECO, ATIVA )
	VALUES ( 34442763, 'Sr. Leandro Barbosa', 22094.77, FALSE );
INSERT INTO VENDA_INSUMO ( EMPRESA, INSUMO, PRECO, ATIVA )
	VALUES ( 60329822, 'Samuel Ribeiro', 1972.81, FALSE );

/* TABLE VENDA_INSUMO_EVENTO */
/* NULL INSERTION FOR ATTRIBUTEQTDAT TABLEVENDA_INSUMO_EVENTO */
INSERT INTO VENDA_INSUMO_EVENTO ( EMPRESA, INSUMO, EVENTO, PRECO_COMBINADO, QTD )
	VALUES ( 41886897, 'Lara Correia', 46, 83610.71, NULL );
/* NULL INSERTION FOR ATTRIBUTEPRECO_COMBINADOAT TABLEVENDA_INSUMO_EVENTO */
INSERT INTO VENDA_INSUMO_EVENTO ( EMPRESA, INSUMO, EVENTO, PRECO_COMBINADO, QTD )
	VALUES ( 60329822, 'Samuel Ribeiro', 76, NULL, 13576 );
INSERT INTO VENDA_INSUMO_EVENTO ( EMPRESA, INSUMO, EVENTO, PRECO_COMBINADO, QTD )
	VALUES ( 20903112, 'Enrico Viana', 33, 96006.72, 9966 );
INSERT INTO VENDA_INSUMO_EVENTO ( EMPRESA, INSUMO, EVENTO, PRECO_COMBINADO, QTD )
	VALUES ( 74500721, 'Renan Dias', 52, 31348.44, 12010 );
INSERT INTO VENDA_INSUMO_EVENTO ( EMPRESA, INSUMO, EVENTO, PRECO_COMBINADO, QTD )
	VALUES ( 36077272, 'Isabelly Cunha', 45, 16818.67, 28095 );
INSERT INTO VENDA_INSUMO_EVENTO ( EMPRESA, INSUMO, EVENTO, PRECO_COMBINADO, QTD )
	VALUES ( 12702148, 'Dra. Giovanna Cardoso', 41, 61701.23, 11515 );
INSERT INTO VENDA_INSUMO_EVENTO ( EMPRESA, INSUMO, EVENTO, PRECO_COMBINADO, QTD )
	VALUES ( 34442763, 'Sr. Leandro Barbosa', 28, 18487.64, 168 );
INSERT INTO VENDA_INSUMO_EVENTO ( EMPRESA, INSUMO, EVENTO, PRECO_COMBINADO, QTD )
	VALUES ( 52774451, 'João Gabriel Moraes', 1, 99889.81, 1157 );
INSERT INTO VENDA_INSUMO_EVENTO ( EMPRESA, INSUMO, EVENTO, PRECO_COMBINADO, QTD )
	VALUES ( 67149515, 'Pietra Cavalcanti', 77, 78889.35, 20028 );
INSERT INTO VENDA_INSUMO_EVENTO ( EMPRESA, INSUMO, EVENTO, PRECO_COMBINADO, QTD )
	VALUES ( 17138507, 'Juan Ferreira', 60, 78033.96, 19729 );
INSERT INTO VENDA_INSUMO_EVENTO ( EMPRESA, INSUMO, EVENTO, PRECO_COMBINADO, QTD )
	VALUES ( 12702148, 'Miguel Jesus', 91, 81966.12, 24542 );
INSERT INTO VENDA_INSUMO_EVENTO ( EMPRESA, INSUMO, EVENTO, PRECO_COMBINADO, QTD )
	VALUES ( 32126996, 'Natália da Paz', 11, 40725.03, 18719 );
INSERT INTO VENDA_INSUMO_EVENTO ( EMPRESA, INSUMO, EVENTO, PRECO_COMBINADO, QTD )
	VALUES ( 30260823, 'Daniela da Mota', 62, 55980.67, 14385 );
INSERT INTO VENDA_INSUMO_EVENTO ( EMPRESA, INSUMO, EVENTO, PRECO_COMBINADO, QTD )
	VALUES ( 56802700, 'Isabel Pereira', 57, 95358.47, 19556 );
INSERT INTO VENDA_INSUMO_EVENTO ( EMPRESA, INSUMO, EVENTO, PRECO_COMBINADO, QTD )
	VALUES ( 12702148, 'Augusto Cavalcanti', 82, 37960.25, 6879 );
INSERT INTO VENDA_INSUMO_EVENTO ( EMPRESA, INSUMO, EVENTO, PRECO_COMBINADO, QTD )
	VALUES ( 41841631, 'Samuel Nunes', 21, 23101.71, 11117 );
INSERT INTO VENDA_INSUMO_EVENTO ( EMPRESA, INSUMO, EVENTO, PRECO_COMBINADO, QTD )
	VALUES ( 56802700, 'Manuela Caldeira', 40, 7031.01, 13964 );
INSERT INTO VENDA_INSUMO_EVENTO ( EMPRESA, INSUMO, EVENTO, PRECO_COMBINADO, QTD )
	VALUES ( 34442763, 'Sr. Leandro Barbosa', 25, 74038.99, 18155 );
INSERT INTO VENDA_INSUMO_EVENTO ( EMPRESA, INSUMO, EVENTO, PRECO_COMBINADO, QTD )
	VALUES ( 54005289, 'Sr. Leandro Barbosa', 30, 25084.04, 3068 );
INSERT INTO VENDA_INSUMO_EVENTO ( EMPRESA, INSUMO, EVENTO, PRECO_COMBINADO, QTD )
	VALUES ( 51379127, 'Thales Fogaça', 33, 48974.46, 1920 );
INSERT INTO VENDA_INSUMO_EVENTO ( EMPRESA, INSUMO, EVENTO, PRECO_COMBINADO, QTD )
	VALUES ( 28035630, 'Miguel Jesus', 61, 27470.46, 21868 );
INSERT INTO VENDA_INSUMO_EVENTO ( EMPRESA, INSUMO, EVENTO, PRECO_COMBINADO, QTD )
	VALUES ( 11473278, 'Juliana Costela', 3, 18686.36, 19413 );
INSERT INTO VENDA_INSUMO_EVENTO ( EMPRESA, INSUMO, EVENTO, PRECO_COMBINADO, QTD )
	VALUES ( 41841631, 'Samuel Nunes', 66, 6754.88, 27625 );
INSERT INTO VENDA_INSUMO_EVENTO ( EMPRESA, INSUMO, EVENTO, PRECO_COMBINADO, QTD )
	VALUES ( 37057683, 'Lucas Melo', 26, 30683.98, 24918 );
INSERT INTO VENDA_INSUMO_EVENTO ( EMPRESA, INSUMO, EVENTO, PRECO_COMBINADO, QTD )
	VALUES ( 24675166, 'Kamilly Alves', 100, 75473.72, 8668 );
INSERT INTO VENDA_INSUMO_EVENTO ( EMPRESA, INSUMO, EVENTO, PRECO_COMBINADO, QTD )
	VALUES ( 47342847, 'Maria Julia Moura', 18, 72933.12, 16382 );
INSERT INTO VENDA_INSUMO_EVENTO ( EMPRESA, INSUMO, EVENTO, PRECO_COMBINADO, QTD )
	VALUES ( 11473278, 'Felipe Campos', 79, 87266.7, 21019 );
INSERT INTO VENDA_INSUMO_EVENTO ( EMPRESA, INSUMO, EVENTO, PRECO_COMBINADO, QTD )
	VALUES ( 64213067, 'Sr. Davi Luiz Teixeira', 54, 28846.65, 29346 );
INSERT INTO VENDA_INSUMO_EVENTO ( EMPRESA, INSUMO, EVENTO, PRECO_COMBINADO, QTD )
	VALUES ( 40638957, 'Melissa Moura', 31, 24609.1, 4320 );
INSERT INTO VENDA_INSUMO_EVENTO ( EMPRESA, INSUMO, EVENTO, PRECO_COMBINADO, QTD )
	VALUES ( 64213067, 'Sr. Davi Luiz Teixeira', 97, 74518.28, 16153 );
INSERT INTO VENDA_INSUMO_EVENTO ( EMPRESA, INSUMO, EVENTO, PRECO_COMBINADO, QTD )
	VALUES ( 88218159, 'Lara da Cunha', 2, 65178.95, 11779 );
INSERT INTO VENDA_INSUMO_EVENTO ( EMPRESA, INSUMO, EVENTO, PRECO_COMBINADO, QTD )
	VALUES ( 81744893, 'Cauê Alves', 21, 41365.19, 17214 );
INSERT INTO VENDA_INSUMO_EVENTO ( EMPRESA, INSUMO, EVENTO, PRECO_COMBINADO, QTD )
	VALUES ( 35963658, 'Heitor Rezende', 1, 14268.01, 28782 );
INSERT INTO VENDA_INSUMO_EVENTO ( EMPRESA, INSUMO, EVENTO, PRECO_COMBINADO, QTD )
	VALUES ( 32097581, 'Sra. Valentina Nascimento', 48, 86895.32, 20025 );
INSERT INTO VENDA_INSUMO_EVENTO ( EMPRESA, INSUMO, EVENTO, PRECO_COMBINADO, QTD )
	VALUES ( 47779524, 'Samuel Ribeiro', 71, 40203.88, 30046 );
INSERT INTO VENDA_INSUMO_EVENTO ( EMPRESA, INSUMO, EVENTO, PRECO_COMBINADO, QTD )
	VALUES ( 43557409, 'Juliana Costela', 49, 91123.96, 25823 );
INSERT INTO VENDA_INSUMO_EVENTO ( EMPRESA, INSUMO, EVENTO, PRECO_COMBINADO, QTD )
	VALUES ( 66704728, 'Eduardo Caldeira', 19, 43197.39, 30236 );
INSERT INTO VENDA_INSUMO_EVENTO ( EMPRESA, INSUMO, EVENTO, PRECO_COMBINADO, QTD )
	VALUES ( 40638957, 'Nina Aragão', 34, 50803.26, 3859 );
INSERT INTO VENDA_INSUMO_EVENTO ( EMPRESA, INSUMO, EVENTO, PRECO_COMBINADO, QTD )
	VALUES ( 48169567, 'Maria Julia Moura', 99, 92179.92, 5149 );
INSERT INTO VENDA_INSUMO_EVENTO ( EMPRESA, INSUMO, EVENTO, PRECO_COMBINADO, QTD )
	VALUES ( 78228870, 'Leandro Castro', 12, 79806.85, 9170 );
INSERT INTO VENDA_INSUMO_EVENTO ( EMPRESA, INSUMO, EVENTO, PRECO_COMBINADO, QTD )
	VALUES ( 38005833, 'Maria Julia Moura', 50, 82153.59, 574 );
INSERT INTO VENDA_INSUMO_EVENTO ( EMPRESA, INSUMO, EVENTO, PRECO_COMBINADO, QTD )
	VALUES ( 81744893, 'Cauê Alves', 17, 41862.28, 21279 );
INSERT INTO VENDA_INSUMO_EVENTO ( EMPRESA, INSUMO, EVENTO, PRECO_COMBINADO, QTD )
	VALUES ( 78032073, 'Felipe da Rocha', 66, 45527.48, 21339 );
INSERT INTO VENDA_INSUMO_EVENTO ( EMPRESA, INSUMO, EVENTO, PRECO_COMBINADO, QTD )
	VALUES ( 74019939, 'Esther Pires', 15, 33833.46, 12893 );
INSERT INTO VENDA_INSUMO_EVENTO ( EMPRESA, INSUMO, EVENTO, PRECO_COMBINADO, QTD )
	VALUES ( 30260823, 'Lara da Cunha', 44, 89261.64, 16031 );
INSERT INTO VENDA_INSUMO_EVENTO ( EMPRESA, INSUMO, EVENTO, PRECO_COMBINADO, QTD )
	VALUES ( 58597018, 'Dr. Alexandre Mendes', 35, 40079.68, 3595 );
INSERT INTO VENDA_INSUMO_EVENTO ( EMPRESA, INSUMO, EVENTO, PRECO_COMBINADO, QTD )
	VALUES ( 56802700, 'Isabel Pereira', 80, 70938.11, 921 );
INSERT INTO VENDA_INSUMO_EVENTO ( EMPRESA, INSUMO, EVENTO, PRECO_COMBINADO, QTD )
	VALUES ( 81744893, 'Cauê Alves', 13, 36002.61, 20890 );
INSERT INTO VENDA_INSUMO_EVENTO ( EMPRESA, INSUMO, EVENTO, PRECO_COMBINADO, QTD )
	VALUES ( 82398258, 'Antônio Duarte', 21, 80896.88, 7943 );
INSERT INTO VENDA_INSUMO_EVENTO ( EMPRESA, INSUMO, EVENTO, PRECO_COMBINADO, QTD )
	VALUES ( 19994902, 'Kaique Duarte', 77, 67102.7, 4209 );
INSERT INTO VENDA_INSUMO_EVENTO ( EMPRESA, INSUMO, EVENTO, PRECO_COMBINADO, QTD )
	VALUES ( 38962375, 'Nathan Cavalcanti', 22, 25621.86, 10137 );
INSERT INTO VENDA_INSUMO_EVENTO ( EMPRESA, INSUMO, EVENTO, PRECO_COMBINADO, QTD )
	VALUES ( 89809495, 'Dra. Alana Rocha', 59, 15403.66, 6297 );
INSERT INTO VENDA_INSUMO_EVENTO ( EMPRESA, INSUMO, EVENTO, PRECO_COMBINADO, QTD )
	VALUES ( 60329822, 'Samuel Ribeiro', 29, 30344.82, 21882 );
INSERT INTO VENDA_INSUMO_EVENTO ( EMPRESA, INSUMO, EVENTO, PRECO_COMBINADO, QTD )
	VALUES ( 38962375, 'Ana Júlia Nascimento', 65, 59161.78, 12007 );
INSERT INTO VENDA_INSUMO_EVENTO ( EMPRESA, INSUMO, EVENTO, PRECO_COMBINADO, QTD )
	VALUES ( 76448109, 'Enrico Viana', 45, 64292.6, 2278 );
INSERT INTO VENDA_INSUMO_EVENTO ( EMPRESA, INSUMO, EVENTO, PRECO_COMBINADO, QTD )
	VALUES ( 34442763, 'Sr. Leandro Barbosa', 9, 11162.48, 12654 );
INSERT INTO VENDA_INSUMO_EVENTO ( EMPRESA, INSUMO, EVENTO, PRECO_COMBINADO, QTD )
	VALUES ( 51379127, 'Kevin da Luz', 6, 42039.63, 18985 );
INSERT INTO VENDA_INSUMO_EVENTO ( EMPRESA, INSUMO, EVENTO, PRECO_COMBINADO, QTD )
	VALUES ( 36899854, 'Juliana Costela', 80, 21544.91, 26354 );
INSERT INTO VENDA_INSUMO_EVENTO ( EMPRESA, INSUMO, EVENTO, PRECO_COMBINADO, QTD )
	VALUES ( 22747403, 'Vicente Viana', 66, 52907.69, 28964 );
INSERT INTO VENDA_INSUMO_EVENTO ( EMPRESA, INSUMO, EVENTO, PRECO_COMBINADO, QTD )
	VALUES ( 36899854, 'Juliana Costela', 73, 57794.14, 9678 );
INSERT INTO VENDA_INSUMO_EVENTO ( EMPRESA, INSUMO, EVENTO, PRECO_COMBINADO, QTD )
	VALUES ( 37057683, 'Murilo Araújo', 63, 4285.62, 4581 );
INSERT INTO VENDA_INSUMO_EVENTO ( EMPRESA, INSUMO, EVENTO, PRECO_COMBINADO, QTD )
	VALUES ( 48169567, 'Maria Julia Moura', 87, 28859.72, 27066 );
INSERT INTO VENDA_INSUMO_EVENTO ( EMPRESA, INSUMO, EVENTO, PRECO_COMBINADO, QTD )
	VALUES ( 50653475, 'Valentina da Cunha', 70, 52819.78, 9987 );
INSERT INTO VENDA_INSUMO_EVENTO ( EMPRESA, INSUMO, EVENTO, PRECO_COMBINADO, QTD )
	VALUES ( 61770324, 'Luiz Felipe Cunha', 93, 35457.93, 11870 );
INSERT INTO VENDA_INSUMO_EVENTO ( EMPRESA, INSUMO, EVENTO, PRECO_COMBINADO, QTD )
	VALUES ( 55187959, 'Dr. Theo da Mota', 60, 55567.89, 8889 );
INSERT INTO VENDA_INSUMO_EVENTO ( EMPRESA, INSUMO, EVENTO, PRECO_COMBINADO, QTD )
	VALUES ( 76448109, 'Enrico Viana', 7, 81032.32, 12856 );
INSERT INTO VENDA_INSUMO_EVENTO ( EMPRESA, INSUMO, EVENTO, PRECO_COMBINADO, QTD )
	VALUES ( 45195532, 'Vitória Castro', 95, 49833.03, 23972 );
INSERT INTO VENDA_INSUMO_EVENTO ( EMPRESA, INSUMO, EVENTO, PRECO_COMBINADO, QTD )
	VALUES ( 11473278, 'Felipe Campos', 42, 39906.76, 20871 );
INSERT INTO VENDA_INSUMO_EVENTO ( EMPRESA, INSUMO, EVENTO, PRECO_COMBINADO, QTD )
	VALUES ( 74019939, 'Anthony Nunes', 95, 91945.48, 21920 );
INSERT INTO VENDA_INSUMO_EVENTO ( EMPRESA, INSUMO, EVENTO, PRECO_COMBINADO, QTD )
	VALUES ( 37057683, 'Samuel Ribeiro', 16, 12656.96, 26800 );
INSERT INTO VENDA_INSUMO_EVENTO ( EMPRESA, INSUMO, EVENTO, PRECO_COMBINADO, QTD )
	VALUES ( 67149515, 'Pietra Cavalcanti', 90, 25207.16, 5786 );
INSERT INTO VENDA_INSUMO_EVENTO ( EMPRESA, INSUMO, EVENTO, PRECO_COMBINADO, QTD )
	VALUES ( 36077272, 'Isabelly Cunha', 98, 40024.17, 14332 );
INSERT INTO VENDA_INSUMO_EVENTO ( EMPRESA, INSUMO, EVENTO, PRECO_COMBINADO, QTD )
	VALUES ( 51379127, 'Thales Fogaça', 37, 64282.01, 15631 );
INSERT INTO VENDA_INSUMO_EVENTO ( EMPRESA, INSUMO, EVENTO, PRECO_COMBINADO, QTD )
	VALUES ( 26461641, 'Miguel Jesus', 94, 23175.02, 28732 );
INSERT INTO VENDA_INSUMO_EVENTO ( EMPRESA, INSUMO, EVENTO, PRECO_COMBINADO, QTD )
	VALUES ( 74019939, 'Esther Pires', 8, 43461.01, 26078 );
INSERT INTO VENDA_INSUMO_EVENTO ( EMPRESA, INSUMO, EVENTO, PRECO_COMBINADO, QTD )
	VALUES ( 54788727, 'Francisco Araújo', 68, 177.22, 8517 );
INSERT INTO VENDA_INSUMO_EVENTO ( EMPRESA, INSUMO, EVENTO, PRECO_COMBINADO, QTD )
	VALUES ( 54518716, 'Matheus da Mata', 64, 59204.32, 25508 );
INSERT INTO VENDA_INSUMO_EVENTO ( EMPRESA, INSUMO, EVENTO, PRECO_COMBINADO, QTD )
	VALUES ( 41886897, 'Lara Correia', 20, 67391.94, 25544 );
INSERT INTO VENDA_INSUMO_EVENTO ( EMPRESA, INSUMO, EVENTO, PRECO_COMBINADO, QTD )
	VALUES ( 34802144, 'João Miguel da Paz', 92, 39426.46, 1759 );
INSERT INTO VENDA_INSUMO_EVENTO ( EMPRESA, INSUMO, EVENTO, PRECO_COMBINADO, QTD )
	VALUES ( 61770324, 'Mariana Carvalho', 12, 98370.64, 13109 );
INSERT INTO VENDA_INSUMO_EVENTO ( EMPRESA, INSUMO, EVENTO, PRECO_COMBINADO, QTD )
	VALUES ( 89969739, 'Dr. Murilo da Mota', 40, 82106.85, 24597 );
INSERT INTO VENDA_INSUMO_EVENTO ( EMPRESA, INSUMO, EVENTO, PRECO_COMBINADO, QTD )
	VALUES ( 32097581, 'Augusto Dias', 4, 89648.67, 13983 );
INSERT INTO VENDA_INSUMO_EVENTO ( EMPRESA, INSUMO, EVENTO, PRECO_COMBINADO, QTD )
	VALUES ( 32097581, 'Sra. Valentina Nascimento', 58, 23067.88, 20623 );
INSERT INTO VENDA_INSUMO_EVENTO ( EMPRESA, INSUMO, EVENTO, PRECO_COMBINADO, QTD )
	VALUES ( 55020823, 'Francisco Araújo', 93, 46134.75, 27542 );
INSERT INTO VENDA_INSUMO_EVENTO ( EMPRESA, INSUMO, EVENTO, PRECO_COMBINADO, QTD )
	VALUES ( 89809495, 'Maria Julia da Cruz', 42, 95569.04, 2786 );
INSERT INTO VENDA_INSUMO_EVENTO ( EMPRESA, INSUMO, EVENTO, PRECO_COMBINADO, QTD )
	VALUES ( 52774451, 'Dr. Benjamin Lopes', 9, 78444.3, 32498 );
INSERT INTO VENDA_INSUMO_EVENTO ( EMPRESA, INSUMO, EVENTO, PRECO_COMBINADO, QTD )
	VALUES ( 64213067, 'Sr. Davi Luiz Teixeira', 14, 18084.93, 10203 );
INSERT INTO VENDA_INSUMO_EVENTO ( EMPRESA, INSUMO, EVENTO, PRECO_COMBINADO, QTD )
	VALUES ( 74500721, 'Renan Dias', 23, 31048.9, 7354 );
INSERT INTO VENDA_INSUMO_EVENTO ( EMPRESA, INSUMO, EVENTO, PRECO_COMBINADO, QTD )
	VALUES ( 42869011, 'Stephany Ferreira', 52, 64698.89, 11225 );
INSERT INTO VENDA_INSUMO_EVENTO ( EMPRESA, INSUMO, EVENTO, PRECO_COMBINADO, QTD )
	VALUES ( 83045452, 'Sr. Luigi da Cruz', 89, 85231.3, 30142 );
INSERT INTO VENDA_INSUMO_EVENTO ( EMPRESA, INSUMO, EVENTO, PRECO_COMBINADO, QTD )
	VALUES ( 45195532, 'Vitória Castro', 67, 36194.18, 11845 );
INSERT INTO VENDA_INSUMO_EVENTO ( EMPRESA, INSUMO, EVENTO, PRECO_COMBINADO, QTD )
	VALUES ( 37057683, 'Isabella Souza', 8, 20819.48, 25064 );
INSERT INTO VENDA_INSUMO_EVENTO ( EMPRESA, INSUMO, EVENTO, PRECO_COMBINADO, QTD )
	VALUES ( 26461641, 'Miguel Jesus', 53, 38627.87, 19732 );
INSERT INTO VENDA_INSUMO_EVENTO ( EMPRESA, INSUMO, EVENTO, PRECO_COMBINADO, QTD )
	VALUES ( 87124083, 'Maria Julia Moura', 56, 9197.94, 658 );
INSERT INTO VENDA_INSUMO_EVENTO ( EMPRESA, INSUMO, EVENTO, PRECO_COMBINADO, QTD )
	VALUES ( 38962375, 'João Gabriel Moraes', 47, 13976.11, 8917 );
INSERT INTO VENDA_INSUMO_EVENTO ( EMPRESA, INSUMO, EVENTO, PRECO_COMBINADO, QTD )
	VALUES ( 16480681, 'Augusto Dias', 22, 46425.53, 2623 );
INSERT INTO VENDA_INSUMO_EVENTO ( EMPRESA, INSUMO, EVENTO, PRECO_COMBINADO, QTD )
	VALUES ( 64213067, 'Luiz Miguel Almeida', 44, 22231.26, 648 );
INSERT INTO VENDA_INSUMO_EVENTO ( EMPRESA, INSUMO, EVENTO, PRECO_COMBINADO, QTD )
	VALUES ( 14241956, 'Nathan Cavalcanti', 12, 85212.03, 6495 );
INSERT INTO VENDA_INSUMO_EVENTO ( EMPRESA, INSUMO, EVENTO, PRECO_COMBINADO, QTD )
	VALUES ( 76330700, 'Natália da Paz', 85, 54578.2, 19126 );
INSERT INTO VENDA_INSUMO_EVENTO ( EMPRESA, INSUMO, EVENTO, PRECO_COMBINADO, QTD )
	VALUES ( 54788727, 'Francisco Araújo', 27, 67658.51, 25666 );
INSERT INTO VENDA_INSUMO_EVENTO ( EMPRESA, INSUMO, EVENTO, PRECO_COMBINADO, QTD )
	VALUES ( 19994902, 'Kaique Duarte', 43, 31116.42, 9720 );
INSERT INTO VENDA_INSUMO_EVENTO ( EMPRESA, INSUMO, EVENTO, PRECO_COMBINADO, QTD )
	VALUES ( 83045452, 'Sr. Luigi da Cruz', 74, 727.88, 26085 );

/* TABLE BRINQUEDO */
/* NULL INSERTION FOR ATTRIBUTEATIVOAT TABLEBRINQUEDO */
INSERT INTO BRINQUEDO ( NOME, VALOR, AREA, ATIVO )
	VALUES ( 'Gustavo Henrique Caldeira', 61365.55, 87667.74, NULL );
/* NULL INSERTION FOR ATTRIBUTEAREAAT TABLEBRINQUEDO */
INSERT INTO BRINQUEDO ( NOME, VALOR, AREA, ATIVO )
	VALUES ( 'Samuel Melo', 76570.14, NULL, TRUE );
/* NULL INSERTION FOR ATTRIBUTEVALORAT TABLEBRINQUEDO */
INSERT INTO BRINQUEDO ( NOME, VALOR, AREA, ATIVO )
	VALUES ( 'Joana Martins', NULL, 99936.14, FALSE );
INSERT INTO BRINQUEDO ( NOME, VALOR, AREA, ATIVO )
	VALUES ( 'Agatha Barros', 3286.51, 31403.43, TRUE );
INSERT INTO BRINQUEDO ( NOME, VALOR, AREA, ATIVO )
	VALUES ( 'Daniel Cardoso,', 83986.37, 18359.75, TRUE );
INSERT INTO BRINQUEDO ( NOME, VALOR, AREA, ATIVO )
	VALUES ( 'Pedro Miguel Correia', 76135.9, 8917.97, FALSE );
INSERT INTO BRINQUEDO ( NOME, VALOR, AREA, ATIVO )
	VALUES ( 'Nicolas da Cruz', 61191.74, 11359.77, TRUE );
INSERT INTO BRINQUEDO ( NOME, VALOR, AREA, ATIVO )
	VALUES ( 'Ana Luiza Ramos', 48489.38, 9611.88, TRUE );
INSERT INTO BRINQUEDO ( NOME, VALOR, AREA, ATIVO )
	VALUES ( 'Emanuel Lopes', 63399.69, 45837.97, FALSE );
INSERT INTO BRINQUEDO ( NOME, VALOR, AREA, ATIVO )
	VALUES ( 'Mirella Lopes', 61408.02, 82498.26, TRUE );
INSERT INTO BRINQUEDO ( NOME, VALOR, AREA, ATIVO )
	VALUES ( 'Srta. Fernanda Costa', 5250.37, 96077.19, FALSE );
INSERT INTO BRINQUEDO ( NOME, VALOR, AREA, ATIVO )
	VALUES ( 'Maitê Sales', 64323.87, 85581.5, TRUE );
INSERT INTO BRINQUEDO ( NOME, VALOR, AREA, ATIVO )
	VALUES ( 'Bruno Barros', 57426.03, 30088.0, TRUE );
INSERT INTO BRINQUEDO ( NOME, VALOR, AREA, ATIVO )
	VALUES ( 'Sra. Ana Vitória Silveira', 82046.97, 79552.21, TRUE );
INSERT INTO BRINQUEDO ( NOME, VALOR, AREA, ATIVO )
	VALUES ( 'Antônio da Rocha', 81081.96, 14493.41, FALSE );
INSERT INTO BRINQUEDO ( NOME, VALOR, AREA, ATIVO )
	VALUES ( 'Yago Caldeira', 65696.52, 40322.27, FALSE );
INSERT INTO BRINQUEDO ( NOME, VALOR, AREA, ATIVO )
	VALUES ( 'Alícia Almeida', 39764.87, 70659.55, TRUE );
INSERT INTO BRINQUEDO ( NOME, VALOR, AREA, ATIVO )
	VALUES ( 'Felipe Pereira', 64313.04, 1202.63, FALSE );
INSERT INTO BRINQUEDO ( NOME, VALOR, AREA, ATIVO )
	VALUES ( 'João Miguel Souza', 52022.82, 62681.52, TRUE );
INSERT INTO BRINQUEDO ( NOME, VALOR, AREA, ATIVO )
	VALUES ( 'Yuri Rodrigues', 72077.48, 94541.06, FALSE );
INSERT INTO BRINQUEDO ( NOME, VALOR, AREA, ATIVO )
	VALUES ( 'Enzo Carvalho', 27368.21, 88784.57, TRUE );
INSERT INTO BRINQUEDO ( NOME, VALOR, AREA, ATIVO )
	VALUES ( 'Enrico Moraes', 41836.42, 51997.38, TRUE );
INSERT INTO BRINQUEDO ( NOME, VALOR, AREA, ATIVO )
	VALUES ( 'Caroline Pereira', 53073.02, 83604.27, FALSE );
INSERT INTO BRINQUEDO ( NOME, VALOR, AREA, ATIVO )
	VALUES ( 'Letícia da Rosa', 94959.79, 97253.73, FALSE );
INSERT INTO BRINQUEDO ( NOME, VALOR, AREA, ATIVO )
	VALUES ( 'Heloísa Nunes', 30818.37, 82280.65, FALSE );
INSERT INTO BRINQUEDO ( NOME, VALOR, AREA, ATIVO )
	VALUES ( 'Luiz Fernando Cavalcanti', 89306.93, 19183.08, TRUE );
INSERT INTO BRINQUEDO ( NOME, VALOR, AREA, ATIVO )
	VALUES ( 'Sarah Silveira', 99472.72, 2063.2, TRUE );
INSERT INTO BRINQUEDO ( NOME, VALOR, AREA, ATIVO )
	VALUES ( 'Henrique Jesus', 72611.94, 62015.27, FALSE );
INSERT INTO BRINQUEDO ( NOME, VALOR, AREA, ATIVO )
	VALUES ( 'Sophie Ribeiro', 92466.91, 51131.13, FALSE );
INSERT INTO BRINQUEDO ( NOME, VALOR, AREA, ATIVO )
	VALUES ( 'Dra. Vitória Barros', 51293.32, 769.59, FALSE );
INSERT INTO BRINQUEDO ( NOME, VALOR, AREA, ATIVO )
	VALUES ( 'Bernardo Dias', 31983.0, 3677.64, TRUE );
INSERT INTO BRINQUEDO ( NOME, VALOR, AREA, ATIVO )
	VALUES ( 'Sophie Teixeira', 18873.74, 52583.74, FALSE );
INSERT INTO BRINQUEDO ( NOME, VALOR, AREA, ATIVO )
	VALUES ( 'Davi Lucas Duarte', 39220.85, 56818.35, FALSE );
INSERT INTO BRINQUEDO ( NOME, VALOR, AREA, ATIVO )
	VALUES ( 'Cauê Mendes', 40794.12, 56984.73, TRUE );
INSERT INTO BRINQUEDO ( NOME, VALOR, AREA, ATIVO )
	VALUES ( 'Maria Alice Moraes', 11403.18, 46340.91, TRUE );
INSERT INTO BRINQUEDO ( NOME, VALOR, AREA, ATIVO )
	VALUES ( 'Ana Laura Nogueira', 86855.08, 65897.54, TRUE );
INSERT INTO BRINQUEDO ( NOME, VALOR, AREA, ATIVO )
	VALUES ( 'Cauê Dias', 42655.24, 49748.85, TRUE );
INSERT INTO BRINQUEDO ( NOME, VALOR, AREA, ATIVO )
	VALUES ( 'Sra. Emanuelly Rocha', 89560.56, 13173.79, FALSE );
INSERT INTO BRINQUEDO ( NOME, VALOR, AREA, ATIVO )
	VALUES ( 'Joana Oliveira', 12543.49, 27543.0, FALSE );
INSERT INTO BRINQUEDO ( NOME, VALOR, AREA, ATIVO )
	VALUES ( 'Maria Rocha', 9811.6, 6082.66, TRUE );
INSERT INTO BRINQUEDO ( NOME, VALOR, AREA, ATIVO )
	VALUES ( 'Emanuelly Cunha', 40542.58, 24354.61, FALSE );
INSERT INTO BRINQUEDO ( NOME, VALOR, AREA, ATIVO )
	VALUES ( 'Mariane da Paz', 58403.74, 64678.56, FALSE );
INSERT INTO BRINQUEDO ( NOME, VALOR, AREA, ATIVO )
	VALUES ( 'Camila Costela', 63037.26, 90296.99, TRUE );
INSERT INTO BRINQUEDO ( NOME, VALOR, AREA, ATIVO )
	VALUES ( 'Raul Moura', 64630.13, 35474.53, FALSE );
INSERT INTO BRINQUEDO ( NOME, VALOR, AREA, ATIVO )
	VALUES ( 'Maria Cecília Cunha', 318.29, 13169.17, TRUE );
INSERT INTO BRINQUEDO ( NOME, VALOR, AREA, ATIVO )
	VALUES ( 'Brenda Almeida', 29009.49, 53375.21, TRUE );
INSERT INTO BRINQUEDO ( NOME, VALOR, AREA, ATIVO )
	VALUES ( 'Eduardo Jesus', 33773.05, 1146.31, TRUE );
INSERT INTO BRINQUEDO ( NOME, VALOR, AREA, ATIVO )
	VALUES ( 'Heloísa Cardoso', 25620.16, 7447.74, FALSE );
INSERT INTO BRINQUEDO ( NOME, VALOR, AREA, ATIVO )
	VALUES ( 'Benjamin Souza', 31989.34, 96176.09, TRUE );
INSERT INTO BRINQUEDO ( NOME, VALOR, AREA, ATIVO )
	VALUES ( 'Maria Sophia da Luz', 14755.21, 49110.81, FALSE );
INSERT INTO BRINQUEDO ( NOME, VALOR, AREA, ATIVO )
	VALUES ( 'Emilly Barbosa', 78263.28, 15112.12, TRUE );
INSERT INTO BRINQUEDO ( NOME, VALOR, AREA, ATIVO )
	VALUES ( 'Srta. Ana Lívia Correia', 95936.45, 45453.32, FALSE );
INSERT INTO BRINQUEDO ( NOME, VALOR, AREA, ATIVO )
	VALUES ( 'Carlos Eduardo Pires', 65238.02, 1270.91, TRUE );
INSERT INTO BRINQUEDO ( NOME, VALOR, AREA, ATIVO )
	VALUES ( 'Rebeca Castro', 34031.2, 45438.29, FALSE );
INSERT INTO BRINQUEDO ( NOME, VALOR, AREA, ATIVO )
	VALUES ( 'Juliana Moreira', 72180.13, 51187.46, TRUE );
INSERT INTO BRINQUEDO ( NOME, VALOR, AREA, ATIVO )
	VALUES ( 'Dra. Luna Caldeira', 44491.81, 68572.76, FALSE );
INSERT INTO BRINQUEDO ( NOME, VALOR, AREA, ATIVO )
	VALUES ( 'Dr. Raul Moraes', 39266.38, 86968.43, FALSE );
INSERT INTO BRINQUEDO ( NOME, VALOR, AREA, ATIVO )
	VALUES ( 'João Vitor da Mata', 34265.99, 40462.6, TRUE );
INSERT INTO BRINQUEDO ( NOME, VALOR, AREA, ATIVO )
	VALUES ( 'Thiago Oliveira', 28293.13, 21114.08, FALSE );
INSERT INTO BRINQUEDO ( NOME, VALOR, AREA, ATIVO )
	VALUES ( 'Rebeca Duarte', 42312.9, 66412.18, FALSE );
INSERT INTO BRINQUEDO ( NOME, VALOR, AREA, ATIVO )
	VALUES ( 'Luiz Fernando Ramos', 93162.25, 95933.69, FALSE );
INSERT INTO BRINQUEDO ( NOME, VALOR, AREA, ATIVO )
	VALUES ( 'Mariane Barbosa', 49196.45, 54856.57, FALSE );
INSERT INTO BRINQUEDO ( NOME, VALOR, AREA, ATIVO )
	VALUES ( 'Sr. João Miguel Duarte', 5300.53, 38233.84, TRUE );
INSERT INTO BRINQUEDO ( NOME, VALOR, AREA, ATIVO )
	VALUES ( 'Stella Campos', 87061.56, 26474.69, TRUE );
INSERT INTO BRINQUEDO ( NOME, VALOR, AREA, ATIVO )
	VALUES ( 'Maria Eduarda Duarte', 82594.29, 57063.94, FALSE );
INSERT INTO BRINQUEDO ( NOME, VALOR, AREA, ATIVO )
	VALUES ( 'Maria Cecília da Mota', 77427.21, 2821.22, FALSE );
INSERT INTO BRINQUEDO ( NOME, VALOR, AREA, ATIVO )
	VALUES ( 'Yuri Barros', 77389.14, 78960.62, TRUE );
INSERT INTO BRINQUEDO ( NOME, VALOR, AREA, ATIVO )
	VALUES ( 'Samuel Jesus', 83889.7, 78823.54, FALSE );
INSERT INTO BRINQUEDO ( NOME, VALOR, AREA, ATIVO )
	VALUES ( 'Bruna Lima', 9416.95, 86927.63, FALSE );
INSERT INTO BRINQUEDO ( NOME, VALOR, AREA, ATIVO )
	VALUES ( 'Heitor Dias', 93933.07, 45864.87, TRUE );
INSERT INTO BRINQUEDO ( NOME, VALOR, AREA, ATIVO )
	VALUES ( 'Dr. Cauê Gomes', 97991.73, 20532.67, FALSE );
INSERT INTO BRINQUEDO ( NOME, VALOR, AREA, ATIVO )
	VALUES ( 'Srta. Yasmin Almeida', 41610.94, 87988.04, FALSE );
INSERT INTO BRINQUEDO ( NOME, VALOR, AREA, ATIVO )
	VALUES ( 'Sr. Lucca Vieira', 83684.87, 2310.09, TRUE );
INSERT INTO BRINQUEDO ( NOME, VALOR, AREA, ATIVO )
	VALUES ( 'Maria Alice Caldeira', 66754.77, 10743.74, TRUE );
INSERT INTO BRINQUEDO ( NOME, VALOR, AREA, ATIVO )
	VALUES ( 'Sra. Maria Cecília Costa', 9401.68, 99835.64, FALSE );
INSERT INTO BRINQUEDO ( NOME, VALOR, AREA, ATIVO )
	VALUES ( 'Maria Correia', 67645.54, 67644.46, TRUE );
INSERT INTO BRINQUEDO ( NOME, VALOR, AREA, ATIVO )
	VALUES ( 'Luiz Miguel Caldeira', 6824.85, 55494.32, TRUE );
INSERT INTO BRINQUEDO ( NOME, VALOR, AREA, ATIVO )
	VALUES ( 'Cecília Ribeiro', 18443.23, 51469.6, TRUE );
INSERT INTO BRINQUEDO ( NOME, VALOR, AREA, ATIVO )
	VALUES ( 'Davi Lucas Lopes', 65903.3, 50745.41, TRUE );
INSERT INTO BRINQUEDO ( NOME, VALOR, AREA, ATIVO )
	VALUES ( 'Pedro Miguel Barros', 55172.83, 21907.13, FALSE );
INSERT INTO BRINQUEDO ( NOME, VALOR, AREA, ATIVO )
	VALUES ( 'Vitor Hugo da Paz', 95212.83, 30640.08, TRUE );
INSERT INTO BRINQUEDO ( NOME, VALOR, AREA, ATIVO )
	VALUES ( 'Dra. Milena Silva', 94560.04, 34433.36, FALSE );
INSERT INTO BRINQUEDO ( NOME, VALOR, AREA, ATIVO )
	VALUES ( 'Dr. Breno Teixeira', 14557.97, 46470.98, TRUE );
INSERT INTO BRINQUEDO ( NOME, VALOR, AREA, ATIVO )
	VALUES ( 'Sofia Monteiro', 85841.85, 83247.14, FALSE );
INSERT INTO BRINQUEDO ( NOME, VALOR, AREA, ATIVO )
	VALUES ( 'Bernardo Costela', 84993.24, 90887.76, TRUE );
INSERT INTO BRINQUEDO ( NOME, VALOR, AREA, ATIVO )
	VALUES ( 'Emanuella Pereira', 42662.22, 55653.88, TRUE );
INSERT INTO BRINQUEDO ( NOME, VALOR, AREA, ATIVO )
	VALUES ( 'Sra. Gabriela Monteiro', 95489.66, 48276.53, TRUE );
INSERT INTO BRINQUEDO ( NOME, VALOR, AREA, ATIVO )
	VALUES ( 'Pedro Gonçalves', 19153.39, 79617.69, TRUE );
INSERT INTO BRINQUEDO ( NOME, VALOR, AREA, ATIVO )
	VALUES ( 'Davi Luiz Novaes', 73670.49, 41978.98, FALSE );
INSERT INTO BRINQUEDO ( NOME, VALOR, AREA, ATIVO )
	VALUES ( 'João Lucas Caldeira', 43862.85, 8738.55, FALSE );
INSERT INTO BRINQUEDO ( NOME, VALOR, AREA, ATIVO )
	VALUES ( 'Ana Carolina Moura', 46900.92, 35434.7, TRUE );
INSERT INTO BRINQUEDO ( NOME, VALOR, AREA, ATIVO )
	VALUES ( 'Sr. João Rocha', 37375.81, 21685.2, TRUE );
INSERT INTO BRINQUEDO ( NOME, VALOR, AREA, ATIVO )
	VALUES ( 'Isis Teixeira', 14891.91, 60269.2, TRUE );
INSERT INTO BRINQUEDO ( NOME, VALOR, AREA, ATIVO )
	VALUES ( 'Bernardo Silveira', 89576.43, 92221.21, FALSE );
INSERT INTO BRINQUEDO ( NOME, VALOR, AREA, ATIVO )
	VALUES ( 'Daniela da Conceição', 9399.48, 88187.96, FALSE );
INSERT INTO BRINQUEDO ( NOME, VALOR, AREA, ATIVO )
	VALUES ( 'Amanda Lima', 78362.29, 63099.99, FALSE );
INSERT INTO BRINQUEDO ( NOME, VALOR, AREA, ATIVO )
	VALUES ( 'Maria Lima', 82158.36, 91457.35, TRUE );
INSERT INTO BRINQUEDO ( NOME, VALOR, AREA, ATIVO )
	VALUES ( 'Giovanna Costela', 79972.29, 16971.12, FALSE );
INSERT INTO BRINQUEDO ( NOME, VALOR, AREA, ATIVO )
	VALUES ( 'Ana Luiza Barros', 48676.67, 16012.33, TRUE );
INSERT INTO BRINQUEDO ( NOME, VALOR, AREA, ATIVO )
	VALUES ( 'Lucas Gabriel Rodrigues', 7317.51, 37004.33, TRUE );
INSERT INTO BRINQUEDO ( NOME, VALOR, AREA, ATIVO )
	VALUES ( 'Marina Mendes', 68271.62, 84616.37, FALSE );
INSERT INTO BRINQUEDO ( NOME, VALOR, AREA, ATIVO )
	VALUES ( 'Thales Azevedo', 28714.99, 42589.22, FALSE );
INSERT INTO BRINQUEDO ( NOME, VALOR, AREA, ATIVO )
	VALUES ( 'Sophie Cardoso', 44143.96, 81370.94, FALSE );

/* TABLE EMPRESA_BRINQUEDO */
/* NULL INSERTION FOR ATTRIBUTEATIVAAT TABLEEMPRESA_BRINQUEDO */
INSERT INTO EMPRESA_BRINQUEDO ( CNPJ, NOME, TELEFONE, ATIVA )
	VALUES ( 46137470, 'Marcos Vinicius Costela', '(38) 2462-7987', NULL );
/* NULL INSERTION FOR ATTRIBUTETELEFONEAT TABLEEMPRESA_BRINQUEDO */
INSERT INTO EMPRESA_BRINQUEDO ( CNPJ, NOME, TELEFONE, ATIVA )
	VALUES ( 30840999, 'Luna Sales', NULL, FALSE );
/* NULL INSERTION FOR ATTRIBUTENOMEAT TABLEEMPRESA_BRINQUEDO */
INSERT INTO EMPRESA_BRINQUEDO ( CNPJ, NOME, TELEFONE, ATIVA )
	VALUES ( 84585354, NULL, '(73) 3144-3444', FALSE );
INSERT INTO EMPRESA_BRINQUEDO ( CNPJ, NOME, TELEFONE, ATIVA )
	VALUES ( 21995968, 'Cecília Moreira', '(59) 0309-3025', FALSE );
INSERT INTO EMPRESA_BRINQUEDO ( CNPJ, NOME, TELEFONE, ATIVA )
	VALUES ( 75229679, 'Juliana da Paz', '(14) 4068-2838', TRUE );
INSERT INTO EMPRESA_BRINQUEDO ( CNPJ, NOME, TELEFONE, ATIVA )
	VALUES ( 18134403, 'Dra. Luiza Ramos', '(73) 0773-3066', FALSE );
INSERT INTO EMPRESA_BRINQUEDO ( CNPJ, NOME, TELEFONE, ATIVA )
	VALUES ( 26864078, 'Gabrielly Duarte', '(45) 3668-7780', TRUE );
INSERT INTO EMPRESA_BRINQUEDO ( CNPJ, NOME, TELEFONE, ATIVA )
	VALUES ( 18828170, 'Dr. Levi Azevedo', '(02) 8153-0197', FALSE );
INSERT INTO EMPRESA_BRINQUEDO ( CNPJ, NOME, TELEFONE, ATIVA )
	VALUES ( 65538215, 'Luiz Otávio Ribeiro', '(87) 0220-3390', TRUE );
INSERT INTO EMPRESA_BRINQUEDO ( CNPJ, NOME, TELEFONE, ATIVA )
	VALUES ( 85549597, 'Maria Luiza Melo', '(79) 7083-8643', TRUE );
INSERT INTO EMPRESA_BRINQUEDO ( CNPJ, NOME, TELEFONE, ATIVA )
	VALUES ( 60335552, 'Amanda FariasFernandes', '(12) 3989-6364', FALSE );
INSERT INTO EMPRESA_BRINQUEDO ( CNPJ, NOME, TELEFONE, ATIVA )
	VALUES ( 22501227, 'Dra. Sophie da Mata', '(18) 6622-6888', TRUE );
INSERT INTO EMPRESA_BRINQUEDO ( CNPJ, NOME, TELEFONE, ATIVA )
	VALUES ( 13805790, 'Yago da Mata', '(44) 9368-4895', TRUE );
INSERT INTO EMPRESA_BRINQUEDO ( CNPJ, NOME, TELEFONE, ATIVA )
	VALUES ( 14074199, 'Dra. Maria Fernanda Correia', '(57) 8290-6047', TRUE );
INSERT INTO EMPRESA_BRINQUEDO ( CNPJ, NOME, TELEFONE, ATIVA )
	VALUES ( 14417782, 'Heloísa da Mata', '(53) 6530-2507', TRUE );
INSERT INTO EMPRESA_BRINQUEDO ( CNPJ, NOME, TELEFONE, ATIVA )
	VALUES ( 33288413, 'Igor Viana', '(92) 1500-8785', FALSE );
INSERT INTO EMPRESA_BRINQUEDO ( CNPJ, NOME, TELEFONE, ATIVA )
	VALUES ( 78948847, 'Luna da Costa', '(72) 7986-9942', FALSE );
INSERT INTO EMPRESA_BRINQUEDO ( CNPJ, NOME, TELEFONE, ATIVA )
	VALUES ( 66600381, 'Emanuelly Moreira', '(36) 3194-1224', TRUE );
INSERT INTO EMPRESA_BRINQUEDO ( CNPJ, NOME, TELEFONE, ATIVA )
	VALUES ( 50978743, 'Ian Moraes', '(87) 1893-3112', TRUE );
INSERT INTO EMPRESA_BRINQUEDO ( CNPJ, NOME, TELEFONE, ATIVA )
	VALUES ( 75958517, 'Ana Júlia Monteiro', '(17) 8663-7394', TRUE );
INSERT INTO EMPRESA_BRINQUEDO ( CNPJ, NOME, TELEFONE, ATIVA )
	VALUES ( 58658710, 'Alice Freitas', '(98) 4854-5964', TRUE );
INSERT INTO EMPRESA_BRINQUEDO ( CNPJ, NOME, TELEFONE, ATIVA )
	VALUES ( 65281866, 'Ian Nunes', '(40) 7224-5458', FALSE );
INSERT INTO EMPRESA_BRINQUEDO ( CNPJ, NOME, TELEFONE, ATIVA )
	VALUES ( 56657480, 'Laís Araújo', '(52) 7286-2893', TRUE );
INSERT INTO EMPRESA_BRINQUEDO ( CNPJ, NOME, TELEFONE, ATIVA )
	VALUES ( 61418069, 'Ian Porto', '(82) 5105-7683', FALSE );
INSERT INTO EMPRESA_BRINQUEDO ( CNPJ, NOME, TELEFONE, ATIVA )
	VALUES ( 13201143, 'Dr. Carlos Eduardo Almeida', '(06) 7752-8674', TRUE );
INSERT INTO EMPRESA_BRINQUEDO ( CNPJ, NOME, TELEFONE, ATIVA )
	VALUES ( 36566030, 'Antônio da Costa', '(01) 1928-6533', TRUE );
INSERT INTO EMPRESA_BRINQUEDO ( CNPJ, NOME, TELEFONE, ATIVA )
	VALUES ( 71157086, 'Pedro Henrique da Rocha', '(59) 7576-7879', FALSE );
INSERT INTO EMPRESA_BRINQUEDO ( CNPJ, NOME, TELEFONE, ATIVA )
	VALUES ( 83503130, 'Dra. Vitória da Paz', '(60) 5580-4358', FALSE );
INSERT INTO EMPRESA_BRINQUEDO ( CNPJ, NOME, TELEFONE, ATIVA )
	VALUES ( 39607744, 'Davi Melo', '(65) 8990-0756', TRUE );
INSERT INTO EMPRESA_BRINQUEDO ( CNPJ, NOME, TELEFONE, ATIVA )
	VALUES ( 68001424, 'Brenda Monteiro', '(13) 5798-0872', TRUE );
INSERT INTO EMPRESA_BRINQUEDO ( CNPJ, NOME, TELEFONE, ATIVA )
	VALUES ( 86426861, 'Pedro Miguel da Cruz', '(66) 4412-2687', FALSE );
INSERT INTO EMPRESA_BRINQUEDO ( CNPJ, NOME, TELEFONE, ATIVA )
	VALUES ( 17501720, 'Sofia da Rosa', '(60) 9385-6844', TRUE );
INSERT INTO EMPRESA_BRINQUEDO ( CNPJ, NOME, TELEFONE, ATIVA )
	VALUES ( 60202685, 'Igor Moraes', '(53) 8883-3599', FALSE );
INSERT INTO EMPRESA_BRINQUEDO ( CNPJ, NOME, TELEFONE, ATIVA )
	VALUES ( 23152396, 'Larissa das Neves', '(19) 3875-8440', FALSE );
INSERT INTO EMPRESA_BRINQUEDO ( CNPJ, NOME, TELEFONE, ATIVA )
	VALUES ( 68154129, 'Arthur Viana', '(07) 4510-0271', FALSE );
INSERT INTO EMPRESA_BRINQUEDO ( CNPJ, NOME, TELEFONE, ATIVA )
	VALUES ( 49443967, 'Sra. Joana Pires', '(05) 2730-5014', TRUE );
INSERT INTO EMPRESA_BRINQUEDO ( CNPJ, NOME, TELEFONE, ATIVA )
	VALUES ( 81901749, 'Dra. Luna Nascimento', '(56) 3783-5446', FALSE );
INSERT INTO EMPRESA_BRINQUEDO ( CNPJ, NOME, TELEFONE, ATIVA )
	VALUES ( 58321481, 'Dr. Vicente Barbosa', '(74) 5592-1213', FALSE );
INSERT INTO EMPRESA_BRINQUEDO ( CNPJ, NOME, TELEFONE, ATIVA )
	VALUES ( 33284240, 'Theo Araújo', '(68) 1551-0828', FALSE );
INSERT INTO EMPRESA_BRINQUEDO ( CNPJ, NOME, TELEFONE, ATIVA )
	VALUES ( 82637633, 'Lucca Correia', '(94) 0452-5018', TRUE );
INSERT INTO EMPRESA_BRINQUEDO ( CNPJ, NOME, TELEFONE, ATIVA )
	VALUES ( 12066355, 'Thiago Dias', '(20) 4129-8869', FALSE );
INSERT INTO EMPRESA_BRINQUEDO ( CNPJ, NOME, TELEFONE, ATIVA )
	VALUES ( 39282744, 'Nicole Sales', '(07) 4905-2773', FALSE );
INSERT INTO EMPRESA_BRINQUEDO ( CNPJ, NOME, TELEFONE, ATIVA )
	VALUES ( 77339465, 'Carolina Rezende', '(18) 4074-9343', FALSE );
INSERT INTO EMPRESA_BRINQUEDO ( CNPJ, NOME, TELEFONE, ATIVA )
	VALUES ( 33565965, 'Leonardo FariasFernandes', '(05) 4787-0210', FALSE );
INSERT INTO EMPRESA_BRINQUEDO ( CNPJ, NOME, TELEFONE, ATIVA )
	VALUES ( 52281447, 'Fernando Gonçalves', '(82) 4944-8681', FALSE );
INSERT INTO EMPRESA_BRINQUEDO ( CNPJ, NOME, TELEFONE, ATIVA )
	VALUES ( 35927250, 'Rodrigo Lopes', '(08) 1089-7801', TRUE );
INSERT INTO EMPRESA_BRINQUEDO ( CNPJ, NOME, TELEFONE, ATIVA )
	VALUES ( 26473466, 'Leonardo Araújo', '(31) 8501-6229', TRUE );
INSERT INTO EMPRESA_BRINQUEDO ( CNPJ, NOME, TELEFONE, ATIVA )
	VALUES ( 61635441, 'Yasmin Nascimento', '(67) 5353-6894', FALSE );
INSERT INTO EMPRESA_BRINQUEDO ( CNPJ, NOME, TELEFONE, ATIVA )
	VALUES ( 51403230, 'Dr. Felipe Araújo', '(53) 4187-4522', FALSE );
INSERT INTO EMPRESA_BRINQUEDO ( CNPJ, NOME, TELEFONE, ATIVA )
	VALUES ( 25086336, 'Rafaela Melo', '(95) 3053-8984', FALSE );
INSERT INTO EMPRESA_BRINQUEDO ( CNPJ, NOME, TELEFONE, ATIVA )
	VALUES ( 58135867, 'João Pedro Cunha', '(75) 3851-9367', FALSE );
INSERT INTO EMPRESA_BRINQUEDO ( CNPJ, NOME, TELEFONE, ATIVA )
	VALUES ( 34267587, 'Thiago Barbosa', '(41) 7327-5555', FALSE );
INSERT INTO EMPRESA_BRINQUEDO ( CNPJ, NOME, TELEFONE, ATIVA )
	VALUES ( 66306585, 'Sra. Isadora Lima', '(28) 0151-7441', FALSE );
INSERT INTO EMPRESA_BRINQUEDO ( CNPJ, NOME, TELEFONE, ATIVA )
	VALUES ( 32525035, 'Emilly Castro', '(68) 1826-8128', TRUE );
INSERT INTO EMPRESA_BRINQUEDO ( CNPJ, NOME, TELEFONE, ATIVA )
	VALUES ( 30842047, 'Amanda da Paz', '(96) 0627-7013', TRUE );
INSERT INTO EMPRESA_BRINQUEDO ( CNPJ, NOME, TELEFONE, ATIVA )
	VALUES ( 34643526, 'Paulo Lima', '(10) 9059-6553', FALSE );
INSERT INTO EMPRESA_BRINQUEDO ( CNPJ, NOME, TELEFONE, ATIVA )
	VALUES ( 88118512, 'Ana Vitória Barros', '(13) 2427-6153', TRUE );
INSERT INTO EMPRESA_BRINQUEDO ( CNPJ, NOME, TELEFONE, ATIVA )
	VALUES ( 42823518, 'Dr. Vitor Lopes', '(73) 8625-0850', TRUE );
INSERT INTO EMPRESA_BRINQUEDO ( CNPJ, NOME, TELEFONE, ATIVA )
	VALUES ( 31476116, 'Erick Porto', '(73) 8084-7132', FALSE );
INSERT INTO EMPRESA_BRINQUEDO ( CNPJ, NOME, TELEFONE, ATIVA )
	VALUES ( 34408292, 'Mirella das Neves', '(32) 2694-4164', TRUE );
INSERT INTO EMPRESA_BRINQUEDO ( CNPJ, NOME, TELEFONE, ATIVA )
	VALUES ( 12413593, 'Augusto da Mata', '(41) 9960-3164', TRUE );
INSERT INTO EMPRESA_BRINQUEDO ( CNPJ, NOME, TELEFONE, ATIVA )
	VALUES ( 72559635, 'Emanuel da Rosa', '(44) 4359-1782', TRUE );
INSERT INTO EMPRESA_BRINQUEDO ( CNPJ, NOME, TELEFONE, ATIVA )
	VALUES ( 82078648, 'Francisco das Neves', '(28) 5471-9722', FALSE );
INSERT INTO EMPRESA_BRINQUEDO ( CNPJ, NOME, TELEFONE, ATIVA )
	VALUES ( 55107093, 'Mariane Cunha', '(29) 8580-3104', FALSE );
INSERT INTO EMPRESA_BRINQUEDO ( CNPJ, NOME, TELEFONE, ATIVA )
	VALUES ( 52410071, 'Sra. Luna Ribeiro', '(43) 6948-1791', FALSE );
INSERT INTO EMPRESA_BRINQUEDO ( CNPJ, NOME, TELEFONE, ATIVA )
	VALUES ( 70844044, 'Sra. Juliana Oliveira', '(66) 2083-8420', TRUE );
INSERT INTO EMPRESA_BRINQUEDO ( CNPJ, NOME, TELEFONE, ATIVA )
	VALUES ( 68472356, 'Lucas Martins', '(13) 4548-2128', TRUE );
INSERT INTO EMPRESA_BRINQUEDO ( CNPJ, NOME, TELEFONE, ATIVA )
	VALUES ( 46545754, 'Julia Melo', '(03) 6979-4561', FALSE );
INSERT INTO EMPRESA_BRINQUEDO ( CNPJ, NOME, TELEFONE, ATIVA )
	VALUES ( 57228583, 'Amanda Martins', '(44) 6002-4923', FALSE );
INSERT INTO EMPRESA_BRINQUEDO ( CNPJ, NOME, TELEFONE, ATIVA )
	VALUES ( 70524043, 'Emanuella Araújo', '(53) 4400-6299', FALSE );
INSERT INTO EMPRESA_BRINQUEDO ( CNPJ, NOME, TELEFONE, ATIVA )
	VALUES ( 74133351, 'Sra. Maria Clara Castro', '(08) 0963-8908', FALSE );
INSERT INTO EMPRESA_BRINQUEDO ( CNPJ, NOME, TELEFONE, ATIVA )
	VALUES ( 33295689, 'Ana Moraes', '(71) 8574-1977', TRUE );
INSERT INTO EMPRESA_BRINQUEDO ( CNPJ, NOME, TELEFONE, ATIVA )
	VALUES ( 12156703, 'Sophia da Costa', '(89) 2316-4217', FALSE );
INSERT INTO EMPRESA_BRINQUEDO ( CNPJ, NOME, TELEFONE, ATIVA )
	VALUES ( 63072688, 'Ana Beatriz Barros', '(45) 3637-7688', TRUE );
INSERT INTO EMPRESA_BRINQUEDO ( CNPJ, NOME, TELEFONE, ATIVA )
	VALUES ( 11666350, 'Maria Vitória da Costa', '(53) 3114-9529', FALSE );
INSERT INTO EMPRESA_BRINQUEDO ( CNPJ, NOME, TELEFONE, ATIVA )
	VALUES ( 62676798, 'Bruno Viana', '(59) 6566-1525', FALSE );
INSERT INTO EMPRESA_BRINQUEDO ( CNPJ, NOME, TELEFONE, ATIVA )
	VALUES ( 52709470, 'Sra. Marina Barbosa', '(64) 1941-5426', TRUE );
INSERT INTO EMPRESA_BRINQUEDO ( CNPJ, NOME, TELEFONE, ATIVA )
	VALUES ( 89350854, 'Ana Carolina Ribeiro', '(37) 3606-9836', TRUE );
INSERT INTO EMPRESA_BRINQUEDO ( CNPJ, NOME, TELEFONE, ATIVA )
	VALUES ( 46669151, 'Isadora Araújo', '(74) 9412-0183', TRUE );
INSERT INTO EMPRESA_BRINQUEDO ( CNPJ, NOME, TELEFONE, ATIVA )
	VALUES ( 87589285, 'Henrique da Costa', '(97) 4360-9942', TRUE );
INSERT INTO EMPRESA_BRINQUEDO ( CNPJ, NOME, TELEFONE, ATIVA )
	VALUES ( 55637084, 'Leandro Ribeiro', '(75) 2606-6651', TRUE );
INSERT INTO EMPRESA_BRINQUEDO ( CNPJ, NOME, TELEFONE, ATIVA )
	VALUES ( 21201442, 'Bárbara Cardoso,', '(13) 3928-8429', FALSE );
INSERT INTO EMPRESA_BRINQUEDO ( CNPJ, NOME, TELEFONE, ATIVA )
	VALUES ( 85948359, 'Pedro Lucas Dias', '(18) 9871-0322', TRUE );
INSERT INTO EMPRESA_BRINQUEDO ( CNPJ, NOME, TELEFONE, ATIVA )
	VALUES ( 24846983, 'Bianca Almeida', '(51) 3653-8443', TRUE );
INSERT INTO EMPRESA_BRINQUEDO ( CNPJ, NOME, TELEFONE, ATIVA )
	VALUES ( 28996809, 'Sr. Enzo Caldeira', '(80) 3065-5883', TRUE );
INSERT INTO EMPRESA_BRINQUEDO ( CNPJ, NOME, TELEFONE, ATIVA )
	VALUES ( 84958421, 'Emilly da Mota', '(04) 2531-0059', FALSE );
INSERT INTO EMPRESA_BRINQUEDO ( CNPJ, NOME, TELEFONE, ATIVA )
	VALUES ( 84716325, 'Gustavo Costela', '(52) 3904-4346', TRUE );
INSERT INTO EMPRESA_BRINQUEDO ( CNPJ, NOME, TELEFONE, ATIVA )
	VALUES ( 10971133, 'Joana Moraes', '(19) 4682-6798', FALSE );
INSERT INTO EMPRESA_BRINQUEDO ( CNPJ, NOME, TELEFONE, ATIVA )
	VALUES ( 46557430, 'Eduardo da Conceição', '(67) 8480-9646', FALSE );
INSERT INTO EMPRESA_BRINQUEDO ( CNPJ, NOME, TELEFONE, ATIVA )
	VALUES ( 87186693, 'Rebeca FariasFernandes', '(56) 4446-4749', TRUE );
INSERT INTO EMPRESA_BRINQUEDO ( CNPJ, NOME, TELEFONE, ATIVA )
	VALUES ( 32791029, 'Sra. Bárbara Correia', '(41) 5934-4446', TRUE );
INSERT INTO EMPRESA_BRINQUEDO ( CNPJ, NOME, TELEFONE, ATIVA )
	VALUES ( 11023351, 'Julia Duarte', '(76) 6371-9731', FALSE );
INSERT INTO EMPRESA_BRINQUEDO ( CNPJ, NOME, TELEFONE, ATIVA )
	VALUES ( 45756722, 'Alexia Rezende', '(63) 6525-3392', TRUE );
INSERT INTO EMPRESA_BRINQUEDO ( CNPJ, NOME, TELEFONE, ATIVA )
	VALUES ( 10817919, 'Maria Luiza da Cunha', '(43) 9392-3816', FALSE );
INSERT INTO EMPRESA_BRINQUEDO ( CNPJ, NOME, TELEFONE, ATIVA )
	VALUES ( 18199111, 'Benjamin Ferreira', '(30) 6546-6791', TRUE );
INSERT INTO EMPRESA_BRINQUEDO ( CNPJ, NOME, TELEFONE, ATIVA )
	VALUES ( 81256095, 'Heitor Rezende', '(97) 2531-0546', FALSE );
INSERT INTO EMPRESA_BRINQUEDO ( CNPJ, NOME, TELEFONE, ATIVA )
	VALUES ( 20943310, 'Sra. Maitê Lopes', '(38) 5758-4091', TRUE );
INSERT INTO EMPRESA_BRINQUEDO ( CNPJ, NOME, TELEFONE, ATIVA )
	VALUES ( 56743165, 'Ryan Vieira', '(02) 0680-8455', TRUE );
INSERT INTO EMPRESA_BRINQUEDO ( CNPJ, NOME, TELEFONE, ATIVA )
	VALUES ( 48140140, 'Rafaela Melo', '(74) 0469-9133', FALSE );
INSERT INTO EMPRESA_BRINQUEDO ( CNPJ, NOME, TELEFONE, ATIVA )
	VALUES ( 55662663, 'Gabrielly Moraes', '(28) 5247-2302', FALSE );
INSERT INTO EMPRESA_BRINQUEDO ( CNPJ, NOME, TELEFONE, ATIVA )
	VALUES ( 37831475, 'Caroline Ribeiro', '(29) 6965-6873', TRUE );
INSERT INTO EMPRESA_BRINQUEDO ( CNPJ, NOME, TELEFONE, ATIVA )
	VALUES ( 60836732, 'Sr. Lucca Lopes', '(95) 6853-0787', FALSE );
INSERT INTO EMPRESA_BRINQUEDO ( CNPJ, NOME, TELEFONE, ATIVA )
	VALUES ( 28562771, 'Giovanna Caldeira', '(24) 3544-4926', TRUE );

/* TABLE VENDA_BRINQUEDO */
/* NULL INSERTION FOR ATTRIBUTEATIVAAT TABLEVENDA_BRINQUEDO */
INSERT INTO VENDA_BRINQUEDO ( EMPRESA, BRINQUEDO, PRECO, ATIVA )
	VALUES ( 60836732, 'Maria Sophia da Luz', 52377.92, NULL );
/* NULL INSERTION FOR ATTRIBUTEPRECOAT TABLEVENDA_BRINQUEDO */
INSERT INTO VENDA_BRINQUEDO ( EMPRESA, BRINQUEDO, PRECO, ATIVA )
	VALUES ( 46669151, 'Yuri Barros', NULL, FALSE );
INSERT INTO VENDA_BRINQUEDO ( EMPRESA, BRINQUEDO, PRECO, ATIVA )
	VALUES ( 61635441, 'Pedro Miguel Correia', 47512.25, FALSE );
INSERT INTO VENDA_BRINQUEDO ( EMPRESA, BRINQUEDO, PRECO, ATIVA )
	VALUES ( 22501227, 'Emilly Barbosa', 41737.28, TRUE );
INSERT INTO VENDA_BRINQUEDO ( EMPRESA, BRINQUEDO, PRECO, ATIVA )
	VALUES ( 65538215, 'Davi Luiz Novaes', 3266.25, TRUE );
INSERT INTO VENDA_BRINQUEDO ( EMPRESA, BRINQUEDO, PRECO, ATIVA )
	VALUES ( 14074199, 'Sofia Monteiro', 76276.36, FALSE );
INSERT INTO VENDA_BRINQUEDO ( EMPRESA, BRINQUEDO, PRECO, ATIVA )
	VALUES ( 70524043, 'Srta. Yasmin Almeida', 65235.49, FALSE );
INSERT INTO VENDA_BRINQUEDO ( EMPRESA, BRINQUEDO, PRECO, ATIVA )
	VALUES ( 65281866, 'Emanuella Pereira', 12792.04, FALSE );
INSERT INTO VENDA_BRINQUEDO ( EMPRESA, BRINQUEDO, PRECO, ATIVA )
	VALUES ( 88118512, 'Ana Luiza Ramos', 57422.38, FALSE );
INSERT INTO VENDA_BRINQUEDO ( EMPRESA, BRINQUEDO, PRECO, ATIVA )
	VALUES ( 37831475, 'Luiz Fernando Cavalcanti', 80601.37, TRUE );
INSERT INTO VENDA_BRINQUEDO ( EMPRESA, BRINQUEDO, PRECO, ATIVA )
	VALUES ( 81256095, 'Camila Costela', 85977.58, TRUE );
INSERT INTO VENDA_BRINQUEDO ( EMPRESA, BRINQUEDO, PRECO, ATIVA )
	VALUES ( 56743165, 'Raul Moura', 82250.81, TRUE );
INSERT INTO VENDA_BRINQUEDO ( EMPRESA, BRINQUEDO, PRECO, ATIVA )
	VALUES ( 12413593, 'Maria Alice Caldeira', 81423.32, FALSE );
INSERT INTO VENDA_BRINQUEDO ( EMPRESA, BRINQUEDO, PRECO, ATIVA )
	VALUES ( 74133351, 'Henrique Jesus', 39177.34, FALSE );
INSERT INTO VENDA_BRINQUEDO ( EMPRESA, BRINQUEDO, PRECO, ATIVA )
	VALUES ( 60335552, 'Maria Rocha', 30358.61, TRUE );
INSERT INTO VENDA_BRINQUEDO ( EMPRESA, BRINQUEDO, PRECO, ATIVA )
	VALUES ( 58658710, 'Bernardo Costela', 31732.16, TRUE );
INSERT INTO VENDA_BRINQUEDO ( EMPRESA, BRINQUEDO, PRECO, ATIVA )
	VALUES ( 14417782, 'Srta. Fernanda Costa', 21302.43, TRUE );
INSERT INTO VENDA_BRINQUEDO ( EMPRESA, BRINQUEDO, PRECO, ATIVA )
	VALUES ( 35927250, 'Camila Costela', 40400.81, FALSE );
INSERT INTO VENDA_BRINQUEDO ( EMPRESA, BRINQUEDO, PRECO, ATIVA )
	VALUES ( 72559635, 'Luiz Fernando Ramos', 48521.38, TRUE );
INSERT INTO VENDA_BRINQUEDO ( EMPRESA, BRINQUEDO, PRECO, ATIVA )
	VALUES ( 34267587, 'Yuri Rodrigues', 21112.86, FALSE );
INSERT INTO VENDA_BRINQUEDO ( EMPRESA, BRINQUEDO, PRECO, ATIVA )
	VALUES ( 57228583, 'João Lucas Caldeira', 22349.51, TRUE );
INSERT INTO VENDA_BRINQUEDO ( EMPRESA, BRINQUEDO, PRECO, ATIVA )
	VALUES ( 11666350, 'Maria Cecília Cunha', 98876.31, FALSE );
INSERT INTO VENDA_BRINQUEDO ( EMPRESA, BRINQUEDO, PRECO, ATIVA )
	VALUES ( 32791029, 'Maria Sophia da Luz', 88614.53, FALSE );
INSERT INTO VENDA_BRINQUEDO ( EMPRESA, BRINQUEDO, PRECO, ATIVA )
	VALUES ( 14074199, 'Sr. João Rocha', 13439.56, TRUE );
INSERT INTO VENDA_BRINQUEDO ( EMPRESA, BRINQUEDO, PRECO, ATIVA )
	VALUES ( 23152396, 'Mirella Lopes', 23109.14, FALSE );
INSERT INTO VENDA_BRINQUEDO ( EMPRESA, BRINQUEDO, PRECO, ATIVA )
	VALUES ( 45756722, 'Yuri Barros', 69374.82, TRUE );
INSERT INTO VENDA_BRINQUEDO ( EMPRESA, BRINQUEDO, PRECO, ATIVA )
	VALUES ( 12066355, 'Pedro Miguel Barros', 79177.78, TRUE );
INSERT INTO VENDA_BRINQUEDO ( EMPRESA, BRINQUEDO, PRECO, ATIVA )
	VALUES ( 33288413, 'Letícia da Rosa', 54274.86, TRUE );
INSERT INTO VENDA_BRINQUEDO ( EMPRESA, BRINQUEDO, PRECO, ATIVA )
	VALUES ( 81901749, 'Maria Rocha', 42728.22, TRUE );
INSERT INTO VENDA_BRINQUEDO ( EMPRESA, BRINQUEDO, PRECO, ATIVA )
	VALUES ( 55107093, 'Pedro Miguel Correia', 56651.91, FALSE );
INSERT INTO VENDA_BRINQUEDO ( EMPRESA, BRINQUEDO, PRECO, ATIVA )
	VALUES ( 32525035, 'Sophie Ribeiro', 15086.62, TRUE );
INSERT INTO VENDA_BRINQUEDO ( EMPRESA, BRINQUEDO, PRECO, ATIVA )
	VALUES ( 34643526, 'Emanuelly Cunha', 780.8, FALSE );
INSERT INTO VENDA_BRINQUEDO ( EMPRESA, BRINQUEDO, PRECO, ATIVA )
	VALUES ( 32525035, 'Sra. Ana Vitória Silveira', 17709.06, FALSE );
INSERT INTO VENDA_BRINQUEDO ( EMPRESA, BRINQUEDO, PRECO, ATIVA )
	VALUES ( 30842047, 'Joana Oliveira', 75536.88, TRUE );
INSERT INTO VENDA_BRINQUEDO ( EMPRESA, BRINQUEDO, PRECO, ATIVA )
	VALUES ( 18828170, 'Dr. Breno Teixeira', 76660.39, FALSE );
INSERT INTO VENDA_BRINQUEDO ( EMPRESA, BRINQUEDO, PRECO, ATIVA )
	VALUES ( 66600381, 'Eduardo Jesus', 93016.24, TRUE );
INSERT INTO VENDA_BRINQUEDO ( EMPRESA, BRINQUEDO, PRECO, ATIVA )
	VALUES ( 49443967, 'Sr. Lucca Vieira', 30975.38, FALSE );
INSERT INTO VENDA_BRINQUEDO ( EMPRESA, BRINQUEDO, PRECO, ATIVA )
	VALUES ( 12156703, 'Cecília Ribeiro', 65794.68, TRUE );
INSERT INTO VENDA_BRINQUEDO ( EMPRESA, BRINQUEDO, PRECO, ATIVA )
	VALUES ( 14417782, 'Nicolas da Cruz', 37710.08, FALSE );
INSERT INTO VENDA_BRINQUEDO ( EMPRESA, BRINQUEDO, PRECO, ATIVA )
	VALUES ( 70844044, 'Emilly Barbosa', 25785.33, TRUE );
INSERT INTO VENDA_BRINQUEDO ( EMPRESA, BRINQUEDO, PRECO, ATIVA )
	VALUES ( 57228583, 'Maitê Sales', 54704.65, FALSE );
INSERT INTO VENDA_BRINQUEDO ( EMPRESA, BRINQUEDO, PRECO, ATIVA )
	VALUES ( 13805790, 'Luiz Miguel Caldeira', 38337.4, TRUE );
INSERT INTO VENDA_BRINQUEDO ( EMPRESA, BRINQUEDO, PRECO, ATIVA )
	VALUES ( 84716325, 'Mariane Barbosa', 86202.8, TRUE );
INSERT INTO VENDA_BRINQUEDO ( EMPRESA, BRINQUEDO, PRECO, ATIVA )
	VALUES ( 82078648, 'Heloísa Nunes', 98740.02, FALSE );
INSERT INTO VENDA_BRINQUEDO ( EMPRESA, BRINQUEDO, PRECO, ATIVA )
	VALUES ( 85948359, 'Maria Eduarda Duarte', 66644.69, FALSE );
INSERT INTO VENDA_BRINQUEDO ( EMPRESA, BRINQUEDO, PRECO, ATIVA )
	VALUES ( 71157086, 'Bruna Lima', 22562.32, FALSE );
INSERT INTO VENDA_BRINQUEDO ( EMPRESA, BRINQUEDO, PRECO, ATIVA )
	VALUES ( 75229679, 'Luiz Fernando Cavalcanti', 56683.63, TRUE );
INSERT INTO VENDA_BRINQUEDO ( EMPRESA, BRINQUEDO, PRECO, ATIVA )
	VALUES ( 68001424, 'Maria Sophia da Luz', 51014.06, TRUE );
INSERT INTO VENDA_BRINQUEDO ( EMPRESA, BRINQUEDO, PRECO, ATIVA )
	VALUES ( 87589285, 'Sofia Monteiro', 10118.1, FALSE );
INSERT INTO VENDA_BRINQUEDO ( EMPRESA, BRINQUEDO, PRECO, ATIVA )
	VALUES ( 61418069, 'Sophie Cardoso', 48901.63, TRUE );
INSERT INTO VENDA_BRINQUEDO ( EMPRESA, BRINQUEDO, PRECO, ATIVA )
	VALUES ( 52410071, 'Emanuelly Cunha', 37249.35, FALSE );
INSERT INTO VENDA_BRINQUEDO ( EMPRESA, BRINQUEDO, PRECO, ATIVA )
	VALUES ( 24846983, 'Dra. Luna Caldeira', 74395.07, TRUE );
INSERT INTO VENDA_BRINQUEDO ( EMPRESA, BRINQUEDO, PRECO, ATIVA )
	VALUES ( 39282744, 'Ana Luiza Barros', 57635.62, FALSE );
INSERT INTO VENDA_BRINQUEDO ( EMPRESA, BRINQUEDO, PRECO, ATIVA )
	VALUES ( 70524043, 'Giovanna Costela', 81024.05, FALSE );
INSERT INTO VENDA_BRINQUEDO ( EMPRESA, BRINQUEDO, PRECO, ATIVA )
	VALUES ( 12413593, 'Alícia Almeida', 52572.33, FALSE );
INSERT INTO VENDA_BRINQUEDO ( EMPRESA, BRINQUEDO, PRECO, ATIVA )
	VALUES ( 11666350, 'Emanuel Lopes', 31414.22, TRUE );
INSERT INTO VENDA_BRINQUEDO ( EMPRESA, BRINQUEDO, PRECO, ATIVA )
	VALUES ( 10971133, 'Sophie Ribeiro', 61882.17, FALSE );
INSERT INTO VENDA_BRINQUEDO ( EMPRESA, BRINQUEDO, PRECO, ATIVA )
	VALUES ( 34267587, 'Thales Azevedo', 75839.33, FALSE );
INSERT INTO VENDA_BRINQUEDO ( EMPRESA, BRINQUEDO, PRECO, ATIVA )
	VALUES ( 11023351, 'João Lucas Caldeira', 61677.18, TRUE );
INSERT INTO VENDA_BRINQUEDO ( EMPRESA, BRINQUEDO, PRECO, ATIVA )
	VALUES ( 66600381, 'Ana Laura Nogueira', 61032.86, TRUE );
INSERT INTO VENDA_BRINQUEDO ( EMPRESA, BRINQUEDO, PRECO, ATIVA )
	VALUES ( 12413593, 'Rebeca Duarte', 22110.85, FALSE );
INSERT INTO VENDA_BRINQUEDO ( EMPRESA, BRINQUEDO, PRECO, ATIVA )
	VALUES ( 13201143, 'Brenda Almeida', 46492.46, TRUE );
INSERT INTO VENDA_BRINQUEDO ( EMPRESA, BRINQUEDO, PRECO, ATIVA )
	VALUES ( 24846983, 'Heloísa Cardoso', 94735.82, TRUE );
INSERT INTO VENDA_BRINQUEDO ( EMPRESA, BRINQUEDO, PRECO, ATIVA )
	VALUES ( 26864078, 'Henrique Jesus', 55956.64, TRUE );
INSERT INTO VENDA_BRINQUEDO ( EMPRESA, BRINQUEDO, PRECO, ATIVA )
	VALUES ( 55637084, 'Dra. Milena Silva', 40676.87, TRUE );
INSERT INTO VENDA_BRINQUEDO ( EMPRESA, BRINQUEDO, PRECO, ATIVA )
	VALUES ( 30842047, 'Srta. Ana Lívia Correia', 57623.21, TRUE );
INSERT INTO VENDA_BRINQUEDO ( EMPRESA, BRINQUEDO, PRECO, ATIVA )
	VALUES ( 34267587, 'João Miguel Souza', 92475.61, TRUE );
INSERT INTO VENDA_BRINQUEDO ( EMPRESA, BRINQUEDO, PRECO, ATIVA )
	VALUES ( 11666350, 'Yago Caldeira', 24997.3, FALSE );
INSERT INTO VENDA_BRINQUEDO ( EMPRESA, BRINQUEDO, PRECO, ATIVA )
	VALUES ( 66600381, 'Enzo Carvalho', 60824.41, TRUE );
INSERT INTO VENDA_BRINQUEDO ( EMPRESA, BRINQUEDO, PRECO, ATIVA )
	VALUES ( 14074199, 'Marina Mendes', 47400.49, TRUE );
INSERT INTO VENDA_BRINQUEDO ( EMPRESA, BRINQUEDO, PRECO, ATIVA )
	VALUES ( 21201442, 'Dr. Breno Teixeira', 71625.41, FALSE );
INSERT INTO VENDA_BRINQUEDO ( EMPRESA, BRINQUEDO, PRECO, ATIVA )
	VALUES ( 21201442, 'Pedro Gonçalves', 33284.38, TRUE );
INSERT INTO VENDA_BRINQUEDO ( EMPRESA, BRINQUEDO, PRECO, ATIVA )
	VALUES ( 12413593, 'Vitor Hugo da Paz', 30176.75, FALSE );
INSERT INTO VENDA_BRINQUEDO ( EMPRESA, BRINQUEDO, PRECO, ATIVA )
	VALUES ( 81256095, 'Stella Campos', 1684.75, TRUE );
INSERT INTO VENDA_BRINQUEDO ( EMPRESA, BRINQUEDO, PRECO, ATIVA )
	VALUES ( 18828170, 'Dra. Vitória Barros', 76607.33, TRUE );
INSERT INTO VENDA_BRINQUEDO ( EMPRESA, BRINQUEDO, PRECO, ATIVA )
	VALUES ( 10971133, 'Lucas Gabriel Rodrigues', 97220.75, TRUE );
INSERT INTO VENDA_BRINQUEDO ( EMPRESA, BRINQUEDO, PRECO, ATIVA )
	VALUES ( 68472356, 'Heloísa Cardoso', 35664.82, FALSE );
INSERT INTO VENDA_BRINQUEDO ( EMPRESA, BRINQUEDO, PRECO, ATIVA )
	VALUES ( 36566030, 'Dra. Milena Silva', 92457.7, TRUE );
INSERT INTO VENDA_BRINQUEDO ( EMPRESA, BRINQUEDO, PRECO, ATIVA )
	VALUES ( 66306585, 'Davi Lucas Lopes', 53064.79, TRUE );
INSERT INTO VENDA_BRINQUEDO ( EMPRESA, BRINQUEDO, PRECO, ATIVA )
	VALUES ( 49443967, 'Thiago Oliveira', 44441.83, FALSE );
INSERT INTO VENDA_BRINQUEDO ( EMPRESA, BRINQUEDO, PRECO, ATIVA )
	VALUES ( 87186693, 'Agatha Barros', 71425.66, FALSE );
INSERT INTO VENDA_BRINQUEDO ( EMPRESA, BRINQUEDO, PRECO, ATIVA )
	VALUES ( 87589285, 'Samuel Jesus', 84994.99, FALSE );
INSERT INTO VENDA_BRINQUEDO ( EMPRESA, BRINQUEDO, PRECO, ATIVA )
	VALUES ( 55662663, 'Yuri Rodrigues', 47609.81, FALSE );
INSERT INTO VENDA_BRINQUEDO ( EMPRESA, BRINQUEDO, PRECO, ATIVA )
	VALUES ( 52709470, 'Maria Lima', 32982.87, FALSE );
INSERT INTO VENDA_BRINQUEDO ( EMPRESA, BRINQUEDO, PRECO, ATIVA )
	VALUES ( 51403230, 'Nicolas da Cruz', 19953.0, TRUE );
INSERT INTO VENDA_BRINQUEDO ( EMPRESA, BRINQUEDO, PRECO, ATIVA )
	VALUES ( 82637633, 'Sophie Teixeira', 52750.88, TRUE );
INSERT INTO VENDA_BRINQUEDO ( EMPRESA, BRINQUEDO, PRECO, ATIVA )
	VALUES ( 58658710, 'Ana Carolina Moura', 73355.35, FALSE );
INSERT INTO VENDA_BRINQUEDO ( EMPRESA, BRINQUEDO, PRECO, ATIVA )
	VALUES ( 55107093, 'Daniela da Conceição', 13958.49, FALSE );
INSERT INTO VENDA_BRINQUEDO ( EMPRESA, BRINQUEDO, PRECO, ATIVA )
	VALUES ( 85549597, 'Dra. Vitória Barros', 76666.88, FALSE );
INSERT INTO VENDA_BRINQUEDO ( EMPRESA, BRINQUEDO, PRECO, ATIVA )
	VALUES ( 42823518, 'Pedro Gonçalves', 38323.47, FALSE );
INSERT INTO VENDA_BRINQUEDO ( EMPRESA, BRINQUEDO, PRECO, ATIVA )
	VALUES ( 68472356, 'Mariane da Paz', 19821.45, FALSE );
INSERT INTO VENDA_BRINQUEDO ( EMPRESA, BRINQUEDO, PRECO, ATIVA )
	VALUES ( 77339465, 'Yuri Rodrigues', 86118.88, FALSE );
INSERT INTO VENDA_BRINQUEDO ( EMPRESA, BRINQUEDO, PRECO, ATIVA )
	VALUES ( 11023351, 'Dr. Raul Moraes', 93819.54, TRUE );
INSERT INTO VENDA_BRINQUEDO ( EMPRESA, BRINQUEDO, PRECO, ATIVA )
	VALUES ( 39607744, 'Luiz Fernando Ramos', 10223.06, FALSE );
INSERT INTO VENDA_BRINQUEDO ( EMPRESA, BRINQUEDO, PRECO, ATIVA )
	VALUES ( 66306585, 'João Vitor da Mata', 60020.49, FALSE );
INSERT INTO VENDA_BRINQUEDO ( EMPRESA, BRINQUEDO, PRECO, ATIVA )
	VALUES ( 65281866, 'Sra. Gabriela Monteiro', 53946.62, TRUE );
INSERT INTO VENDA_BRINQUEDO ( EMPRESA, BRINQUEDO, PRECO, ATIVA )
	VALUES ( 63072688, 'Thales Azevedo', 232.84, FALSE );
INSERT INTO VENDA_BRINQUEDO ( EMPRESA, BRINQUEDO, PRECO, ATIVA )
	VALUES ( 74133351, 'Enrico Moraes', 18363.17, FALSE );
INSERT INTO VENDA_BRINQUEDO ( EMPRESA, BRINQUEDO, PRECO, ATIVA )
	VALUES ( 14417782, 'Caroline Pereira', 4170.68, FALSE );
INSERT INTO VENDA_BRINQUEDO ( EMPRESA, BRINQUEDO, PRECO, ATIVA )
	VALUES ( 78948847, 'Maitê Sales', 37602.9, FALSE );
INSERT INTO VENDA_BRINQUEDO ( EMPRESA, BRINQUEDO, PRECO, ATIVA )
	VALUES ( 83503130, 'Maria Cecília Cunha', 70470.68, TRUE );
INSERT INTO VENDA_BRINQUEDO ( EMPRESA, BRINQUEDO, PRECO, ATIVA )
	VALUES ( 18828170, 'Cauê Dias', 69390.7, TRUE );

/* TABLE VENDA_BRINQUEDO_FORMATURA */
/* NULL INSERTION FOR ATTRIBUTEQTDAT TABLEVENDA_BRINQUEDO_FORMATURA */
INSERT INTO VENDA_BRINQUEDO_FORMATURA ( EMPRESA, BRINQUEDO, FORMATURA, PRECO_COMBINADO, QTD )
	VALUES ( 52410071, 'Emanuelly Cunha', 16, 28099.32, NULL );
/* NULL INSERTION FOR ATTRIBUTEPRECO_COMBINADOAT TABLEVENDA_BRINQUEDO_FORMATURA */
INSERT INTO VENDA_BRINQUEDO_FORMATURA ( EMPRESA, BRINQUEDO, FORMATURA, PRECO_COMBINADO, QTD )
	VALUES ( 13805790, 'Luiz Miguel Caldeira', 1, NULL, 23589 );
INSERT INTO VENDA_BRINQUEDO_FORMATURA ( EMPRESA, BRINQUEDO, FORMATURA, PRECO_COMBINADO, QTD )
	VALUES ( 55107093, 'Pedro Miguel Correia', 66, 55320.05, 8518 );
INSERT INTO VENDA_BRINQUEDO_FORMATURA ( EMPRESA, BRINQUEDO, FORMATURA, PRECO_COMBINADO, QTD )
	VALUES ( 11666350, 'Emanuel Lopes', 59, 75535.46, 23615 );
INSERT INTO VENDA_BRINQUEDO_FORMATURA ( EMPRESA, BRINQUEDO, FORMATURA, PRECO_COMBINADO, QTD )
	VALUES ( 58658710, 'Ana Carolina Moura', 72, 84434.3, 24783 );
INSERT INTO VENDA_BRINQUEDO_FORMATURA ( EMPRESA, BRINQUEDO, FORMATURA, PRECO_COMBINADO, QTD )
	VALUES ( 77339465, 'Yuri Rodrigues', 41, 30212.88, 5945 );
INSERT INTO VENDA_BRINQUEDO_FORMATURA ( EMPRESA, BRINQUEDO, FORMATURA, PRECO_COMBINADO, QTD )
	VALUES ( 24846983, 'Heloísa Cardoso', 28, 89734.85, 23882 );
INSERT INTO VENDA_BRINQUEDO_FORMATURA ( EMPRESA, BRINQUEDO, FORMATURA, PRECO_COMBINADO, QTD )
	VALUES ( 56743165, 'Raul Moura', 21, 14712.62, 20462 );
INSERT INTO VENDA_BRINQUEDO_FORMATURA ( EMPRESA, BRINQUEDO, FORMATURA, PRECO_COMBINADO, QTD )
	VALUES ( 66600381, 'Enzo Carvalho', 89, 56158.63, 11305 );
INSERT INTO VENDA_BRINQUEDO_FORMATURA ( EMPRESA, BRINQUEDO, FORMATURA, PRECO_COMBINADO, QTD )
	VALUES ( 61635441, 'Pedro Miguel Correia', 79, 47635.54, 29813 );
INSERT INTO VENDA_BRINQUEDO_FORMATURA ( EMPRESA, BRINQUEDO, FORMATURA, PRECO_COMBINADO, QTD )
	VALUES ( 87186693, 'Agatha Barros', 35, 98787.51, 14921 );
INSERT INTO VENDA_BRINQUEDO_FORMATURA ( EMPRESA, BRINQUEDO, FORMATURA, PRECO_COMBINADO, QTD )
	VALUES ( 11666350, 'Yago Caldeira', 20, 26221.14, 2417 );
INSERT INTO VENDA_BRINQUEDO_FORMATURA ( EMPRESA, BRINQUEDO, FORMATURA, PRECO_COMBINADO, QTD )
	VALUES ( 32525035, 'Sophie Ribeiro', 77, 13141.79, 17545 );
INSERT INTO VENDA_BRINQUEDO_FORMATURA ( EMPRESA, BRINQUEDO, FORMATURA, PRECO_COMBINADO, QTD )
	VALUES ( 58658710, 'Bernardo Costela', 46, 79492.08, 13897 );
INSERT INTO VENDA_BRINQUEDO_FORMATURA ( EMPRESA, BRINQUEDO, FORMATURA, PRECO_COMBINADO, QTD )
	VALUES ( 51403230, 'Nicolas da Cruz', 6, 61422.62, 26784 );
INSERT INTO VENDA_BRINQUEDO_FORMATURA ( EMPRESA, BRINQUEDO, FORMATURA, PRECO_COMBINADO, QTD )
	VALUES ( 72559635, 'Luiz Fernando Ramos', 19, 42045.09, 29676 );
INSERT INTO VENDA_BRINQUEDO_FORMATURA ( EMPRESA, BRINQUEDO, FORMATURA, PRECO_COMBINADO, QTD )
	VALUES ( 11666350, 'Emanuel Lopes', 74, 42220.25, 6138 );
INSERT INTO VENDA_BRINQUEDO_FORMATURA ( EMPRESA, BRINQUEDO, FORMATURA, PRECO_COMBINADO, QTD )
	VALUES ( 84716325, 'Mariane Barbosa', 4, 47233.24, 32499 );
INSERT INTO VENDA_BRINQUEDO_FORMATURA ( EMPRESA, BRINQUEDO, FORMATURA, PRECO_COMBINADO, QTD )
	VALUES ( 70524043, 'Giovanna Costela', 15, 86583.77, 4125 );
INSERT INTO VENDA_BRINQUEDO_FORMATURA ( EMPRESA, BRINQUEDO, FORMATURA, PRECO_COMBINADO, QTD )
	VALUES ( 55107093, 'Daniela da Conceição', 78, 29200.07, 983 );
INSERT INTO VENDA_BRINQUEDO_FORMATURA ( EMPRESA, BRINQUEDO, FORMATURA, PRECO_COMBINADO, QTD )
	VALUES ( 21201442, 'Dr. Breno Teixeira', 81, 60443.65, 12609 );
INSERT INTO VENDA_BRINQUEDO_FORMATURA ( EMPRESA, BRINQUEDO, FORMATURA, PRECO_COMBINADO, QTD )
	VALUES ( 14417782, 'Srta. Fernanda Costa', 14, 26582.4, 15176 );
INSERT INTO VENDA_BRINQUEDO_FORMATURA ( EMPRESA, BRINQUEDO, FORMATURA, PRECO_COMBINADO, QTD )
	VALUES ( 12066355, 'Pedro Miguel Barros', 22, 83507.3, 16905 );
INSERT INTO VENDA_BRINQUEDO_FORMATURA ( EMPRESA, BRINQUEDO, FORMATURA, PRECO_COMBINADO, QTD )
	VALUES ( 13201143, 'Brenda Almeida', 57, 56591.57, 7161 );
INSERT INTO VENDA_BRINQUEDO_FORMATURA ( EMPRESA, BRINQUEDO, FORMATURA, PRECO_COMBINADO, QTD )
	VALUES ( 85549597, 'Dra. Vitória Barros', 37, 84897.02, 24048 );
INSERT INTO VENDA_BRINQUEDO_FORMATURA ( EMPRESA, BRINQUEDO, FORMATURA, PRECO_COMBINADO, QTD )
	VALUES ( 34267587, 'Yuri Rodrigues', 36, 81675.45, 17283 );
INSERT INTO VENDA_BRINQUEDO_FORMATURA ( EMPRESA, BRINQUEDO, FORMATURA, PRECO_COMBINADO, QTD )
	VALUES ( 34267587, 'Thales Azevedo', 31, 34233.8, 6381 );
INSERT INTO VENDA_BRINQUEDO_FORMATURA ( EMPRESA, BRINQUEDO, FORMATURA, PRECO_COMBINADO, QTD )
	VALUES ( 14417782, 'Caroline Pereira', 78, 95281.0, 29936 );
INSERT INTO VENDA_BRINQUEDO_FORMATURA ( EMPRESA, BRINQUEDO, FORMATURA, PRECO_COMBINADO, QTD )
	VALUES ( 26864078, 'Henrique Jesus', 100, 29739.64, 17398 );
INSERT INTO VENDA_BRINQUEDO_FORMATURA ( EMPRESA, BRINQUEDO, FORMATURA, PRECO_COMBINADO, QTD )
	VALUES ( 60335552, 'Maria Rocha', 37, 67918.63, 2455 );
INSERT INTO VENDA_BRINQUEDO_FORMATURA ( EMPRESA, BRINQUEDO, FORMATURA, PRECO_COMBINADO, QTD )
	VALUES ( 34267587, 'João Miguel Souza', 3, 56264.22, 12680 );
INSERT INTO VENDA_BRINQUEDO_FORMATURA ( EMPRESA, BRINQUEDO, FORMATURA, PRECO_COMBINADO, QTD )
	VALUES ( 70844044, 'Emilly Barbosa', 53, 88579.34, 16827 );
INSERT INTO VENDA_BRINQUEDO_FORMATURA ( EMPRESA, BRINQUEDO, FORMATURA, PRECO_COMBINADO, QTD )
	VALUES ( 87186693, 'Agatha Barros', 44, 65989.49, 1110 );
INSERT INTO VENDA_BRINQUEDO_FORMATURA ( EMPRESA, BRINQUEDO, FORMATURA, PRECO_COMBINADO, QTD )
	VALUES ( 18828170, 'Dr. Breno Teixeira', 47, 36232.42, 9383 );
INSERT INTO VENDA_BRINQUEDO_FORMATURA ( EMPRESA, BRINQUEDO, FORMATURA, PRECO_COMBINADO, QTD )
	VALUES ( 52709470, 'Maria Lima', 21, 77389.46, 30908 );
INSERT INTO VENDA_BRINQUEDO_FORMATURA ( EMPRESA, BRINQUEDO, FORMATURA, PRECO_COMBINADO, QTD )
	VALUES ( 66600381, 'Ana Laura Nogueira', 93, 23456.36, 10931 );
INSERT INTO VENDA_BRINQUEDO_FORMATURA ( EMPRESA, BRINQUEDO, FORMATURA, PRECO_COMBINADO, QTD )
	VALUES ( 42823518, 'Pedro Gonçalves', 82, 96919.54, 28517 );
INSERT INTO VENDA_BRINQUEDO_FORMATURA ( EMPRESA, BRINQUEDO, FORMATURA, PRECO_COMBINADO, QTD )
	VALUES ( 21201442, 'Pedro Gonçalves', 7, 85215.62, 5867 );
INSERT INTO VENDA_BRINQUEDO_FORMATURA ( EMPRESA, BRINQUEDO, FORMATURA, PRECO_COMBINADO, QTD )
	VALUES ( 36566030, 'Dra. Milena Silva', 88, 90878.99, 868 );
INSERT INTO VENDA_BRINQUEDO_FORMATURA ( EMPRESA, BRINQUEDO, FORMATURA, PRECO_COMBINADO, QTD )
	VALUES ( 85948359, 'Maria Eduarda Duarte', 23, 78367.17, 27394 );
INSERT INTO VENDA_BRINQUEDO_FORMATURA ( EMPRESA, BRINQUEDO, FORMATURA, PRECO_COMBINADO, QTD )
	VALUES ( 63072688, 'Thales Azevedo', 53, 45314.76, 23361 );
INSERT INTO VENDA_BRINQUEDO_FORMATURA ( EMPRESA, BRINQUEDO, FORMATURA, PRECO_COMBINADO, QTD )
	VALUES ( 39282744, 'Ana Luiza Barros', 22, 67282.07, 26963 );
INSERT INTO VENDA_BRINQUEDO_FORMATURA ( EMPRESA, BRINQUEDO, FORMATURA, PRECO_COMBINADO, QTD )
	VALUES ( 87589285, 'Sofia Monteiro', 44, 85817.52, 14058 );
INSERT INTO VENDA_BRINQUEDO_FORMATURA ( EMPRESA, BRINQUEDO, FORMATURA, PRECO_COMBINADO, QTD )
	VALUES ( 14417782, 'Caroline Pereira', 50, 38961.04, 24734 );
INSERT INTO VENDA_BRINQUEDO_FORMATURA ( EMPRESA, BRINQUEDO, FORMATURA, PRECO_COMBINADO, QTD )
	VALUES ( 45756722, 'Yuri Barros', 14, 33800.44, 6456 );
INSERT INTO VENDA_BRINQUEDO_FORMATURA ( EMPRESA, BRINQUEDO, FORMATURA, PRECO_COMBINADO, QTD )
	VALUES ( 32525035, 'Sophie Ribeiro', 60, 36622.39, 27335 );
INSERT INTO VENDA_BRINQUEDO_FORMATURA ( EMPRESA, BRINQUEDO, FORMATURA, PRECO_COMBINADO, QTD )
	VALUES ( 49443967, 'Thiago Oliveira', 24, 84132.44, 22618 );
INSERT INTO VENDA_BRINQUEDO_FORMATURA ( EMPRESA, BRINQUEDO, FORMATURA, PRECO_COMBINADO, QTD )
	VALUES ( 82078648, 'Heloísa Nunes', 64, 789.65, 15104 );
INSERT INTO VENDA_BRINQUEDO_FORMATURA ( EMPRESA, BRINQUEDO, FORMATURA, PRECO_COMBINADO, QTD )
	VALUES ( 88118512, 'Ana Luiza Ramos', 57, 11702.55, 11847 );
INSERT INTO VENDA_BRINQUEDO_FORMATURA ( EMPRESA, BRINQUEDO, FORMATURA, PRECO_COMBINADO, QTD )
	VALUES ( 63072688, 'Thales Azevedo', 52, 72699.94, 32314 );
INSERT INTO VENDA_BRINQUEDO_FORMATURA ( EMPRESA, BRINQUEDO, FORMATURA, PRECO_COMBINADO, QTD )
	VALUES ( 37831475, 'Luiz Fernando Cavalcanti', 17, 22171.47, 26775 );
INSERT INTO VENDA_BRINQUEDO_FORMATURA ( EMPRESA, BRINQUEDO, FORMATURA, PRECO_COMBINADO, QTD )
	VALUES ( 57228583, 'Maitê Sales', 86, 44783.14, 21933 );
INSERT INTO VENDA_BRINQUEDO_FORMATURA ( EMPRESA, BRINQUEDO, FORMATURA, PRECO_COMBINADO, QTD )
	VALUES ( 52709470, 'Maria Lima', 70, 7951.15, 25 );
INSERT INTO VENDA_BRINQUEDO_FORMATURA ( EMPRESA, BRINQUEDO, FORMATURA, PRECO_COMBINADO, QTD )
	VALUES ( 81256095, 'Stella Campos', 50, 34150.6, 25845 );
INSERT INTO VENDA_BRINQUEDO_FORMATURA ( EMPRESA, BRINQUEDO, FORMATURA, PRECO_COMBINADO, QTD )
	VALUES ( 21201442, 'Dr. Breno Teixeira', 98, 8669.8, 29187 );
INSERT INTO VENDA_BRINQUEDO_FORMATURA ( EMPRESA, BRINQUEDO, FORMATURA, PRECO_COMBINADO, QTD )
	VALUES ( 12413593, 'Maria Alice Caldeira', 87, 38196.53, 18952 );
INSERT INTO VENDA_BRINQUEDO_FORMATURA ( EMPRESA, BRINQUEDO, FORMATURA, PRECO_COMBINADO, QTD )
	VALUES ( 74133351, 'Enrico Moraes', 79, 13778.05, 26411 );
INSERT INTO VENDA_BRINQUEDO_FORMATURA ( EMPRESA, BRINQUEDO, FORMATURA, PRECO_COMBINADO, QTD )
	VALUES ( 82637633, 'Sophie Teixeira', 36, 76015.39, 32181 );
INSERT INTO VENDA_BRINQUEDO_FORMATURA ( EMPRESA, BRINQUEDO, FORMATURA, PRECO_COMBINADO, QTD )
	VALUES ( 82637633, 'Sophie Teixeira', 25, 84437.28, 10260 );
INSERT INTO VENDA_BRINQUEDO_FORMATURA ( EMPRESA, BRINQUEDO, FORMATURA, PRECO_COMBINADO, QTD )
	VALUES ( 11666350, 'Maria Cecília Cunha', 80, 12479.9, 4342 );
INSERT INTO VENDA_BRINQUEDO_FORMATURA ( EMPRESA, BRINQUEDO, FORMATURA, PRECO_COMBINADO, QTD )
	VALUES ( 66600381, 'Eduardo Jesus', 81, 91593.56, 1833 );
INSERT INTO VENDA_BRINQUEDO_FORMATURA ( EMPRESA, BRINQUEDO, FORMATURA, PRECO_COMBINADO, QTD )
	VALUES ( 21201442, 'Pedro Gonçalves', 55, 96845.25, 6541 );
INSERT INTO VENDA_BRINQUEDO_FORMATURA ( EMPRESA, BRINQUEDO, FORMATURA, PRECO_COMBINADO, QTD )
	VALUES ( 14074199, 'Sr. João Rocha', 45, 26838.91, 22298 );
INSERT INTO VENDA_BRINQUEDO_FORMATURA ( EMPRESA, BRINQUEDO, FORMATURA, PRECO_COMBINADO, QTD )
	VALUES ( 22501227, 'Emilly Barbosa', 17, 54520.75, 14038 );
INSERT INTO VENDA_BRINQUEDO_FORMATURA ( EMPRESA, BRINQUEDO, FORMATURA, PRECO_COMBINADO, QTD )
	VALUES ( 55637084, 'Dra. Milena Silva', 76, 73091.03, 21018 );
INSERT INTO VENDA_BRINQUEDO_FORMATURA ( EMPRESA, BRINQUEDO, FORMATURA, PRECO_COMBINADO, QTD )
	VALUES ( 37831475, 'Luiz Fernando Cavalcanti', 84, 82983.7, 6653 );
INSERT INTO VENDA_BRINQUEDO_FORMATURA ( EMPRESA, BRINQUEDO, FORMATURA, PRECO_COMBINADO, QTD )
	VALUES ( 71157086, 'Bruna Lima', 37, 8711.44, 5225 );
INSERT INTO VENDA_BRINQUEDO_FORMATURA ( EMPRESA, BRINQUEDO, FORMATURA, PRECO_COMBINADO, QTD )
	VALUES ( 11023351, 'João Lucas Caldeira', 61, 34416.73, 10592 );
INSERT INTO VENDA_BRINQUEDO_FORMATURA ( EMPRESA, BRINQUEDO, FORMATURA, PRECO_COMBINADO, QTD )
	VALUES ( 65281866, 'Emanuella Pereira', 80, 22597.68, 3397 );
INSERT INTO VENDA_BRINQUEDO_FORMATURA ( EMPRESA, BRINQUEDO, FORMATURA, PRECO_COMBINADO, QTD )
	VALUES ( 18828170, 'Cauê Dias', 52, 11040.85, 26522 );
INSERT INTO VENDA_BRINQUEDO_FORMATURA ( EMPRESA, BRINQUEDO, FORMATURA, PRECO_COMBINADO, QTD )
	VALUES ( 49443967, 'Sr. Lucca Vieira', 32, 83191.53, 6475 );
INSERT INTO VENDA_BRINQUEDO_FORMATURA ( EMPRESA, BRINQUEDO, FORMATURA, PRECO_COMBINADO, QTD )
	VALUES ( 65281866, 'Sra. Gabriela Monteiro', 76, 43625.69, 5197 );
INSERT INTO VENDA_BRINQUEDO_FORMATURA ( EMPRESA, BRINQUEDO, FORMATURA, PRECO_COMBINADO, QTD )
	VALUES ( 14074199, 'Sofia Monteiro', 29, 70569.81, 14181 );
INSERT INTO VENDA_BRINQUEDO_FORMATURA ( EMPRESA, BRINQUEDO, FORMATURA, PRECO_COMBINADO, QTD )
	VALUES ( 24846983, 'Dra. Luna Caldeira', 18, 19940.68, 28841 );
INSERT INTO VENDA_BRINQUEDO_FORMATURA ( EMPRESA, BRINQUEDO, FORMATURA, PRECO_COMBINADO, QTD )
	VALUES ( 84716325, 'Mariane Barbosa', 33, 75921.8, 1765 );
INSERT INTO VENDA_BRINQUEDO_FORMATURA ( EMPRESA, BRINQUEDO, FORMATURA, PRECO_COMBINADO, QTD )
	VALUES ( 14074199, 'Marina Mendes', 16, 95693.83, 11305 );
INSERT INTO VENDA_BRINQUEDO_FORMATURA ( EMPRESA, BRINQUEDO, FORMATURA, PRECO_COMBINADO, QTD )
	VALUES ( 81901749, 'Maria Rocha', 21, 90135.13, 13729 );
INSERT INTO VENDA_BRINQUEDO_FORMATURA ( EMPRESA, BRINQUEDO, FORMATURA, PRECO_COMBINADO, QTD )
	VALUES ( 11666350, 'Maria Cecília Cunha', 12, 51845.42, 15415 );
INSERT INTO VENDA_BRINQUEDO_FORMATURA ( EMPRESA, BRINQUEDO, FORMATURA, PRECO_COMBINADO, QTD )
	VALUES ( 87589285, 'Sofia Monteiro', 40, 66431.98, 15666 );
INSERT INTO VENDA_BRINQUEDO_FORMATURA ( EMPRESA, BRINQUEDO, FORMATURA, PRECO_COMBINADO, QTD )
	VALUES ( 11023351, 'João Lucas Caldeira', 38, 20214.48, 15972 );
INSERT INTO VENDA_BRINQUEDO_FORMATURA ( EMPRESA, BRINQUEDO, FORMATURA, PRECO_COMBINADO, QTD )
	VALUES ( 88118512, 'Ana Luiza Ramos', 27, 53896.13, 32484 );
INSERT INTO VENDA_BRINQUEDO_FORMATURA ( EMPRESA, BRINQUEDO, FORMATURA, PRECO_COMBINADO, QTD )
	VALUES ( 81256095, 'Camila Costela', 43, 53669.22, 14013 );
INSERT INTO VENDA_BRINQUEDO_FORMATURA ( EMPRESA, BRINQUEDO, FORMATURA, PRECO_COMBINADO, QTD )
	VALUES ( 30842047, 'Joana Oliveira', 80, 32110.15, 284 );
INSERT INTO VENDA_BRINQUEDO_FORMATURA ( EMPRESA, BRINQUEDO, FORMATURA, PRECO_COMBINADO, QTD )
	VALUES ( 77339465, 'Yuri Rodrigues', 90, 35035.17, 24106 );
INSERT INTO VENDA_BRINQUEDO_FORMATURA ( EMPRESA, BRINQUEDO, FORMATURA, PRECO_COMBINADO, QTD )
	VALUES ( 32525035, 'Sra. Ana Vitória Silveira', 31, 53892.55, 27251 );
INSERT INTO VENDA_BRINQUEDO_FORMATURA ( EMPRESA, BRINQUEDO, FORMATURA, PRECO_COMBINADO, QTD )
	VALUES ( 34267587, 'João Miguel Souza', 51, 56999.75, 29554 );
INSERT INTO VENDA_BRINQUEDO_FORMATURA ( EMPRESA, BRINQUEDO, FORMATURA, PRECO_COMBINADO, QTD )
	VALUES ( 81256095, 'Camila Costela', 34, 74848.55, 27321 );
INSERT INTO VENDA_BRINQUEDO_FORMATURA ( EMPRESA, BRINQUEDO, FORMATURA, PRECO_COMBINADO, QTD )
	VALUES ( 12156703, 'Cecília Ribeiro', 31, 10558.26, 30621 );
INSERT INTO VENDA_BRINQUEDO_FORMATURA ( EMPRESA, BRINQUEDO, FORMATURA, PRECO_COMBINADO, QTD )
	VALUES ( 10971133, 'Sophie Ribeiro', 31, 197.55, 13235 );
INSERT INTO VENDA_BRINQUEDO_FORMATURA ( EMPRESA, BRINQUEDO, FORMATURA, PRECO_COMBINADO, QTD )
	VALUES ( 18828170, 'Cauê Dias', 48, 64866.06, 8750 );
INSERT INTO VENDA_BRINQUEDO_FORMATURA ( EMPRESA, BRINQUEDO, FORMATURA, PRECO_COMBINADO, QTD )
	VALUES ( 63072688, 'Thales Azevedo', 96, 95238.42, 10604 );
INSERT INTO VENDA_BRINQUEDO_FORMATURA ( EMPRESA, BRINQUEDO, FORMATURA, PRECO_COMBINADO, QTD )
	VALUES ( 55107093, 'Daniela da Conceição', 11, 66644.6, 29588 );
INSERT INTO VENDA_BRINQUEDO_FORMATURA ( EMPRESA, BRINQUEDO, FORMATURA, PRECO_COMBINADO, QTD )
	VALUES ( 61418069, 'Sophie Cardoso', 70, 49913.52, 22056 );
INSERT INTO VENDA_BRINQUEDO_FORMATURA ( EMPRESA, BRINQUEDO, FORMATURA, PRECO_COMBINADO, QTD )
	VALUES ( 68472356, 'Heloísa Cardoso', 52, 45075.71, 18769 );
INSERT INTO VENDA_BRINQUEDO_FORMATURA ( EMPRESA, BRINQUEDO, FORMATURA, PRECO_COMBINADO, QTD )
	VALUES ( 65538215, 'Davi Luiz Novaes', 19, 46677.6, 17105 );
INSERT INTO VENDA_BRINQUEDO_FORMATURA ( EMPRESA, BRINQUEDO, FORMATURA, PRECO_COMBINADO, QTD )
	VALUES ( 18828170, 'Dr. Breno Teixeira', 97, 58712.37, 17484 );
INSERT INTO VENDA_BRINQUEDO_FORMATURA ( EMPRESA, BRINQUEDO, FORMATURA, PRECO_COMBINADO, QTD )
	VALUES ( 33288413, 'Letícia da Rosa', 33, 29730.34, 22046 );
INSERT INTO VENDA_BRINQUEDO_FORMATURA ( EMPRESA, BRINQUEDO, FORMATURA, PRECO_COMBINADO, QTD )
	VALUES ( 18828170, 'Cauê Dias', 94, 24027.66, 4569 );
INSERT INTO VENDA_BRINQUEDO_FORMATURA ( EMPRESA, BRINQUEDO, FORMATURA, PRECO_COMBINADO, QTD )
	VALUES ( 42823518, 'Pedro Gonçalves', 75, 26436.35, 13983 );
INSERT INTO VENDA_BRINQUEDO_FORMATURA ( EMPRESA, BRINQUEDO, FORMATURA, PRECO_COMBINADO, QTD )
	VALUES ( 34267587, 'Yuri Rodrigues', 85, 46530.93, 25679 );
INSERT INTO VENDA_BRINQUEDO_FORMATURA ( EMPRESA, BRINQUEDO, FORMATURA, PRECO_COMBINADO, QTD )
	VALUES ( 87589285, 'Samuel Jesus', 44, 13384.3, 16527 );
INSERT INTO VENDA_BRINQUEDO_FORMATURA ( EMPRESA, BRINQUEDO, FORMATURA, PRECO_COMBINADO, QTD )
	VALUES ( 68001424, 'Maria Sophia da Luz', 84, 23769.27, 22620 );

/* TABLE PRESENTE */
/* NULL INSERTION FOR ATTRIBUTEATIVOAT TABLEPRESENTE */
INSERT INTO PRESENTE ( NOME, VALOR, ATIVO )
	VALUES ( 'Pietra Ribeiro', 47759.3, NULL );
/* NULL INSERTION FOR ATTRIBUTEVALORAT TABLEPRESENTE */
INSERT INTO PRESENTE ( NOME, VALOR, ATIVO )
	VALUES ( 'Evelyn da Rosa', NULL, TRUE );
INSERT INTO PRESENTE ( NOME, VALOR, ATIVO )
	VALUES ( 'Francisco Cunha', 26248.47, TRUE );
INSERT INTO PRESENTE ( NOME, VALOR, ATIVO )
	VALUES ( 'Renan Nogueira', 9940.24, FALSE );
INSERT INTO PRESENTE ( NOME, VALOR, ATIVO )
	VALUES ( 'Natália Nogueira', 28735.82, TRUE );
INSERT INTO PRESENTE ( NOME, VALOR, ATIVO )
	VALUES ( 'Sra. Maria Vitória Campos', 92970.84, TRUE );
INSERT INTO PRESENTE ( NOME, VALOR, ATIVO )
	VALUES ( 'Pietra Rezende', 96143.84, TRUE );
INSERT INTO PRESENTE ( NOME, VALOR, ATIVO )
	VALUES ( 'Srta. Nina Vieira', 77398.22, TRUE );
INSERT INTO PRESENTE ( NOME, VALOR, ATIVO )
	VALUES ( 'Luiz Gustavo Silva', 77448.21, TRUE );
INSERT INTO PRESENTE ( NOME, VALOR, ATIVO )
	VALUES ( 'Isadora Melo', 78608.19, FALSE );
INSERT INTO PRESENTE ( NOME, VALOR, ATIVO )
	VALUES ( 'Maria Clara Novaes', 77107.3, TRUE );
INSERT INTO PRESENTE ( NOME, VALOR, ATIVO )
	VALUES ( 'Augusto Cunha', 22152.76, TRUE );
INSERT INTO PRESENTE ( NOME, VALOR, ATIVO )
	VALUES ( 'Marcela Alves', 35290.39, FALSE );
INSERT INTO PRESENTE ( NOME, VALOR, ATIVO )
	VALUES ( 'Luiza Cardoso', 68469.72, TRUE );
INSERT INTO PRESENTE ( NOME, VALOR, ATIVO )
	VALUES ( 'Ana Vitória Aragão', 13667.4, FALSE );
INSERT INTO PRESENTE ( NOME, VALOR, ATIVO )
	VALUES ( 'Calebe Costa', 33053.54, FALSE );
INSERT INTO PRESENTE ( NOME, VALOR, ATIVO )
	VALUES ( 'Luana da Mota', 85105.54, FALSE );
INSERT INTO PRESENTE ( NOME, VALOR, ATIVO )
	VALUES ( 'Miguel Monteiro', 26519.0, FALSE );
INSERT INTO PRESENTE ( NOME, VALOR, ATIVO )
	VALUES ( 'Sr. Luiz Otávio Costela', 58561.87, TRUE );
INSERT INTO PRESENTE ( NOME, VALOR, ATIVO )
	VALUES ( 'Ana Lívia da Luz', 93796.21, FALSE );
INSERT INTO PRESENTE ( NOME, VALOR, ATIVO )
	VALUES ( 'Mariana das Neves', 72245.05, FALSE );
INSERT INTO PRESENTE ( NOME, VALOR, ATIVO )
	VALUES ( 'Srta. Catarina Sales', 85575.96, FALSE );
INSERT INTO PRESENTE ( NOME, VALOR, ATIVO )
	VALUES ( 'João Vitor Teixeira', 32864.26, FALSE );
INSERT INTO PRESENTE ( NOME, VALOR, ATIVO )
	VALUES ( 'Vitor Gabriel Cardoso,', 96907.39, FALSE );
INSERT INTO PRESENTE ( NOME, VALOR, ATIVO )
	VALUES ( 'Clara da Costa', 29554.65, FALSE );
INSERT INTO PRESENTE ( NOME, VALOR, ATIVO )
	VALUES ( 'Júlia Mendes', 67252.5, TRUE );
INSERT INTO PRESENTE ( NOME, VALOR, ATIVO )
	VALUES ( 'Otávio Ramos', 53295.09, FALSE );
INSERT INTO PRESENTE ( NOME, VALOR, ATIVO )
	VALUES ( 'Dr. Henrique Martins', 22119.56, FALSE );
INSERT INTO PRESENTE ( NOME, VALOR, ATIVO )
	VALUES ( 'Bruna das Neves', 88230.09, FALSE );
INSERT INTO PRESENTE ( NOME, VALOR, ATIVO )
	VALUES ( 'Yago Teixeira', 89249.53, TRUE );
INSERT INTO PRESENTE ( NOME, VALOR, ATIVO )
	VALUES ( 'Lorena da Cunha', 8000.46, FALSE );
INSERT INTO PRESENTE ( NOME, VALOR, ATIVO )
	VALUES ( 'Dra. Kamilly da Costa', 14979.32, TRUE );
INSERT INTO PRESENTE ( NOME, VALOR, ATIVO )
	VALUES ( 'Agatha Sales', 68739.85, TRUE );
INSERT INTO PRESENTE ( NOME, VALOR, ATIVO )
	VALUES ( 'Thales da Cunha', 3903.22, TRUE );
INSERT INTO PRESENTE ( NOME, VALOR, ATIVO )
	VALUES ( 'Sra. Ana Clara Dias', 36016.14, TRUE );
INSERT INTO PRESENTE ( NOME, VALOR, ATIVO )
	VALUES ( 'Dra. Gabriela Moraes', 89071.89, TRUE );
INSERT INTO PRESENTE ( NOME, VALOR, ATIVO )
	VALUES ( 'João Pedro Teixeira', 30858.66, FALSE );
INSERT INTO PRESENTE ( NOME, VALOR, ATIVO )
	VALUES ( 'João Vitor Viana', 94910.98, TRUE );
INSERT INTO PRESENTE ( NOME, VALOR, ATIVO )
	VALUES ( 'Dra. Isabella Nascimento', 68178.91, TRUE );
INSERT INTO PRESENTE ( NOME, VALOR, ATIVO )
	VALUES ( 'Letícia Santos', 22402.46, TRUE );
INSERT INTO PRESENTE ( NOME, VALOR, ATIVO )
	VALUES ( 'Luiz Felipe Lima', 42678.63, TRUE );
INSERT INTO PRESENTE ( NOME, VALOR, ATIVO )
	VALUES ( 'Sabrina Peixoto', 74651.53, TRUE );
INSERT INTO PRESENTE ( NOME, VALOR, ATIVO )
	VALUES ( 'Sr. Diego da Mata', 29101.58, TRUE );
INSERT INTO PRESENTE ( NOME, VALOR, ATIVO )
	VALUES ( 'Maitê Lopes', 87223.68, FALSE );
INSERT INTO PRESENTE ( NOME, VALOR, ATIVO )
	VALUES ( 'Cauã Cunha', 46821.15, FALSE );
INSERT INTO PRESENTE ( NOME, VALOR, ATIVO )
	VALUES ( 'Milena Lima', 60298.68, FALSE );
INSERT INTO PRESENTE ( NOME, VALOR, ATIVO )
	VALUES ( 'Murilo Gomes', 94152.6, FALSE );
INSERT INTO PRESENTE ( NOME, VALOR, ATIVO )
	VALUES ( 'Lívia Melo', 40829.5, TRUE );
INSERT INTO PRESENTE ( NOME, VALOR, ATIVO )
	VALUES ( 'Maria Eduarda Teixeira', 62075.66, TRUE );
INSERT INTO PRESENTE ( NOME, VALOR, ATIVO )
	VALUES ( 'Pietro Vieira', 94243.69, FALSE );
INSERT INTO PRESENTE ( NOME, VALOR, ATIVO )
	VALUES ( 'Daniela Ramos', 87131.84, TRUE );
INSERT INTO PRESENTE ( NOME, VALOR, ATIVO )
	VALUES ( 'Nina Jesus', 93597.53, TRUE );
INSERT INTO PRESENTE ( NOME, VALOR, ATIVO )
	VALUES ( 'Srta. Melissa Souza', 22969.46, TRUE );
INSERT INTO PRESENTE ( NOME, VALOR, ATIVO )
	VALUES ( 'Sra. Emanuelly da Rosa', 88122.3, TRUE );
INSERT INTO PRESENTE ( NOME, VALOR, ATIVO )
	VALUES ( 'Dra. Mariane Freitas', 84632.35, FALSE );
INSERT INTO PRESENTE ( NOME, VALOR, ATIVO )
	VALUES ( 'Maitê Duarte', 83956.9, TRUE );
INSERT INTO PRESENTE ( NOME, VALOR, ATIVO )
	VALUES ( 'Vicente Nunes', 26332.44, TRUE );
INSERT INTO PRESENTE ( NOME, VALOR, ATIVO )
	VALUES ( 'Caroline Nogueira', 48386.22, FALSE );
INSERT INTO PRESENTE ( NOME, VALOR, ATIVO )
	VALUES ( 'Isabel Almeida', 964.15, TRUE );
INSERT INTO PRESENTE ( NOME, VALOR, ATIVO )
	VALUES ( 'Sr. Vitor Hugo Campos', 71863.09, TRUE );
INSERT INTO PRESENTE ( NOME, VALOR, ATIVO )
	VALUES ( 'Ana Nascimento', 63752.62, TRUE );
INSERT INTO PRESENTE ( NOME, VALOR, ATIVO )
	VALUES ( 'Thiago Viana', 85865.96, FALSE );
INSERT INTO PRESENTE ( NOME, VALOR, ATIVO )
	VALUES ( 'Francisco Rodrigues', 30047.06, TRUE );
INSERT INTO PRESENTE ( NOME, VALOR, ATIVO )
	VALUES ( 'Giovanna Mendes', 4469.94, TRUE );
INSERT INTO PRESENTE ( NOME, VALOR, ATIVO )
	VALUES ( 'Srta. Vitória Cavalcanti', 10197.96, FALSE );
INSERT INTO PRESENTE ( NOME, VALOR, ATIVO )
	VALUES ( 'Gabriela Costa', 6074.9, TRUE );
INSERT INTO PRESENTE ( NOME, VALOR, ATIVO )
	VALUES ( 'Srta. Joana Fogaça', 50260.22, FALSE );
INSERT INTO PRESENTE ( NOME, VALOR, ATIVO )
	VALUES ( 'Isabelly da Cruz', 25978.03, TRUE );
INSERT INTO PRESENTE ( NOME, VALOR, ATIVO )
	VALUES ( 'Elisa FariasFernandes', 86131.33, TRUE );
INSERT INTO PRESENTE ( NOME, VALOR, ATIVO )
	VALUES ( 'Beatriz Nogueira', 13996.93, FALSE );
INSERT INTO PRESENTE ( NOME, VALOR, ATIVO )
	VALUES ( 'Nathan da Conceição', 38563.38, TRUE );
INSERT INTO PRESENTE ( NOME, VALOR, ATIVO )
	VALUES ( 'Benício da Costa', 87841.34, FALSE );
INSERT INTO PRESENTE ( NOME, VALOR, ATIVO )
	VALUES ( 'Dr. Thales Silva', 40844.17, FALSE );
INSERT INTO PRESENTE ( NOME, VALOR, ATIVO )
	VALUES ( 'Bernardo Almeida', 31464.1, FALSE );
INSERT INTO PRESENTE ( NOME, VALOR, ATIVO )
	VALUES ( 'Vitória FariasFernandes', 16887.05, FALSE );
INSERT INTO PRESENTE ( NOME, VALOR, ATIVO )
	VALUES ( 'Letícia Azevedo', 35837.16, FALSE );
INSERT INTO PRESENTE ( NOME, VALOR, ATIVO )
	VALUES ( 'Valentina da Rosa', 52429.77, TRUE );
INSERT INTO PRESENTE ( NOME, VALOR, ATIVO )
	VALUES ( 'Emanuelly Lopes', 52774.99, FALSE );
INSERT INTO PRESENTE ( NOME, VALOR, ATIVO )
	VALUES ( 'Stephany Campos', 82303.94, FALSE );
INSERT INTO PRESENTE ( NOME, VALOR, ATIVO )
	VALUES ( 'Enrico Correia', 54342.09, FALSE );
INSERT INTO PRESENTE ( NOME, VALOR, ATIVO )
	VALUES ( 'Dr. Calebe Sales', 83481.79, FALSE );
INSERT INTO PRESENTE ( NOME, VALOR, ATIVO )
	VALUES ( 'Davi FariasFernandes', 74362.69, TRUE );
INSERT INTO PRESENTE ( NOME, VALOR, ATIVO )
	VALUES ( 'Lucas da Rosa', 78105.75, TRUE );
INSERT INTO PRESENTE ( NOME, VALOR, ATIVO )
	VALUES ( 'Dra. Milena Aragão', 61506.03, TRUE );
INSERT INTO PRESENTE ( NOME, VALOR, ATIVO )
	VALUES ( 'Fernando da Mota', 98660.02, FALSE );
INSERT INTO PRESENTE ( NOME, VALOR, ATIVO )
	VALUES ( 'Dr. Rodrigo Rodrigues', 65710.58, TRUE );
INSERT INTO PRESENTE ( NOME, VALOR, ATIVO )
	VALUES ( 'Esther Silveira', 14878.96, TRUE );
INSERT INTO PRESENTE ( NOME, VALOR, ATIVO )
	VALUES ( 'Luana Caldeira', 93636.28, FALSE );
INSERT INTO PRESENTE ( NOME, VALOR, ATIVO )
	VALUES ( 'Emanuel Silva', 73749.98, TRUE );
INSERT INTO PRESENTE ( NOME, VALOR, ATIVO )
	VALUES ( 'Sra. Luna Silveira', 38622.3, FALSE );
INSERT INTO PRESENTE ( NOME, VALOR, ATIVO )
	VALUES ( 'Sarah Jesus', 39096.43, TRUE );
INSERT INTO PRESENTE ( NOME, VALOR, ATIVO )
	VALUES ( 'Maria Julia da Cruz', 23195.09, TRUE );
INSERT INTO PRESENTE ( NOME, VALOR, ATIVO )
	VALUES ( 'Leonardo Almeida', 37651.25, FALSE );
INSERT INTO PRESENTE ( NOME, VALOR, ATIVO )
	VALUES ( 'Clara Ramos', 47711.13, TRUE );
INSERT INTO PRESENTE ( NOME, VALOR, ATIVO )
	VALUES ( 'Bryan Caldeira', 60624.59, FALSE );
INSERT INTO PRESENTE ( NOME, VALOR, ATIVO )
	VALUES ( 'Vitor Hugo Barbosa', 42884.8, FALSE );
INSERT INTO PRESENTE ( NOME, VALOR, ATIVO )
	VALUES ( 'Paulo Azevedo', 75952.01, TRUE );
INSERT INTO PRESENTE ( NOME, VALOR, ATIVO )
	VALUES ( 'Thomas Lopes', 88883.17, FALSE );
INSERT INTO PRESENTE ( NOME, VALOR, ATIVO )
	VALUES ( 'Enzo Lima', 28427.4, TRUE );
INSERT INTO PRESENTE ( NOME, VALOR, ATIVO )
	VALUES ( 'Isis Araújo', 52123.82, TRUE );
INSERT INTO PRESENTE ( NOME, VALOR, ATIVO )
	VALUES ( 'Heitor Rocha', 26294.32, TRUE );
INSERT INTO PRESENTE ( NOME, VALOR, ATIVO )
	VALUES ( 'Pedro Henrique Ferreira', 78595.87, FALSE );

/* TABLE EMPRESA_PRESENTE */
/* NULL INSERTION FOR ATTRIBUTEATIVAAT TABLEEMPRESA_PRESENTE */
INSERT INTO EMPRESA_PRESENTE ( CNPJ, NOME, TELEFONE, ATIVA )
	VALUES ( 30469775, 'Maria Luiza Costela', '(52) 0667-6949', NULL );
/* NULL INSERTION FOR ATTRIBUTETELEFONEAT TABLEEMPRESA_PRESENTE */
INSERT INTO EMPRESA_PRESENTE ( CNPJ, NOME, TELEFONE, ATIVA )
	VALUES ( 13424698, 'João Lucas Porto', NULL, TRUE );
/* NULL INSERTION FOR ATTRIBUTENOMEAT TABLEEMPRESA_PRESENTE */
INSERT INTO EMPRESA_PRESENTE ( CNPJ, NOME, TELEFONE, ATIVA )
	VALUES ( 74592723, NULL, '(99) 4848-1523', FALSE );
INSERT INTO EMPRESA_PRESENTE ( CNPJ, NOME, TELEFONE, ATIVA )
	VALUES ( 80472122, 'Sr. Benjamin Cunha', '(41) 6148-3401', TRUE );
INSERT INTO EMPRESA_PRESENTE ( CNPJ, NOME, TELEFONE, ATIVA )
	VALUES ( 63725990, 'Melissa da Luz', '(68) 5021-9735', FALSE );
INSERT INTO EMPRESA_PRESENTE ( CNPJ, NOME, TELEFONE, ATIVA )
	VALUES ( 50034475, 'Srta. Carolina Alves', '(25) 6547-9664', FALSE );
INSERT INTO EMPRESA_PRESENTE ( CNPJ, NOME, TELEFONE, ATIVA )
	VALUES ( 69574967, 'Isadora Sales', '(88) 5303-4020', TRUE );
INSERT INTO EMPRESA_PRESENTE ( CNPJ, NOME, TELEFONE, ATIVA )
	VALUES ( 87462018, 'Isabella Rodrigues', '(58) 5052-4780', FALSE );
INSERT INTO EMPRESA_PRESENTE ( CNPJ, NOME, TELEFONE, ATIVA )
	VALUES ( 68575629, 'Daniela Pinto', '(76) 5203-9392', FALSE );
INSERT INTO EMPRESA_PRESENTE ( CNPJ, NOME, TELEFONE, ATIVA )
	VALUES ( 63596905, 'Enzo Mendes', '(29) 6687-4444', FALSE );
INSERT INTO EMPRESA_PRESENTE ( CNPJ, NOME, TELEFONE, ATIVA )
	VALUES ( 75359444, 'Rafael da Rosa', '(54) 8755-3101', TRUE );
INSERT INTO EMPRESA_PRESENTE ( CNPJ, NOME, TELEFONE, ATIVA )
	VALUES ( 79902188, 'Sr. Bernardo Castro', '(94) 2377-7880', TRUE );
INSERT INTO EMPRESA_PRESENTE ( CNPJ, NOME, TELEFONE, ATIVA )
	VALUES ( 41844821, 'Manuela Silveira', '(63) 3230-3247', TRUE );
INSERT INTO EMPRESA_PRESENTE ( CNPJ, NOME, TELEFONE, ATIVA )
	VALUES ( 17887166, 'Gabrielly Silva', '(80) 9199-5202', FALSE );
INSERT INTO EMPRESA_PRESENTE ( CNPJ, NOME, TELEFONE, ATIVA )
	VALUES ( 53772277, 'Felipe Lopes', '(01) 9684-7320', FALSE );
INSERT INTO EMPRESA_PRESENTE ( CNPJ, NOME, TELEFONE, ATIVA )
	VALUES ( 32174881, 'Maysa Gonçalves', '(23) 5437-3180', TRUE );
INSERT INTO EMPRESA_PRESENTE ( CNPJ, NOME, TELEFONE, ATIVA )
	VALUES ( 27053978, 'Julia Lima', '(11) 1561-0260', FALSE );
INSERT INTO EMPRESA_PRESENTE ( CNPJ, NOME, TELEFONE, ATIVA )
	VALUES ( 17776293, 'Srta. Raquel Costela', '(46) 5475-9690', TRUE );
INSERT INTO EMPRESA_PRESENTE ( CNPJ, NOME, TELEFONE, ATIVA )
	VALUES ( 22003685, 'Joana da Rocha', '(83) 1173-2905', FALSE );
INSERT INTO EMPRESA_PRESENTE ( CNPJ, NOME, TELEFONE, ATIVA )
	VALUES ( 41469718, 'Maria Eduarda Vieira', '(25) 2330-3638', FALSE );
INSERT INTO EMPRESA_PRESENTE ( CNPJ, NOME, TELEFONE, ATIVA )
	VALUES ( 28861587, 'Leonardo Cardoso,', '(80) 1204-4603', FALSE );
INSERT INTO EMPRESA_PRESENTE ( CNPJ, NOME, TELEFONE, ATIVA )
	VALUES ( 65577004, 'Gabrielly Nascimento', '(18) 8643-9773', TRUE );
INSERT INTO EMPRESA_PRESENTE ( CNPJ, NOME, TELEFONE, ATIVA )
	VALUES ( 32276230, 'Breno da Paz', '(51) 2387-4276', FALSE );
INSERT INTO EMPRESA_PRESENTE ( CNPJ, NOME, TELEFONE, ATIVA )
	VALUES ( 27824306, 'Sophie Nunes', '(69) 7385-3583', FALSE );
INSERT INTO EMPRESA_PRESENTE ( CNPJ, NOME, TELEFONE, ATIVA )
	VALUES ( 24147577, 'Yasmin Ramos', '(33) 9472-2698', FALSE );
INSERT INTO EMPRESA_PRESENTE ( CNPJ, NOME, TELEFONE, ATIVA )
	VALUES ( 85108614, 'Francisco Nunes', '(18) 8979-6125', TRUE );
INSERT INTO EMPRESA_PRESENTE ( CNPJ, NOME, TELEFONE, ATIVA )
	VALUES ( 63040117, 'Ana Julia Ramos', '(56) 9171-2758', TRUE );
INSERT INTO EMPRESA_PRESENTE ( CNPJ, NOME, TELEFONE, ATIVA )
	VALUES ( 21866502, 'Ana Luiza Dias', '(05) 8708-2273', FALSE );
INSERT INTO EMPRESA_PRESENTE ( CNPJ, NOME, TELEFONE, ATIVA )
	VALUES ( 64659056, 'Nicole Ribeiro', '(59) 9971-8906', FALSE );
INSERT INTO EMPRESA_PRESENTE ( CNPJ, NOME, TELEFONE, ATIVA )
	VALUES ( 78397337, 'Maria Alice Monteiro', '(06) 1641-1792', FALSE );
INSERT INTO EMPRESA_PRESENTE ( CNPJ, NOME, TELEFONE, ATIVA )
	VALUES ( 45997009, 'Larissa Novaes', '(01) 0111-6385', TRUE );
INSERT INTO EMPRESA_PRESENTE ( CNPJ, NOME, TELEFONE, ATIVA )
	VALUES ( 74317009, 'Dr. Antônio Oliveira', '(57) 6394-2480', TRUE );
INSERT INTO EMPRESA_PRESENTE ( CNPJ, NOME, TELEFONE, ATIVA )
	VALUES ( 39121941, 'Ana Vitória Peixoto', '(41) 2417-9514', FALSE );
INSERT INTO EMPRESA_PRESENTE ( CNPJ, NOME, TELEFONE, ATIVA )
	VALUES ( 28573423, 'Marina Jesus', '(36) 8498-0102', FALSE );
INSERT INTO EMPRESA_PRESENTE ( CNPJ, NOME, TELEFONE, ATIVA )
	VALUES ( 44127516, 'Yago Correia', '(99) 9716-1355', FALSE );
INSERT INTO EMPRESA_PRESENTE ( CNPJ, NOME, TELEFONE, ATIVA )
	VALUES ( 37680457, 'Lucca Moraes', '(98) 6806-6132', TRUE );
INSERT INTO EMPRESA_PRESENTE ( CNPJ, NOME, TELEFONE, ATIVA )
	VALUES ( 30495979, 'Marcela Almeida', '(81) 3742-0980', FALSE );
INSERT INTO EMPRESA_PRESENTE ( CNPJ, NOME, TELEFONE, ATIVA )
	VALUES ( 66515508, 'Henrique Campos', '(39) 7309-1165', FALSE );
INSERT INTO EMPRESA_PRESENTE ( CNPJ, NOME, TELEFONE, ATIVA )
	VALUES ( 10088637, 'Esther Pereira', '(09) 3106-3860', FALSE );
INSERT INTO EMPRESA_PRESENTE ( CNPJ, NOME, TELEFONE, ATIVA )
	VALUES ( 70924441, 'Maria Sophia Campos', '(42) 6732-2511', TRUE );
INSERT INTO EMPRESA_PRESENTE ( CNPJ, NOME, TELEFONE, ATIVA )
	VALUES ( 57698636, 'Ana Luiza Vieira', '(92) 3519-4976', FALSE );
INSERT INTO EMPRESA_PRESENTE ( CNPJ, NOME, TELEFONE, ATIVA )
	VALUES ( 17635642, 'Rodrigo Cunha', '(99) 4091-4824', FALSE );
INSERT INTO EMPRESA_PRESENTE ( CNPJ, NOME, TELEFONE, ATIVA )
	VALUES ( 50201142, 'Sra. Ana Júlia da Costa', '(66) 5879-5393', TRUE );
INSERT INTO EMPRESA_PRESENTE ( CNPJ, NOME, TELEFONE, ATIVA )
	VALUES ( 78641666, 'André Mendes', '(67) 1819-2992', FALSE );
INSERT INTO EMPRESA_PRESENTE ( CNPJ, NOME, TELEFONE, ATIVA )
	VALUES ( 22029038, 'Sr. Alexandre Dias', '(55) 7263-1263', FALSE );
INSERT INTO EMPRESA_PRESENTE ( CNPJ, NOME, TELEFONE, ATIVA )
	VALUES ( 27707768, 'Laura Teixeira', '(70) 0525-9893', TRUE );
INSERT INTO EMPRESA_PRESENTE ( CNPJ, NOME, TELEFONE, ATIVA )
	VALUES ( 33616062, 'Emilly Moura', '(30) 8918-0592', TRUE );
INSERT INTO EMPRESA_PRESENTE ( CNPJ, NOME, TELEFONE, ATIVA )
	VALUES ( 57150461, 'Igor Jesus', '(27) 0659-6591', TRUE );
INSERT INTO EMPRESA_PRESENTE ( CNPJ, NOME, TELEFONE, ATIVA )
	VALUES ( 34350809, 'Natália Nascimento', '(76) 2791-3280', TRUE );
INSERT INTO EMPRESA_PRESENTE ( CNPJ, NOME, TELEFONE, ATIVA )
	VALUES ( 16974931, 'Emanuelly da Mota', '(36) 2350-2527', TRUE );
INSERT INTO EMPRESA_PRESENTE ( CNPJ, NOME, TELEFONE, ATIVA )
	VALUES ( 60487375, 'Sr. Cauã Santos', '(42) 9736-5488', FALSE );
INSERT INTO EMPRESA_PRESENTE ( CNPJ, NOME, TELEFONE, ATIVA )
	VALUES ( 89096218, 'João Miguel Martins', '(17) 6945-1398', FALSE );
INSERT INTO EMPRESA_PRESENTE ( CNPJ, NOME, TELEFONE, ATIVA )
	VALUES ( 63010126, 'Caio Rodrigues', '(45) 7309-8024', TRUE );
INSERT INTO EMPRESA_PRESENTE ( CNPJ, NOME, TELEFONE, ATIVA )
	VALUES ( 82895418, 'Kevin das Neves', '(95) 6195-8589', FALSE );
INSERT INTO EMPRESA_PRESENTE ( CNPJ, NOME, TELEFONE, ATIVA )
	VALUES ( 20957354, 'Isabella Aragão', '(57) 0683-6655', TRUE );
INSERT INTO EMPRESA_PRESENTE ( CNPJ, NOME, TELEFONE, ATIVA )
	VALUES ( 64055059, 'Thiago Lima', '(50) 4075-6792', FALSE );
INSERT INTO EMPRESA_PRESENTE ( CNPJ, NOME, TELEFONE, ATIVA )
	VALUES ( 52600293, 'Dra. Natália Novaes', '(62) 7528-6200', FALSE );
INSERT INTO EMPRESA_PRESENTE ( CNPJ, NOME, TELEFONE, ATIVA )
	VALUES ( 74993312, 'Gabriela da Rocha', '(76) 0518-7884', TRUE );
INSERT INTO EMPRESA_PRESENTE ( CNPJ, NOME, TELEFONE, ATIVA )
	VALUES ( 41858169, 'João Pedro Barros', '(72) 6282-4958', FALSE );
INSERT INTO EMPRESA_PRESENTE ( CNPJ, NOME, TELEFONE, ATIVA )
	VALUES ( 46011856, 'Pedro Lucas Pinto', '(04) 3476-2187', TRUE );
INSERT INTO EMPRESA_PRESENTE ( CNPJ, NOME, TELEFONE, ATIVA )
	VALUES ( 82963330, 'Isabella Rodrigues', '(70) 9110-0820', TRUE );
INSERT INTO EMPRESA_PRESENTE ( CNPJ, NOME, TELEFONE, ATIVA )
	VALUES ( 56510006, 'Pietro Moreira', '(07) 4201-6016', FALSE );
INSERT INTO EMPRESA_PRESENTE ( CNPJ, NOME, TELEFONE, ATIVA )
	VALUES ( 54759928, 'Bruno Moura', '(52) 4347-9194', TRUE );
INSERT INTO EMPRESA_PRESENTE ( CNPJ, NOME, TELEFONE, ATIVA )
	VALUES ( 63305086, 'Isadora da Cunha', '(67) 8887-5798', TRUE );
INSERT INTO EMPRESA_PRESENTE ( CNPJ, NOME, TELEFONE, ATIVA )
	VALUES ( 80486760, 'Nicolas da Cruz', '(61) 7433-3857', FALSE );
INSERT INTO EMPRESA_PRESENTE ( CNPJ, NOME, TELEFONE, ATIVA )
	VALUES ( 11803295, 'Clarice Cavalcanti', '(82) 5712-1541', FALSE );
INSERT INTO EMPRESA_PRESENTE ( CNPJ, NOME, TELEFONE, ATIVA )
	VALUES ( 64402103, 'Ryan Freitas', '(03) 4198-5452', FALSE );
INSERT INTO EMPRESA_PRESENTE ( CNPJ, NOME, TELEFONE, ATIVA )
	VALUES ( 80408097, 'Larissa Lima', '(80) 2436-9951', FALSE );
INSERT INTO EMPRESA_PRESENTE ( CNPJ, NOME, TELEFONE, ATIVA )
	VALUES ( 85603232, 'Kamilly Duarte', '(28) 6729-8583', FALSE );
INSERT INTO EMPRESA_PRESENTE ( CNPJ, NOME, TELEFONE, ATIVA )
	VALUES ( 44012624, 'Esther da Mata', '(64) 6099-1396', TRUE );
INSERT INTO EMPRESA_PRESENTE ( CNPJ, NOME, TELEFONE, ATIVA )
	VALUES ( 48909654, 'Isis Gomes', '(57) 3453-9849', TRUE );
INSERT INTO EMPRESA_PRESENTE ( CNPJ, NOME, TELEFONE, ATIVA )
	VALUES ( 19653948, 'Leandro Costa', '(72) 1948-2116', TRUE );
INSERT INTO EMPRESA_PRESENTE ( CNPJ, NOME, TELEFONE, ATIVA )
	VALUES ( 87664451, 'Carolina Souza', '(48) 8128-9287', FALSE );
INSERT INTO EMPRESA_PRESENTE ( CNPJ, NOME, TELEFONE, ATIVA )
	VALUES ( 19470782, 'Elisa Gomes', '(12) 7377-4786', FALSE );
INSERT INTO EMPRESA_PRESENTE ( CNPJ, NOME, TELEFONE, ATIVA )
	VALUES ( 57289811, 'Dr. Enrico da Rocha', '(76) 0940-7574', FALSE );
INSERT INTO EMPRESA_PRESENTE ( CNPJ, NOME, TELEFONE, ATIVA )
	VALUES ( 63230963, 'Gabriel Nogueira', '(04) 3047-7023', TRUE );
INSERT INTO EMPRESA_PRESENTE ( CNPJ, NOME, TELEFONE, ATIVA )
	VALUES ( 73393876, 'Pedro Henrique Ferreira', '(17) 2866-6605', TRUE );
INSERT INTO EMPRESA_PRESENTE ( CNPJ, NOME, TELEFONE, ATIVA )
	VALUES ( 57769255, 'Luiz Fernando Campos', '(54) 0454-9784', FALSE );
INSERT INTO EMPRESA_PRESENTE ( CNPJ, NOME, TELEFONE, ATIVA )
	VALUES ( 16336748, 'Ana Sales', '(12) 4506-9558', FALSE );
INSERT INTO EMPRESA_PRESENTE ( CNPJ, NOME, TELEFONE, ATIVA )
	VALUES ( 60473011, 'Beatriz Sales', '(08) 2124-0484', FALSE );
INSERT INTO EMPRESA_PRESENTE ( CNPJ, NOME, TELEFONE, ATIVA )
	VALUES ( 64249593, 'Luna Viana', '(21) 3398-3551', TRUE );
INSERT INTO EMPRESA_PRESENTE ( CNPJ, NOME, TELEFONE, ATIVA )
	VALUES ( 17235848, 'Bernardo da Luz', '(84) 6809-2304', FALSE );
INSERT INTO EMPRESA_PRESENTE ( CNPJ, NOME, TELEFONE, ATIVA )
	VALUES ( 51792335, 'Valentina Sales', '(98) 4689-4640', TRUE );
INSERT INTO EMPRESA_PRESENTE ( CNPJ, NOME, TELEFONE, ATIVA )
	VALUES ( 15730382, 'Vitor Hugo Martins', '(21) 3664-9747', FALSE );
INSERT INTO EMPRESA_PRESENTE ( CNPJ, NOME, TELEFONE, ATIVA )
	VALUES ( 71573868, 'Dr. Matheus Peixoto', '(27) 4793-9237', TRUE );
INSERT INTO EMPRESA_PRESENTE ( CNPJ, NOME, TELEFONE, ATIVA )
	VALUES ( 16743095, 'Letícia Moraes', '(44) 7844-1437', TRUE );
INSERT INTO EMPRESA_PRESENTE ( CNPJ, NOME, TELEFONE, ATIVA )
	VALUES ( 12613102, 'Alexia da Mota', '(48) 5606-7746', TRUE );
INSERT INTO EMPRESA_PRESENTE ( CNPJ, NOME, TELEFONE, ATIVA )
	VALUES ( 34687515, 'Larissa Nogueira', '(68) 5516-8782', TRUE );
INSERT INTO EMPRESA_PRESENTE ( CNPJ, NOME, TELEFONE, ATIVA )
	VALUES ( 52945441, 'Thomas Oliveira', '(51) 4290-4300', FALSE );
INSERT INTO EMPRESA_PRESENTE ( CNPJ, NOME, TELEFONE, ATIVA )
	VALUES ( 65237568, 'Davi Lucas Almeida', '(09) 6868-8366', TRUE );
INSERT INTO EMPRESA_PRESENTE ( CNPJ, NOME, TELEFONE, ATIVA )
	VALUES ( 70528175, 'Sra. Alice Almeida', '(77) 8234-3974', FALSE );
INSERT INTO EMPRESA_PRESENTE ( CNPJ, NOME, TELEFONE, ATIVA )
	VALUES ( 85889203, 'Dr. Calebe Pereira', '(39) 1937-1817', TRUE );
INSERT INTO EMPRESA_PRESENTE ( CNPJ, NOME, TELEFONE, ATIVA )
	VALUES ( 26304419, 'Marcela Oliveira', '(17) 8481-3419', FALSE );
INSERT INTO EMPRESA_PRESENTE ( CNPJ, NOME, TELEFONE, ATIVA )
	VALUES ( 31704833, 'Maria Clara Nogueira', '(56) 6083-6447', FALSE );
INSERT INTO EMPRESA_PRESENTE ( CNPJ, NOME, TELEFONE, ATIVA )
	VALUES ( 33477714, 'João Lucas Aragão', '(24) 5583-6949', TRUE );
INSERT INTO EMPRESA_PRESENTE ( CNPJ, NOME, TELEFONE, ATIVA )
	VALUES ( 32353148, 'Maysa Pires', '(57) 8986-2198', FALSE );
INSERT INTO EMPRESA_PRESENTE ( CNPJ, NOME, TELEFONE, ATIVA )
	VALUES ( 81311194, 'Cauê Gonçalves', '(35) 6789-3202', FALSE );
INSERT INTO EMPRESA_PRESENTE ( CNPJ, NOME, TELEFONE, ATIVA )
	VALUES ( 60314468, 'Sra. Ana Laura Mendes', '(10) 2726-3503', FALSE );
INSERT INTO EMPRESA_PRESENTE ( CNPJ, NOME, TELEFONE, ATIVA )
	VALUES ( 79291626, 'Isaac Silveira', '(45) 8524-4547', TRUE );
INSERT INTO EMPRESA_PRESENTE ( CNPJ, NOME, TELEFONE, ATIVA )
	VALUES ( 43525738, 'Cauê Sales', '(32) 9879-1494', FALSE );
INSERT INTO EMPRESA_PRESENTE ( CNPJ, NOME, TELEFONE, ATIVA )
	VALUES ( 77604339, 'Dr. Ryan Silveira', '(14) 9107-2016', FALSE );
INSERT INTO EMPRESA_PRESENTE ( CNPJ, NOME, TELEFONE, ATIVA )
	VALUES ( 26783526, 'Sr. João Lopes', '(63) 3967-7175', FALSE );
INSERT INTO EMPRESA_PRESENTE ( CNPJ, NOME, TELEFONE, ATIVA )
	VALUES ( 69081483, 'Sr. Luiz Felipe FariasFernandes', '(01) 4110-8781', FALSE );

/* TABLE VENDA_PRESENTE */
/* NULL INSERTION FOR ATTRIBUTEATIVAAT TABLEVENDA_PRESENTE */
INSERT INTO VENDA_PRESENTE ( EMPRESA, PRESENTE, PRECO, ATIVA )
	VALUES ( 22003685, 'Agatha Sales', 51683.03, NULL );
/* NULL INSERTION FOR ATTRIBUTEPRECOAT TABLEVENDA_PRESENTE */
INSERT INTO VENDA_PRESENTE ( EMPRESA, PRESENTE, PRECO, ATIVA )
	VALUES ( 27824306, 'Natália Nogueira', NULL, TRUE );
INSERT INTO VENDA_PRESENTE ( EMPRESA, PRESENTE, PRECO, ATIVA )
	VALUES ( 81311194, 'Emanuel Silva', 50870.58, FALSE );
INSERT INTO VENDA_PRESENTE ( EMPRESA, PRESENTE, PRECO, ATIVA )
	VALUES ( 82895418, 'Isabel Almeida', 9833.07, TRUE );
INSERT INTO VENDA_PRESENTE ( EMPRESA, PRESENTE, PRECO, ATIVA )
	VALUES ( 28573423, 'Fernando da Mota', 20970.51, FALSE );
INSERT INTO VENDA_PRESENTE ( EMPRESA, PRESENTE, PRECO, ATIVA )
	VALUES ( 53772277, 'Luana da Mota', 88603.44, TRUE );
INSERT INTO VENDA_PRESENTE ( EMPRESA, PRESENTE, PRECO, ATIVA )
	VALUES ( 69081483, 'Valentina da Rosa', 60238.95, FALSE );
INSERT INTO VENDA_PRESENTE ( EMPRESA, PRESENTE, PRECO, ATIVA )
	VALUES ( 16974931, 'Luana Caldeira', 21849.52, TRUE );
INSERT INTO VENDA_PRESENTE ( EMPRESA, PRESENTE, PRECO, ATIVA )
	VALUES ( 69574967, 'Thiago Viana', 34961.84, FALSE );
INSERT INTO VENDA_PRESENTE ( EMPRESA, PRESENTE, PRECO, ATIVA )
	VALUES ( 57769255, 'Lucas da Rosa', 63483.96, TRUE );
INSERT INTO VENDA_PRESENTE ( EMPRESA, PRESENTE, PRECO, ATIVA )
	VALUES ( 31704833, 'Vitor Hugo Barbosa', 51210.89, TRUE );
INSERT INTO VENDA_PRESENTE ( EMPRESA, PRESENTE, PRECO, ATIVA )
	VALUES ( 63596905, 'Maitê Lopes', 68855.86, FALSE );
INSERT INTO VENDA_PRESENTE ( EMPRESA, PRESENTE, PRECO, ATIVA )
	VALUES ( 85889203, 'Srta. Melissa Souza', 14139.11, TRUE );
INSERT INTO VENDA_PRESENTE ( EMPRESA, PRESENTE, PRECO, ATIVA )
	VALUES ( 41844821, 'Luana Caldeira', 44996.41, FALSE );
INSERT INTO VENDA_PRESENTE ( EMPRESA, PRESENTE, PRECO, ATIVA )
	VALUES ( 44127516, 'Mariana das Neves', 77958.9, FALSE );
INSERT INTO VENDA_PRESENTE ( EMPRESA, PRESENTE, PRECO, ATIVA )
	VALUES ( 65577004, 'Cauã Cunha', 40301.02, FALSE );
INSERT INTO VENDA_PRESENTE ( EMPRESA, PRESENTE, PRECO, ATIVA )
	VALUES ( 85108614, 'Enzo Lima', 95087.93, TRUE );
INSERT INTO VENDA_PRESENTE ( EMPRESA, PRESENTE, PRECO, ATIVA )
	VALUES ( 63040117, 'Benício da Costa', 25306.93, TRUE );
INSERT INTO VENDA_PRESENTE ( EMPRESA, PRESENTE, PRECO, ATIVA )
	VALUES ( 16974931, 'Maria Eduarda Teixeira', 76834.5, TRUE );
INSERT INTO VENDA_PRESENTE ( EMPRESA, PRESENTE, PRECO, ATIVA )
	VALUES ( 63725990, 'Nina Jesus', 34775.81, FALSE );
INSERT INTO VENDA_PRESENTE ( EMPRESA, PRESENTE, PRECO, ATIVA )
	VALUES ( 34687515, 'Benício da Costa', 24964.12, FALSE );
INSERT INTO VENDA_PRESENTE ( EMPRESA, PRESENTE, PRECO, ATIVA )
	VALUES ( 33616062, 'Sra. Luna Silveira', 1134.26, FALSE );
INSERT INTO VENDA_PRESENTE ( EMPRESA, PRESENTE, PRECO, ATIVA )
	VALUES ( 31704833, 'Sr. Diego da Mata', 67456.47, FALSE );
INSERT INTO VENDA_PRESENTE ( EMPRESA, PRESENTE, PRECO, ATIVA )
	VALUES ( 32174881, 'Maitê Lopes', 9174.33, TRUE );
INSERT INTO VENDA_PRESENTE ( EMPRESA, PRESENTE, PRECO, ATIVA )
	VALUES ( 27707768, 'Luana da Mota', 74646.32, TRUE );
INSERT INTO VENDA_PRESENTE ( EMPRESA, PRESENTE, PRECO, ATIVA )
	VALUES ( 52945441, 'Srta. Vitória Cavalcanti', 27976.14, FALSE );
INSERT INTO VENDA_PRESENTE ( EMPRESA, PRESENTE, PRECO, ATIVA )
	VALUES ( 80472122, 'Vitória FariasFernandes', 65904.86, TRUE );
INSERT INTO VENDA_PRESENTE ( EMPRESA, PRESENTE, PRECO, ATIVA )
	VALUES ( 63040117, 'Ana Nascimento', 39086.37, FALSE );
INSERT INTO VENDA_PRESENTE ( EMPRESA, PRESENTE, PRECO, ATIVA )
	VALUES ( 63596905, 'Letícia Santos', 14749.51, FALSE );
INSERT INTO VENDA_PRESENTE ( EMPRESA, PRESENTE, PRECO, ATIVA )
	VALUES ( 22003685, 'Luiz Gustavo Silva', 2814.79, FALSE );
INSERT INTO VENDA_PRESENTE ( EMPRESA, PRESENTE, PRECO, ATIVA )
	VALUES ( 41844821, 'Augusto Cunha', 17820.32, TRUE );
INSERT INTO VENDA_PRESENTE ( EMPRESA, PRESENTE, PRECO, ATIVA )
	VALUES ( 85108614, 'Yago Teixeira', 23159.71, FALSE );
INSERT INTO VENDA_PRESENTE ( EMPRESA, PRESENTE, PRECO, ATIVA )
	VALUES ( 41469718, 'Clara Ramos', 38722.08, TRUE );
INSERT INTO VENDA_PRESENTE ( EMPRESA, PRESENTE, PRECO, ATIVA )
	VALUES ( 66515508, 'Clara da Costa', 6433.48, FALSE );
INSERT INTO VENDA_PRESENTE ( EMPRESA, PRESENTE, PRECO, ATIVA )
	VALUES ( 85108614, 'Dra. Isabella Nascimento', 44041.75, FALSE );
INSERT INTO VENDA_PRESENTE ( EMPRESA, PRESENTE, PRECO, ATIVA )
	VALUES ( 52945441, 'Heitor Rocha', 65519.17, TRUE );
INSERT INTO VENDA_PRESENTE ( EMPRESA, PRESENTE, PRECO, ATIVA )
	VALUES ( 16974931, 'Lívia Melo', 72258.92, FALSE );
INSERT INTO VENDA_PRESENTE ( EMPRESA, PRESENTE, PRECO, ATIVA )
	VALUES ( 80472122, 'Francisco Rodrigues', 96752.66, TRUE );
INSERT INTO VENDA_PRESENTE ( EMPRESA, PRESENTE, PRECO, ATIVA )
	VALUES ( 12613102, 'Pietro Vieira', 74634.17, FALSE );
INSERT INTO VENDA_PRESENTE ( EMPRESA, PRESENTE, PRECO, ATIVA )
	VALUES ( 82895418, 'Srta. Nina Vieira', 96072.02, FALSE );
INSERT INTO VENDA_PRESENTE ( EMPRESA, PRESENTE, PRECO, ATIVA )
	VALUES ( 71573868, 'Maria Julia da Cruz', 96850.36, TRUE );
INSERT INTO VENDA_PRESENTE ( EMPRESA, PRESENTE, PRECO, ATIVA )
	VALUES ( 89096218, 'Paulo Azevedo', 45888.37, FALSE );
INSERT INTO VENDA_PRESENTE ( EMPRESA, PRESENTE, PRECO, ATIVA )
	VALUES ( 60473011, 'Paulo Azevedo', 50773.12, TRUE );
INSERT INTO VENDA_PRESENTE ( EMPRESA, PRESENTE, PRECO, ATIVA )
	VALUES ( 77604339, 'Dra. Isabella Nascimento', 79282.49, TRUE );
INSERT INTO VENDA_PRESENTE ( EMPRESA, PRESENTE, PRECO, ATIVA )
	VALUES ( 12613102, 'Bernardo Almeida', 74572.86, TRUE );
INSERT INTO VENDA_PRESENTE ( EMPRESA, PRESENTE, PRECO, ATIVA )
	VALUES ( 75359444, 'Sra. Emanuelly da Rosa', 31547.94, FALSE );
INSERT INTO VENDA_PRESENTE ( EMPRESA, PRESENTE, PRECO, ATIVA )
	VALUES ( 54759928, 'Sra. Emanuelly da Rosa', 60250.98, TRUE );
INSERT INTO VENDA_PRESENTE ( EMPRESA, PRESENTE, PRECO, ATIVA )
	VALUES ( 45997009, 'Esther Silveira', 7730.21, TRUE );
INSERT INTO VENDA_PRESENTE ( EMPRESA, PRESENTE, PRECO, ATIVA )
	VALUES ( 22029038, 'Sarah Jesus', 38980.26, FALSE );
INSERT INTO VENDA_PRESENTE ( EMPRESA, PRESENTE, PRECO, ATIVA )
	VALUES ( 44127516, 'Isabelly da Cruz', 79088.37, TRUE );
INSERT INTO VENDA_PRESENTE ( EMPRESA, PRESENTE, PRECO, ATIVA )
	VALUES ( 74993312, 'Maria Clara Novaes', 20703.22, TRUE );
INSERT INTO VENDA_PRESENTE ( EMPRESA, PRESENTE, PRECO, ATIVA )
	VALUES ( 24147577, 'Ana Lívia da Luz', 93819.19, FALSE );
INSERT INTO VENDA_PRESENTE ( EMPRESA, PRESENTE, PRECO, ATIVA )
	VALUES ( 28861587, 'Thales da Cunha', 53663.95, FALSE );
INSERT INTO VENDA_PRESENTE ( EMPRESA, PRESENTE, PRECO, ATIVA )
	VALUES ( 70924441, 'Lorena da Cunha', 53726.35, TRUE );
INSERT INTO VENDA_PRESENTE ( EMPRESA, PRESENTE, PRECO, ATIVA )
	VALUES ( 28861587, 'Caroline Nogueira', 80621.41, TRUE );
INSERT INTO VENDA_PRESENTE ( EMPRESA, PRESENTE, PRECO, ATIVA )
	VALUES ( 63010126, 'Nathan da Conceição', 37651.52, FALSE );
INSERT INTO VENDA_PRESENTE ( EMPRESA, PRESENTE, PRECO, ATIVA )
	VALUES ( 34687515, 'Emanuelly Lopes', 54943.81, FALSE );
INSERT INTO VENDA_PRESENTE ( EMPRESA, PRESENTE, PRECO, ATIVA )
	VALUES ( 85889203, 'Giovanna Mendes', 42164.2, FALSE );
INSERT INTO VENDA_PRESENTE ( EMPRESA, PRESENTE, PRECO, ATIVA )
	VALUES ( 79902188, 'Emanuel Silva', 59186.07, FALSE );
INSERT INTO VENDA_PRESENTE ( EMPRESA, PRESENTE, PRECO, ATIVA )
	VALUES ( 87462018, 'Sra. Emanuelly da Rosa', 83673.39, FALSE );
INSERT INTO VENDA_PRESENTE ( EMPRESA, PRESENTE, PRECO, ATIVA )
	VALUES ( 15730382, 'Lívia Melo', 19119.43, FALSE );
INSERT INTO VENDA_PRESENTE ( EMPRESA, PRESENTE, PRECO, ATIVA )
	VALUES ( 77604339, 'Enrico Correia', 51937.43, TRUE );
INSERT INTO VENDA_PRESENTE ( EMPRESA, PRESENTE, PRECO, ATIVA )
	VALUES ( 26783526, 'Letícia Azevedo', 55457.92, FALSE );
INSERT INTO VENDA_PRESENTE ( EMPRESA, PRESENTE, PRECO, ATIVA )
	VALUES ( 43525738, 'Pietro Vieira', 202.24, FALSE );
INSERT INTO VENDA_PRESENTE ( EMPRESA, PRESENTE, PRECO, ATIVA )
	VALUES ( 74317009, 'Francisco Cunha', 45166.52, TRUE );
INSERT INTO VENDA_PRESENTE ( EMPRESA, PRESENTE, PRECO, ATIVA )
	VALUES ( 33616062, 'Maitê Duarte', 53206.48, FALSE );
INSERT INTO VENDA_PRESENTE ( EMPRESA, PRESENTE, PRECO, ATIVA )
	VALUES ( 78641666, 'Sr. Vitor Hugo Campos', 36539.43, FALSE );
INSERT INTO VENDA_PRESENTE ( EMPRESA, PRESENTE, PRECO, ATIVA )
	VALUES ( 57769255, 'Luiz Felipe Lima', 25592.38, FALSE );
INSERT INTO VENDA_PRESENTE ( EMPRESA, PRESENTE, PRECO, ATIVA )
	VALUES ( 19470782, 'Isis Araújo', 26854.59, FALSE );
INSERT INTO VENDA_PRESENTE ( EMPRESA, PRESENTE, PRECO, ATIVA )
	VALUES ( 82963330, 'Lorena da Cunha', 80066.94, TRUE );
INSERT INTO VENDA_PRESENTE ( EMPRESA, PRESENTE, PRECO, ATIVA )
	VALUES ( 82963330, 'Pedro Henrique Ferreira', 26885.31, FALSE );
INSERT INTO VENDA_PRESENTE ( EMPRESA, PRESENTE, PRECO, ATIVA )
	VALUES ( 44012624, 'Dr. Henrique Martins', 67613.37, FALSE );
INSERT INTO VENDA_PRESENTE ( EMPRESA, PRESENTE, PRECO, ATIVA )
	VALUES ( 65577004, 'Luiza Cardoso', 33449.38, FALSE );
INSERT INTO VENDA_PRESENTE ( EMPRESA, PRESENTE, PRECO, ATIVA )
	VALUES ( 31704833, 'Calebe Costa', 88917.75, FALSE );
INSERT INTO VENDA_PRESENTE ( EMPRESA, PRESENTE, PRECO, ATIVA )
	VALUES ( 10088637, 'Yago Teixeira', 83024.0, TRUE );
INSERT INTO VENDA_PRESENTE ( EMPRESA, PRESENTE, PRECO, ATIVA )
	VALUES ( 32353148, 'Benício da Costa', 8537.55, FALSE );
INSERT INTO VENDA_PRESENTE ( EMPRESA, PRESENTE, PRECO, ATIVA )
	VALUES ( 10088637, 'Sra. Ana Clara Dias', 37459.79, TRUE );
INSERT INTO VENDA_PRESENTE ( EMPRESA, PRESENTE, PRECO, ATIVA )
	VALUES ( 37680457, 'Marcela Alves', 82599.3, FALSE );
INSERT INTO VENDA_PRESENTE ( EMPRESA, PRESENTE, PRECO, ATIVA )
	VALUES ( 69081483, 'Vitor Gabriel Cardoso,', 98510.5, FALSE );
INSERT INTO VENDA_PRESENTE ( EMPRESA, PRESENTE, PRECO, ATIVA )
	VALUES ( 60314468, 'Francisco Cunha', 48200.24, FALSE );
INSERT INTO VENDA_PRESENTE ( EMPRESA, PRESENTE, PRECO, ATIVA )
	VALUES ( 68575629, 'Thomas Lopes', 55036.42, TRUE );
INSERT INTO VENDA_PRESENTE ( EMPRESA, PRESENTE, PRECO, ATIVA )
	VALUES ( 21866502, 'Calebe Costa', 19351.84, TRUE );
INSERT INTO VENDA_PRESENTE ( EMPRESA, PRESENTE, PRECO, ATIVA )
	VALUES ( 57698636, 'Sarah Jesus', 71382.86, FALSE );
INSERT INTO VENDA_PRESENTE ( EMPRESA, PRESENTE, PRECO, ATIVA )
	VALUES ( 78641666, 'Bruna das Neves', 15398.71, TRUE );
INSERT INTO VENDA_PRESENTE ( EMPRESA, PRESENTE, PRECO, ATIVA )
	VALUES ( 50034475, 'Dr. Thales Silva', 69062.17, TRUE );
INSERT INTO VENDA_PRESENTE ( EMPRESA, PRESENTE, PRECO, ATIVA )
	VALUES ( 73393876, 'Srta. Joana Fogaça', 74983.84, FALSE );
INSERT INTO VENDA_PRESENTE ( EMPRESA, PRESENTE, PRECO, ATIVA )
	VALUES ( 50034475, 'Davi FariasFernandes', 71249.38, FALSE );
INSERT INTO VENDA_PRESENTE ( EMPRESA, PRESENTE, PRECO, ATIVA )
	VALUES ( 12613102, 'Stephany Campos', 34734.6, FALSE );
INSERT INTO VENDA_PRESENTE ( EMPRESA, PRESENTE, PRECO, ATIVA )
	VALUES ( 20957354, 'João Vitor Viana', 65097.79, TRUE );
INSERT INTO VENDA_PRESENTE ( EMPRESA, PRESENTE, PRECO, ATIVA )
	VALUES ( 26304419, 'Bryan Caldeira', 58874.64, FALSE );
INSERT INTO VENDA_PRESENTE ( EMPRESA, PRESENTE, PRECO, ATIVA )
	VALUES ( 63305086, 'Leonardo Almeida', 64207.93, TRUE );
INSERT INTO VENDA_PRESENTE ( EMPRESA, PRESENTE, PRECO, ATIVA )
	VALUES ( 17635642, 'Miguel Monteiro', 12442.1, TRUE );
INSERT INTO VENDA_PRESENTE ( EMPRESA, PRESENTE, PRECO, ATIVA )
	VALUES ( 80486760, 'Stephany Campos', 47242.04, FALSE );
INSERT INTO VENDA_PRESENTE ( EMPRESA, PRESENTE, PRECO, ATIVA )
	VALUES ( 69081483, 'Ana Vitória Aragão', 96462.04, FALSE );
INSERT INTO VENDA_PRESENTE ( EMPRESA, PRESENTE, PRECO, ATIVA )
	VALUES ( 46011856, 'Ana Vitória Aragão', 57219.94, FALSE );
INSERT INTO VENDA_PRESENTE ( EMPRESA, PRESENTE, PRECO, ATIVA )
	VALUES ( 15730382, 'Milena Lima', 54892.21, FALSE );
INSERT INTO VENDA_PRESENTE ( EMPRESA, PRESENTE, PRECO, ATIVA )
	VALUES ( 60473011, 'Renan Nogueira', 28730.09, TRUE );
INSERT INTO VENDA_PRESENTE ( EMPRESA, PRESENTE, PRECO, ATIVA )
	VALUES ( 30495979, 'Clara Ramos', 92289.33, TRUE );
INSERT INTO VENDA_PRESENTE ( EMPRESA, PRESENTE, PRECO, ATIVA )
	VALUES ( 78397337, 'Fernando da Mota', 81065.5, FALSE );
INSERT INTO VENDA_PRESENTE ( EMPRESA, PRESENTE, PRECO, ATIVA )
	VALUES ( 32276230, 'Srta. Melissa Souza', 75025.59, FALSE );
INSERT INTO VENDA_PRESENTE ( EMPRESA, PRESENTE, PRECO, ATIVA )
	VALUES ( 57698636, 'Dr. Calebe Sales', 60850.39, TRUE );
INSERT INTO VENDA_PRESENTE ( EMPRESA, PRESENTE, PRECO, ATIVA )
	VALUES ( 77604339, 'Dra. Mariane Freitas', 48149.44, TRUE );

/* TABLE VENDA_PRESENTE_CASAMENTO */
/* NULL INSERTION FOR ATTRIBUTEQTDAT TABLEVENDA_PRESENTE_CASAMENTO */
INSERT INTO VENDA_PRESENTE_CASAMENTO ( EMPRESA, PRESENTE, CASAMENTO, PRECO_COMBINADO, QTD )
	VALUES ( 54759928, 'Sra. Emanuelly da Rosa', 89, 91294.27, NULL );
/* NULL INSERTION FOR ATTRIBUTEPRECO_COMBINADOAT TABLEVENDA_PRESENTE_CASAMENTO */
INSERT INTO VENDA_PRESENTE_CASAMENTO ( EMPRESA, PRESENTE, CASAMENTO, PRECO_COMBINADO, QTD )
	VALUES ( 63040117, 'Ana Nascimento', 76, NULL, 29744 );
INSERT INTO VENDA_PRESENTE_CASAMENTO ( EMPRESA, PRESENTE, CASAMENTO, PRECO_COMBINADO, QTD )
	VALUES ( 32276230, 'Srta. Melissa Souza', 1, 17761.43, 13747 );
INSERT INTO VENDA_PRESENTE_CASAMENTO ( EMPRESA, PRESENTE, CASAMENTO, PRECO_COMBINADO, QTD )
	VALUES ( 65577004, 'Luiza Cardoso', 56, 39156.96, 6288 );
INSERT INTO VENDA_PRESENTE_CASAMENTO ( EMPRESA, PRESENTE, CASAMENTO, PRECO_COMBINADO, QTD )
	VALUES ( 15730382, 'Lívia Melo', 27, 73154.44, 3190 );
INSERT INTO VENDA_PRESENTE_CASAMENTO ( EMPRESA, PRESENTE, CASAMENTO, PRECO_COMBINADO, QTD )
	VALUES ( 60473011, 'Paulo Azevedo', 58, 87963.39, 763 );
INSERT INTO VENDA_PRESENTE_CASAMENTO ( EMPRESA, PRESENTE, CASAMENTO, PRECO_COMBINADO, QTD )
	VALUES ( 80486760, 'Stephany Campos', 70, 47459.71, 14252 );
INSERT INTO VENDA_PRESENTE_CASAMENTO ( EMPRESA, PRESENTE, CASAMENTO, PRECO_COMBINADO, QTD )
	VALUES ( 74317009, 'Francisco Cunha', 90, 13663.64, 488 );
INSERT INTO VENDA_PRESENTE_CASAMENTO ( EMPRESA, PRESENTE, CASAMENTO, PRECO_COMBINADO, QTD )
	VALUES ( 32276230, 'Srta. Melissa Souza', 57, 58945.34, 5589 );
INSERT INTO VENDA_PRESENTE_CASAMENTO ( EMPRESA, PRESENTE, CASAMENTO, PRECO_COMBINADO, QTD )
	VALUES ( 31704833, 'Vitor Hugo Barbosa', 55, 35403.49, 17163 );
INSERT INTO VENDA_PRESENTE_CASAMENTO ( EMPRESA, PRESENTE, CASAMENTO, PRECO_COMBINADO, QTD )
	VALUES ( 82895418, 'Isabel Almeida', 63, 61982.25, 14048 );
INSERT INTO VENDA_PRESENTE_CASAMENTO ( EMPRESA, PRESENTE, CASAMENTO, PRECO_COMBINADO, QTD )
	VALUES ( 27707768, 'Luana da Mota', 4, 3922.04, 4160 );
INSERT INTO VENDA_PRESENTE_CASAMENTO ( EMPRESA, PRESENTE, CASAMENTO, PRECO_COMBINADO, QTD )
	VALUES ( 69574967, 'Thiago Viana', 88, 32881.4, 23696 );
INSERT INTO VENDA_PRESENTE_CASAMENTO ( EMPRESA, PRESENTE, CASAMENTO, PRECO_COMBINADO, QTD )
	VALUES ( 50034475, 'Dr. Thales Silva', 42, 20648.89, 14548 );
INSERT INTO VENDA_PRESENTE_CASAMENTO ( EMPRESA, PRESENTE, CASAMENTO, PRECO_COMBINADO, QTD )
	VALUES ( 63305086, 'Leonardo Almeida', 59, 56120.58, 6589 );
INSERT INTO VENDA_PRESENTE_CASAMENTO ( EMPRESA, PRESENTE, CASAMENTO, PRECO_COMBINADO, QTD )
	VALUES ( 57698636, 'Sarah Jesus', 4, 97459.29, 31624 );
INSERT INTO VENDA_PRESENTE_CASAMENTO ( EMPRESA, PRESENTE, CASAMENTO, PRECO_COMBINADO, QTD )
	VALUES ( 80472122, 'Francisco Rodrigues', 48, 31793.09, 10560 );
INSERT INTO VENDA_PRESENTE_CASAMENTO ( EMPRESA, PRESENTE, CASAMENTO, PRECO_COMBINADO, QTD )
	VALUES ( 87462018, 'Sra. Emanuelly da Rosa', 76, 33651.01, 6095 );
INSERT INTO VENDA_PRESENTE_CASAMENTO ( EMPRESA, PRESENTE, CASAMENTO, PRECO_COMBINADO, QTD )
	VALUES ( 75359444, 'Sra. Emanuelly da Rosa', 24, 68776.18, 30218 );
INSERT INTO VENDA_PRESENTE_CASAMENTO ( EMPRESA, PRESENTE, CASAMENTO, PRECO_COMBINADO, QTD )
	VALUES ( 54759928, 'Sra. Emanuelly da Rosa', 72, 79808.61, 6768 );
INSERT INTO VENDA_PRESENTE_CASAMENTO ( EMPRESA, PRESENTE, CASAMENTO, PRECO_COMBINADO, QTD )
	VALUES ( 85108614, 'Enzo Lima', 20, 82709.48, 14599 );
INSERT INTO VENDA_PRESENTE_CASAMENTO ( EMPRESA, PRESENTE, CASAMENTO, PRECO_COMBINADO, QTD )
	VALUES ( 65577004, 'Cauã Cunha', 15, 71351.09, 5064 );
INSERT INTO VENDA_PRESENTE_CASAMENTO ( EMPRESA, PRESENTE, CASAMENTO, PRECO_COMBINADO, QTD )
	VALUES ( 57769255, 'Luiz Felipe Lima', 89, 55082.09, 24357 );
INSERT INTO VENDA_PRESENTE_CASAMENTO ( EMPRESA, PRESENTE, CASAMENTO, PRECO_COMBINADO, QTD )
	VALUES ( 53772277, 'Luana da Mota', 29, 20728.84, 18276 );
INSERT INTO VENDA_PRESENTE_CASAMENTO ( EMPRESA, PRESENTE, CASAMENTO, PRECO_COMBINADO, QTD )
	VALUES ( 85889203, 'Srta. Melissa Souza', 61, 64790.39, 20615 );
INSERT INTO VENDA_PRESENTE_CASAMENTO ( EMPRESA, PRESENTE, CASAMENTO, PRECO_COMBINADO, QTD )
	VALUES ( 19470782, 'Isis Araújo', 72, 91104.07, 14489 );
INSERT INTO VENDA_PRESENTE_CASAMENTO ( EMPRESA, PRESENTE, CASAMENTO, PRECO_COMBINADO, QTD )
	VALUES ( 82895418, 'Isabel Almeida', 7, 76928.05, 490 );
INSERT INTO VENDA_PRESENTE_CASAMENTO ( EMPRESA, PRESENTE, CASAMENTO, PRECO_COMBINADO, QTD )
	VALUES ( 74317009, 'Francisco Cunha', 22, 80839.14, 26832 );
INSERT INTO VENDA_PRESENTE_CASAMENTO ( EMPRESA, PRESENTE, CASAMENTO, PRECO_COMBINADO, QTD )
	VALUES ( 85889203, 'Srta. Melissa Souza', 94, 64664.68, 1373 );
INSERT INTO VENDA_PRESENTE_CASAMENTO ( EMPRESA, PRESENTE, CASAMENTO, PRECO_COMBINADO, QTD )
	VALUES ( 63725990, 'Nina Jesus', 7, 12775.58, 2097 );
INSERT INTO VENDA_PRESENTE_CASAMENTO ( EMPRESA, PRESENTE, CASAMENTO, PRECO_COMBINADO, QTD )
	VALUES ( 22003685, 'Luiz Gustavo Silva', 50, 43703.55, 26753 );
INSERT INTO VENDA_PRESENTE_CASAMENTO ( EMPRESA, PRESENTE, CASAMENTO, PRECO_COMBINADO, QTD )
	VALUES ( 19470782, 'Isis Araújo', 54, 6582.91, 190 );
INSERT INTO VENDA_PRESENTE_CASAMENTO ( EMPRESA, PRESENTE, CASAMENTO, PRECO_COMBINADO, QTD )
	VALUES ( 63725990, 'Nina Jesus', 53, 73469.14, 11706 );
INSERT INTO VENDA_PRESENTE_CASAMENTO ( EMPRESA, PRESENTE, CASAMENTO, PRECO_COMBINADO, QTD )
	VALUES ( 15730382, 'Milena Lima', 25, 35148.96, 19209 );
INSERT INTO VENDA_PRESENTE_CASAMENTO ( EMPRESA, PRESENTE, CASAMENTO, PRECO_COMBINADO, QTD )
	VALUES ( 44127516, 'Isabelly da Cruz', 63, 23779.17, 2619 );
INSERT INTO VENDA_PRESENTE_CASAMENTO ( EMPRESA, PRESENTE, CASAMENTO, PRECO_COMBINADO, QTD )
	VALUES ( 77604339, 'Dra. Isabella Nascimento', 50, 15240.99, 23361 );
INSERT INTO VENDA_PRESENTE_CASAMENTO ( EMPRESA, PRESENTE, CASAMENTO, PRECO_COMBINADO, QTD )
	VALUES ( 74993312, 'Maria Clara Novaes', 37, 48499.79, 5291 );
INSERT INTO VENDA_PRESENTE_CASAMENTO ( EMPRESA, PRESENTE, CASAMENTO, PRECO_COMBINADO, QTD )
	VALUES ( 12613102, 'Stephany Campos', 25, 5950.81, 18181 );
INSERT INTO VENDA_PRESENTE_CASAMENTO ( EMPRESA, PRESENTE, CASAMENTO, PRECO_COMBINADO, QTD )
	VALUES ( 69081483, 'Ana Vitória Aragão', 93, 36852.11, 15922 );
INSERT INTO VENDA_PRESENTE_CASAMENTO ( EMPRESA, PRESENTE, CASAMENTO, PRECO_COMBINADO, QTD )
	VALUES ( 33616062, 'Maitê Duarte', 5, 27543.93, 3266 );
INSERT INTO VENDA_PRESENTE_CASAMENTO ( EMPRESA, PRESENTE, CASAMENTO, PRECO_COMBINADO, QTD )
	VALUES ( 12613102, 'Stephany Campos', 79, 3540.58, 2502 );
INSERT INTO VENDA_PRESENTE_CASAMENTO ( EMPRESA, PRESENTE, CASAMENTO, PRECO_COMBINADO, QTD )
	VALUES ( 82963330, 'Lorena da Cunha', 51, 36703.49, 29105 );
INSERT INTO VENDA_PRESENTE_CASAMENTO ( EMPRESA, PRESENTE, CASAMENTO, PRECO_COMBINADO, QTD )
	VALUES ( 41469718, 'Clara Ramos', 96, 19795.96, 3094 );
INSERT INTO VENDA_PRESENTE_CASAMENTO ( EMPRESA, PRESENTE, CASAMENTO, PRECO_COMBINADO, QTD )
	VALUES ( 19470782, 'Isis Araújo', 39, 55765.76, 913 );
INSERT INTO VENDA_PRESENTE_CASAMENTO ( EMPRESA, PRESENTE, CASAMENTO, PRECO_COMBINADO, QTD )
	VALUES ( 63040117, 'Benício da Costa', 3, 31638.96, 21366 );
INSERT INTO VENDA_PRESENTE_CASAMENTO ( EMPRESA, PRESENTE, CASAMENTO, PRECO_COMBINADO, QTD )
	VALUES ( 43525738, 'Pietro Vieira', 76, 99084.13, 21688 );
INSERT INTO VENDA_PRESENTE_CASAMENTO ( EMPRESA, PRESENTE, CASAMENTO, PRECO_COMBINADO, QTD )
	VALUES ( 12613102, 'Pietro Vieira', 38, 72007.86, 3337 );
INSERT INTO VENDA_PRESENTE_CASAMENTO ( EMPRESA, PRESENTE, CASAMENTO, PRECO_COMBINADO, QTD )
	VALUES ( 41844821, 'Augusto Cunha', 75, 79268.75, 22660 );
INSERT INTO VENDA_PRESENTE_CASAMENTO ( EMPRESA, PRESENTE, CASAMENTO, PRECO_COMBINADO, QTD )
	VALUES ( 31704833, 'Calebe Costa', 19, 37589.3, 21089 );
INSERT INTO VENDA_PRESENTE_CASAMENTO ( EMPRESA, PRESENTE, CASAMENTO, PRECO_COMBINADO, QTD )
	VALUES ( 63305086, 'Leonardo Almeida', 36, 41981.87, 10267 );
INSERT INTO VENDA_PRESENTE_CASAMENTO ( EMPRESA, PRESENTE, CASAMENTO, PRECO_COMBINADO, QTD )
	VALUES ( 89096218, 'Paulo Azevedo', 66, 36604.85, 1320 );
INSERT INTO VENDA_PRESENTE_CASAMENTO ( EMPRESA, PRESENTE, CASAMENTO, PRECO_COMBINADO, QTD )
	VALUES ( 52945441, 'Srta. Vitória Cavalcanti', 52, 97166.08, 16722 );
INSERT INTO VENDA_PRESENTE_CASAMENTO ( EMPRESA, PRESENTE, CASAMENTO, PRECO_COMBINADO, QTD )
	VALUES ( 77604339, 'Enrico Correia', 64, 87276.92, 29469 );
INSERT INTO VENDA_PRESENTE_CASAMENTO ( EMPRESA, PRESENTE, CASAMENTO, PRECO_COMBINADO, QTD )
	VALUES ( 82895418, 'Srta. Nina Vieira', 70, 50451.36, 18548 );
INSERT INTO VENDA_PRESENTE_CASAMENTO ( EMPRESA, PRESENTE, CASAMENTO, PRECO_COMBINADO, QTD )
	VALUES ( 32353148, 'Benício da Costa', 36, 94840.8, 21921 );
INSERT INTO VENDA_PRESENTE_CASAMENTO ( EMPRESA, PRESENTE, CASAMENTO, PRECO_COMBINADO, QTD )
	VALUES ( 46011856, 'Ana Vitória Aragão', 32, 71412.55, 16677 );
INSERT INTO VENDA_PRESENTE_CASAMENTO ( EMPRESA, PRESENTE, CASAMENTO, PRECO_COMBINADO, QTD )
	VALUES ( 44127516, 'Mariana das Neves', 7, 737.2, 2865 );
INSERT INTO VENDA_PRESENTE_CASAMENTO ( EMPRESA, PRESENTE, CASAMENTO, PRECO_COMBINADO, QTD )
	VALUES ( 28861587, 'Thales da Cunha', 39, 11360.82, 29820 );
INSERT INTO VENDA_PRESENTE_CASAMENTO ( EMPRESA, PRESENTE, CASAMENTO, PRECO_COMBINADO, QTD )
	VALUES ( 28573423, 'Fernando da Mota', 33, 21898.37, 848 );
INSERT INTO VENDA_PRESENTE_CASAMENTO ( EMPRESA, PRESENTE, CASAMENTO, PRECO_COMBINADO, QTD )
	VALUES ( 57769255, 'Lucas da Rosa', 73, 3437.59, 7151 );
INSERT INTO VENDA_PRESENTE_CASAMENTO ( EMPRESA, PRESENTE, CASAMENTO, PRECO_COMBINADO, QTD )
	VALUES ( 70924441, 'Lorena da Cunha', 75, 62551.52, 8001 );
INSERT INTO VENDA_PRESENTE_CASAMENTO ( EMPRESA, PRESENTE, CASAMENTO, PRECO_COMBINADO, QTD )
	VALUES ( 63596905, 'Letícia Santos', 13, 20274.12, 20511 );
INSERT INTO VENDA_PRESENTE_CASAMENTO ( EMPRESA, PRESENTE, CASAMENTO, PRECO_COMBINADO, QTD )
	VALUES ( 73393876, 'Srta. Joana Fogaça', 15, 95256.99, 22388 );
INSERT INTO VENDA_PRESENTE_CASAMENTO ( EMPRESA, PRESENTE, CASAMENTO, PRECO_COMBINADO, QTD )
	VALUES ( 32174881, 'Maitê Lopes', 28, 27694.61, 2138 );
INSERT INTO VENDA_PRESENTE_CASAMENTO ( EMPRESA, PRESENTE, CASAMENTO, PRECO_COMBINADO, QTD )
	VALUES ( 81311194, 'Emanuel Silva', 47, 86485.36, 6597 );
INSERT INTO VENDA_PRESENTE_CASAMENTO ( EMPRESA, PRESENTE, CASAMENTO, PRECO_COMBINADO, QTD )
	VALUES ( 85108614, 'Enzo Lima', 18, 23589.02, 15458 );
INSERT INTO VENDA_PRESENTE_CASAMENTO ( EMPRESA, PRESENTE, CASAMENTO, PRECO_COMBINADO, QTD )
	VALUES ( 65577004, 'Cauã Cunha', 40, 79810.53, 10577 );
INSERT INTO VENDA_PRESENTE_CASAMENTO ( EMPRESA, PRESENTE, CASAMENTO, PRECO_COMBINADO, QTD )
	VALUES ( 12613102, 'Pietro Vieira', 14, 53028.27, 25606 );
INSERT INTO VENDA_PRESENTE_CASAMENTO ( EMPRESA, PRESENTE, CASAMENTO, PRECO_COMBINADO, QTD )
	VALUES ( 12613102, 'Bernardo Almeida', 94, 75071.52, 20658 );
INSERT INTO VENDA_PRESENTE_CASAMENTO ( EMPRESA, PRESENTE, CASAMENTO, PRECO_COMBINADO, QTD )
	VALUES ( 63040117, 'Benício da Costa', 91, 66222.46, 18135 );
INSERT INTO VENDA_PRESENTE_CASAMENTO ( EMPRESA, PRESENTE, CASAMENTO, PRECO_COMBINADO, QTD )
	VALUES ( 89096218, 'Paulo Azevedo', 98, 5784.36, 21450 );
INSERT INTO VENDA_PRESENTE_CASAMENTO ( EMPRESA, PRESENTE, CASAMENTO, PRECO_COMBINADO, QTD )
	VALUES ( 44012624, 'Dr. Henrique Martins', 85, 44124.65, 18095 );
INSERT INTO VENDA_PRESENTE_CASAMENTO ( EMPRESA, PRESENTE, CASAMENTO, PRECO_COMBINADO, QTD )
	VALUES ( 78641666, 'Sr. Vitor Hugo Campos', 45, 79853.76, 18368 );
INSERT INTO VENDA_PRESENTE_CASAMENTO ( EMPRESA, PRESENTE, CASAMENTO, PRECO_COMBINADO, QTD )
	VALUES ( 82895418, 'Srta. Nina Vieira', 100, 83966.84, 25578 );
INSERT INTO VENDA_PRESENTE_CASAMENTO ( EMPRESA, PRESENTE, CASAMENTO, PRECO_COMBINADO, QTD )
	VALUES ( 69081483, 'Ana Vitória Aragão', 16, 56415.55, 23261 );
INSERT INTO VENDA_PRESENTE_CASAMENTO ( EMPRESA, PRESENTE, CASAMENTO, PRECO_COMBINADO, QTD )
	VALUES ( 16974931, 'Luana Caldeira', 50, 90433.22, 29404 );
INSERT INTO VENDA_PRESENTE_CASAMENTO ( EMPRESA, PRESENTE, CASAMENTO, PRECO_COMBINADO, QTD )
	VALUES ( 71573868, 'Maria Julia da Cruz', 55, 16352.04, 11883 );
INSERT INTO VENDA_PRESENTE_CASAMENTO ( EMPRESA, PRESENTE, CASAMENTO, PRECO_COMBINADO, QTD )
	VALUES ( 44127516, 'Isabelly da Cruz', 35, 60909.88, 22250 );
INSERT INTO VENDA_PRESENTE_CASAMENTO ( EMPRESA, PRESENTE, CASAMENTO, PRECO_COMBINADO, QTD )
	VALUES ( 80486760, 'Stephany Campos', 30, 97794.9, 6924 );
INSERT INTO VENDA_PRESENTE_CASAMENTO ( EMPRESA, PRESENTE, CASAMENTO, PRECO_COMBINADO, QTD )
	VALUES ( 60473011, 'Paulo Azevedo', 11, 69547.91, 29320 );
INSERT INTO VENDA_PRESENTE_CASAMENTO ( EMPRESA, PRESENTE, CASAMENTO, PRECO_COMBINADO, QTD )
	VALUES ( 69081483, 'Valentina da Rosa', 6, 75898.11, 9121 );
INSERT INTO VENDA_PRESENTE_CASAMENTO ( EMPRESA, PRESENTE, CASAMENTO, PRECO_COMBINADO, QTD )
	VALUES ( 77604339, 'Enrico Correia', 12, 23030.03, 14823 );
INSERT INTO VENDA_PRESENTE_CASAMENTO ( EMPRESA, PRESENTE, CASAMENTO, PRECO_COMBINADO, QTD )
	VALUES ( 69081483, 'Vitor Gabriel Cardoso,', 6, 51901.12, 875 );
INSERT INTO VENDA_PRESENTE_CASAMENTO ( EMPRESA, PRESENTE, CASAMENTO, PRECO_COMBINADO, QTD )
	VALUES ( 78641666, 'Bruna das Neves', 67, 7812.42, 4948 );
INSERT INTO VENDA_PRESENTE_CASAMENTO ( EMPRESA, PRESENTE, CASAMENTO, PRECO_COMBINADO, QTD )
	VALUES ( 78641666, 'Bruna das Neves', 8, 27702.28, 4879 );
INSERT INTO VENDA_PRESENTE_CASAMENTO ( EMPRESA, PRESENTE, CASAMENTO, PRECO_COMBINADO, QTD )
	VALUES ( 12613102, 'Stephany Campos', 92, 53282.25, 24706 );
INSERT INTO VENDA_PRESENTE_CASAMENTO ( EMPRESA, PRESENTE, CASAMENTO, PRECO_COMBINADO, QTD )
	VALUES ( 22029038, 'Sarah Jesus', 52, 19234.94, 27973 );
INSERT INTO VENDA_PRESENTE_CASAMENTO ( EMPRESA, PRESENTE, CASAMENTO, PRECO_COMBINADO, QTD )
	VALUES ( 63596905, 'Letícia Santos', 10, 84772.85, 23543 );
INSERT INTO VENDA_PRESENTE_CASAMENTO ( EMPRESA, PRESENTE, CASAMENTO, PRECO_COMBINADO, QTD )
	VALUES ( 78397337, 'Fernando da Mota', 50, 88660.27, 4694 );
INSERT INTO VENDA_PRESENTE_CASAMENTO ( EMPRESA, PRESENTE, CASAMENTO, PRECO_COMBINADO, QTD )
	VALUES ( 77604339, 'Dra. Mariane Freitas', 61, 57987.58, 4543 );
INSERT INTO VENDA_PRESENTE_CASAMENTO ( EMPRESA, PRESENTE, CASAMENTO, PRECO_COMBINADO, QTD )
	VALUES ( 69081483, 'Ana Vitória Aragão', 77, 83229.6, 26688 );
INSERT INTO VENDA_PRESENTE_CASAMENTO ( EMPRESA, PRESENTE, CASAMENTO, PRECO_COMBINADO, QTD )
	VALUES ( 26304419, 'Bryan Caldeira', 90, 98654.39, 18384 );
INSERT INTO VENDA_PRESENTE_CASAMENTO ( EMPRESA, PRESENTE, CASAMENTO, PRECO_COMBINADO, QTD )
	VALUES ( 82963330, 'Pedro Henrique Ferreira', 44, 62321.11, 2286 );
INSERT INTO VENDA_PRESENTE_CASAMENTO ( EMPRESA, PRESENTE, CASAMENTO, PRECO_COMBINADO, QTD )
	VALUES ( 52945441, 'Heitor Rocha', 28, 57562.71, 10579 );
INSERT INTO VENDA_PRESENTE_CASAMENTO ( EMPRESA, PRESENTE, CASAMENTO, PRECO_COMBINADO, QTD )
	VALUES ( 66515508, 'Clara da Costa', 14, 39792.97, 10170 );
INSERT INTO VENDA_PRESENTE_CASAMENTO ( EMPRESA, PRESENTE, CASAMENTO, PRECO_COMBINADO, QTD )
	VALUES ( 85108614, 'Yago Teixeira', 55, 30158.23, 8555 );
INSERT INTO VENDA_PRESENTE_CASAMENTO ( EMPRESA, PRESENTE, CASAMENTO, PRECO_COMBINADO, QTD )
	VALUES ( 63010126, 'Nathan da Conceição', 20, 31709.01, 26847 );
INSERT INTO VENDA_PRESENTE_CASAMENTO ( EMPRESA, PRESENTE, CASAMENTO, PRECO_COMBINADO, QTD )
	VALUES ( 21866502, 'Calebe Costa', 60, 66068.56, 10709 );
INSERT INTO VENDA_PRESENTE_CASAMENTO ( EMPRESA, PRESENTE, CASAMENTO, PRECO_COMBINADO, QTD )
	VALUES ( 21866502, 'Calebe Costa', 23, 67203.67, 10746 );
INSERT INTO VENDA_PRESENTE_CASAMENTO ( EMPRESA, PRESENTE, CASAMENTO, PRECO_COMBINADO, QTD )
	VALUES ( 33616062, 'Sra. Luna Silveira', 17, 86890.43, 10264 );
INSERT INTO VENDA_PRESENTE_CASAMENTO ( EMPRESA, PRESENTE, CASAMENTO, PRECO_COMBINADO, QTD )
	VALUES ( 74317009, 'Francisco Cunha', 34, 53459.83, 31369 );
INSERT INTO VENDA_PRESENTE_CASAMENTO ( EMPRESA, PRESENTE, CASAMENTO, PRECO_COMBINADO, QTD )
	VALUES ( 60473011, 'Paulo Azevedo', 82, 23253.97, 31417 );

END TRANSACTION;
